2026-05-17T00:59:36.881+0530 [DEBUG] [org.gradle.launcher.daemon.bootstrap.DaemonMain] Assuming the daemon was started with following jvm opts: [-Xmx2048m, -Dfile.encoding=UTF-8, -Duser.country=IN, -Duser.language=en, -Duser.variant]
2026-05-17T00:59:37.047+0530 [DEBUG] [org.gradle.internal.remote.internal.inet.InetAddresses] Adding IP addresses for network interface Realtek Gaming GbE Family Controller-WFP Native MAC Layer LightWeight Filter-0000
2026-05-17T00:59:37.048+0530 [DEBUG] [org.gradle.internal.remote.internal.inet.InetAddresses] Is this a loopback interface? false
2026-05-17T00:59:37.048+0530 [DEBUG] [org.gradle.internal.remote.internal.inet.InetAddresses] Adding IP addresses for network interface Realtek Gaming GbE Family Controller-Realtek NDIS LightWeight Filter (NDIS 6.40)-0000
2026-05-17T00:59:37.049+0530 [DEBUG] [org.gradle.internal.remote.internal.inet.InetAddresses] Is this a loopback interface? false
2026-05-17T00:59:37.049+0530 [DEBUG] [org.gradle.internal.remote.internal.inet.InetAddresses] Adding IP addresses for network interface Realtek Gaming GbE Family Controller-QoS Packet Scheduler-0000
2026-05-17T00:59:37.049+0530 [DEBUG] [org.gradle.internal.remote.internal.inet.InetAddresses] Is this a loopback interface? false
2026-05-17T00:59:37.050+0530 [DEBUG] [org.gradle.internal.remote.internal.inet.InetAddresses] Adding IP addresses for network interface Realtek Gaming GbE Family Controller-WFP 802.3 MAC Layer LightWeight Filter-0000
2026-05-17T00:59:37.050+0530 [DEBUG] [org.gradle.internal.remote.internal.inet.InetAddresses] Is this a loopback interface? false
2026-05-17T00:59:37.050+0530 [DEBUG] [org.gradle.internal.remote.internal.inet.InetAddresses] Adding IP addresses for network interface WAN Miniport (IPv6)-WFP Native MAC Layer LightWeight Filter-0000
2026-05-17T00:59:37.050+0530 [DEBUG] [org.gradle.internal.remote.internal.inet.InetAddresses] Is this a loopback interface? false
2026-05-17T00:59:37.051+0530 [DEBUG] [org.gradle.internal.remote.internal.inet.InetAddresses] Adding IP addresses for network interface WAN Miniport (IPv6)-Realtek NDIS LightWeight Filter (NDIS 6.40)-0000
2026-05-17T00:59:37.051+0530 [DEBUG] [org.gradle.internal.remote.internal.inet.InetAddresses] Is this a loopback interface? false
2026-05-17T00:59:37.051+0530 [DEBUG] [org.gradle.internal.remote.internal.inet.InetAddresses] Adding IP addresses for network interface WAN Miniport (IPv6)-QoS Packet Scheduler-0000
2026-05-17T00:59:37.051+0530 [DEBUG] [org.gradle.internal.remote.internal.inet.InetAddresses] Is this a loopback interface? false
2026-05-17T00:59:37.051+0530 [DEBUG] [org.gradle.internal.remote.internal.inet.InetAddresses] Adding IP addresses for network interface WAN Miniport (Network Monitor)-WFP Native MAC Layer LightWeight Filter-0000
2026-05-17T00:59:37.052+0530 [DEBUG] [org.gradle.internal.remote.internal.inet.InetAddresses] Is this a loopback interface? false
2026-05-17T00:59:37.052+0530 [DEBUG] [org.gradle.internal.remote.internal.inet.InetAddresses] Adding IP addresses for network interface WAN Miniport (Network Monitor)-Realtek NDIS LightWeight Filter (NDIS 6.40)-0000
2026-05-17T00:59:37.052+0530 [DEBUG] [org.gradle.internal.remote.internal.inet.InetAddresses] Is this a loopback interface? false
2026-05-17T00:59:37.052+0530 [DEBUG] [org.gradle.internal.remote.internal.inet.InetAddresses] Adding IP addresses for network interface WAN Miniport (Network Monitor)-QoS Packet Scheduler-0000
2026-05-17T00:59:37.052+0530 [DEBUG] [org.gradle.internal.remote.internal.inet.InetAddresses] Is this a loopback interface? false
2026-05-17T00:59:37.053+0530 [DEBUG] [org.gradle.internal.remote.internal.inet.InetAddresses] Adding IP addresses for network interface Bluetooth Device (Personal Area Network)
2026-05-17T00:59:37.053+0530 [DEBUG] [org.gradle.internal.remote.internal.inet.InetAddresses] Is this a loopback interface? false
2026-05-17T00:59:37.053+0530 [DEBUG] [org.gradle.internal.remote.internal.inet.InetAddresses] Adding IP addresses for network interface Microsoft Kernel Debug Network Adapter
2026-05-17T00:59:37.053+0530 [DEBUG] [org.gradle.internal.remote.internal.inet.InetAddresses] Is this a loopback interface? false
2026-05-17T00:59:37.053+0530 [DEBUG] [org.gradle.internal.remote.internal.inet.InetAddresses] Adding IP addresses for network interface Realtek Gaming GbE Family Controller
2026-05-17T00:59:37.054+0530 [DEBUG] [org.gradle.internal.remote.internal.inet.InetAddresses] Is this a loopback interface? false
2026-05-17T00:59:37.054+0530 [DEBUG] [org.gradle.internal.remote.internal.inet.InetAddresses] Adding remote address /fe80:0:0:0:7631:b38c:9b4e:aeb1%ethernet_32770
2026-05-17T00:59:37.054+0530 [DEBUG] [org.gradle.internal.remote.internal.inet.InetAddresses] Adding IP addresses for network interface WAN Miniport (IP)
2026-05-17T00:59:37.055+0530 [DEBUG] [org.gradle.internal.remote.internal.inet.InetAddresses] Is this a loopback interface? false
2026-05-17T00:59:37.055+0530 [DEBUG] [org.gradle.internal.remote.internal.inet.InetAddresses] Adding IP addresses for network interface WAN Miniport (IPv6)
2026-05-17T00:59:37.055+0530 [DEBUG] [org.gradle.internal.remote.internal.inet.InetAddresses] Is this a loopback interface? false
2026-05-17T00:59:37.055+0530 [DEBUG] [org.gradle.internal.remote.internal.inet.InetAddresses] Adding IP addresses for network interface WAN Miniport (Network Monitor)
2026-05-17T00:59:37.055+0530 [DEBUG] [org.gradle.internal.remote.internal.inet.InetAddresses] Is this a loopback interface? false
2026-05-17T00:59:37.055+0530 [DEBUG] [org.gradle.internal.remote.internal.inet.InetAddresses] Adding IP addresses for network interface Remote NDIS based Internet Sharing Device
2026-05-17T00:59:37.056+0530 [DEBUG] [org.gradle.internal.remote.internal.inet.InetAddresses] Is this a loopback interface? false
2026-05-17T00:59:37.056+0530 [DEBUG] [org.gradle.internal.remote.internal.inet.InetAddresses] Adding IP addresses for network interface WAN Miniport (PPPOE)
2026-05-17T00:59:37.056+0530 [DEBUG] [org.gradle.internal.remote.internal.inet.InetAddresses] Is this a loopback interface? false
2026-05-17T00:59:37.056+0530 [DEBUG] [org.gradle.internal.remote.internal.inet.InetAddresses] Adding IP addresses for network interface Software Loopback Interface 1
2026-05-17T00:59:37.056+0530 [DEBUG] [org.gradle.internal.remote.internal.inet.InetAddresses] Is this a loopback interface? true
2026-05-17T00:59:37.057+0530 [DEBUG] [org.gradle.internal.remote.internal.inet.InetAddresses] Adding loopback address /0:0:0:0:0:0:0:1
2026-05-17T00:59:37.057+0530 [DEBUG] [org.gradle.internal.remote.internal.inet.InetAddresses] Adding loopback address /127.0.0.1
2026-05-17T00:59:37.057+0530 [DEBUG] [org.gradle.internal.remote.internal.inet.InetAddresses] Adding IP addresses for network interface TAP-Windows Adapter V9-WFP Native MAC Layer LightWeight Filter-0000
2026-05-17T00:59:37.058+0530 [DEBUG] [org.gradle.internal.remote.internal.inet.InetAddresses] Is this a loopback interface? false
2026-05-17T00:59:37.059+0530 [DEBUG] [org.gradle.internal.remote.internal.inet.InetAddresses] Adding IP addresses for network interface TAP-Windows Adapter V9-Realtek NDIS LightWeight Filter (NDIS 6.40)-0000
2026-05-17T00:59:37.060+0530 [DEBUG] [org.gradle.internal.remote.internal.inet.InetAddresses] Is this a loopback interface? false
2026-05-17T00:59:37.060+0530 [DEBUG] [org.gradle.internal.remote.internal.inet.InetAddresses] Adding IP addresses for network interface TAP-Windows Adapter V9-QoS Packet Scheduler-0000
2026-05-17T00:59:37.060+0530 [DEBUG] [org.gradle.internal.remote.internal.inet.InetAddresses] Is this a loopback interface? false
2026-05-17T00:59:37.061+0530 [DEBUG] [org.gradle.internal.remote.internal.inet.InetAddresses] Adding IP addresses for network interface TAP-Windows Adapter V9-WFP 802.3 MAC Layer LightWeight Filter-0000
2026-05-17T00:59:37.061+0530 [DEBUG] [org.gradle.internal.remote.internal.inet.InetAddresses] Is this a loopback interface? false
2026-05-17T00:59:37.061+0530 [DEBUG] [org.gradle.internal.remote.internal.inet.InetAddresses] Adding IP addresses for network interface TAP-Windows Adapter V9
2026-05-17T00:59:37.062+0530 [DEBUG] [org.gradle.internal.remote.internal.inet.InetAddresses] Is this a loopback interface? false
2026-05-17T00:59:37.062+0530 [DEBUG] [org.gradle.internal.remote.internal.inet.InetAddresses] Adding remote address /fe80:0:0:0:d9:acd9:aa4d:6235%iftype53_32768
2026-05-17T00:59:37.063+0530 [DEBUG] [org.gradle.internal.remote.internal.inet.InetAddresses] Adding IP addresses for network interface Realtek 8852BE-VT Wireless LAN WiFi 6 PCI-E NIC-WFP Native MAC Layer LightWeight Filter-0000
2026-05-17T00:59:37.063+0530 [DEBUG] [org.gradle.internal.remote.internal.inet.InetAddresses] Is this a loopback interface? false
2026-05-17T00:59:37.063+0530 [DEBUG] [org.gradle.internal.remote.internal.inet.InetAddresses] Adding IP addresses for network interface Realtek 8852BE-VT Wireless LAN WiFi 6 PCI-E NIC-Native WiFi Filter Driver-0000
2026-05-17T00:59:37.063+0530 [DEBUG] [org.gradle.internal.remote.internal.inet.InetAddresses] Is this a loopback interface? false
2026-05-17T00:59:37.064+0530 [DEBUG] [org.gradle.internal.remote.internal.inet.InetAddresses] Adding IP addresses for network interface Realtek 8852BE-VT Wireless LAN WiFi 6 PCI-E NIC-Realtek NDIS LightWeight Filter (NDIS 6.40)-0000
2026-05-17T00:59:37.064+0530 [DEBUG] [org.gradle.internal.remote.internal.inet.InetAddresses] Is this a loopback interface? false
2026-05-17T00:59:37.065+0530 [DEBUG] [org.gradle.internal.remote.internal.inet.InetAddresses] Adding IP addresses for network interface Realtek 8852BE-VT Wireless LAN WiFi 6 PCI-E NIC-QoS Packet Scheduler-0000
2026-05-17T00:59:37.065+0530 [DEBUG] [org.gradle.internal.remote.internal.inet.InetAddresses] Is this a loopback interface? false
2026-05-17T00:59:37.065+0530 [DEBUG] [org.gradle.internal.remote.internal.inet.InetAddresses] Adding IP addresses for network interface Realtek 8852BE-VT Wireless LAN WiFi 6 PCI-E NIC-WFP 802.3 MAC Layer LightWeight Filter-0000
2026-05-17T00:59:37.066+0530 [DEBUG] [org.gradle.internal.remote.internal.inet.InetAddresses] Is this a loopback interface? false
2026-05-17T00:59:37.067+0530 [DEBUG] [org.gradle.internal.remote.internal.inet.InetAddresses] Adding IP addresses for network interface Realtek 8852BE-VT Wireless LAN WiFi 6 PCI-E NIC #3-WFP Native MAC Layer LightWeight Filter-0000
2026-05-17T00:59:37.067+0530 [DEBUG] [org.gradle.internal.remote.internal.inet.InetAddresses] Is this a loopback interface? false
2026-05-17T00:59:37.068+0530 [DEBUG] [org.gradle.internal.remote.internal.inet.InetAddresses] Adding IP addresses for network interface Realtek 8852BE-VT Wireless LAN WiFi 6 PCI-E NIC #3-Native WiFi Filter Driver-0000
2026-05-17T00:59:37.068+0530 [DEBUG] [org.gradle.internal.remote.internal.inet.InetAddresses] Is this a loopback interface? false
2026-05-17T00:59:37.068+0530 [DEBUG] [org.gradle.internal.remote.internal.inet.InetAddresses] Adding IP addresses for network interface Realtek 8852BE-VT Wireless LAN WiFi 6 PCI-E NIC #3-Realtek NDIS LightWeight Filter (NDIS 6.40)-0000
2026-05-17T00:59:37.069+0530 [DEBUG] [org.gradle.internal.remote.internal.inet.InetAddresses] Is this a loopback interface? false
2026-05-17T00:59:37.069+0530 [DEBUG] [org.gradle.internal.remote.internal.inet.InetAddresses] Adding IP addresses for network interface Realtek 8852BE-VT Wireless LAN WiFi 6 PCI-E NIC #3-QoS Packet Scheduler-0000
2026-05-17T00:59:37.069+0530 [DEBUG] [org.gradle.internal.remote.internal.inet.InetAddresses] Is this a loopback interface? false
2026-05-17T00:59:37.070+0530 [DEBUG] [org.gradle.internal.remote.internal.inet.InetAddresses] Adding IP addresses for network interface Realtek 8852BE-VT Wireless LAN WiFi 6 PCI-E NIC #3-WFP 802.3 MAC Layer LightWeight Filter-0000
2026-05-17T00:59:37.070+0530 [DEBUG] [org.gradle.internal.remote.internal.inet.InetAddresses] Is this a loopback interface? false
2026-05-17T00:59:37.070+0530 [DEBUG] [org.gradle.internal.remote.internal.inet.InetAddresses] Adding IP addresses for network interface Realtek 8852BE-VT Wireless LAN WiFi 6 PCI-E NIC #4-WFP Native MAC Layer LightWeight Filter-0000
2026-05-17T00:59:37.071+0530 [DEBUG] [org.gradle.internal.remote.internal.inet.InetAddresses] Is this a loopback interface? false
2026-05-17T00:59:37.071+0530 [DEBUG] [org.gradle.internal.remote.internal.inet.InetAddresses] Adding IP addresses for network interface Realtek 8852BE-VT Wireless LAN WiFi 6 PCI-E NIC #4-Native WiFi Filter Driver-0000
2026-05-17T00:59:37.071+0530 [DEBUG] [org.gradle.internal.remote.internal.inet.InetAddresses] Is this a loopback interface? false
2026-05-17T00:59:37.071+0530 [DEBUG] [org.gradle.internal.remote.internal.inet.InetAddresses] Adding IP addresses for network interface Realtek 8852BE-VT Wireless LAN WiFi 6 PCI-E NIC #4-Realtek NDIS LightWeight Filter (NDIS 6.40)-0000
2026-05-17T00:59:37.072+0530 [DEBUG] [org.gradle.internal.remote.internal.inet.InetAddresses] Is this a loopback interface? false
2026-05-17T00:59:37.072+0530 [DEBUG] [org.gradle.internal.remote.internal.inet.InetAddresses] Adding IP addresses for network interface Realtek 8852BE-VT Wireless LAN WiFi 6 PCI-E NIC #4-QoS Packet Scheduler-0000
2026-05-17T00:59:37.072+0530 [DEBUG] [org.gradle.internal.remote.internal.inet.InetAddresses] Is this a loopback interface? false
2026-05-17T00:59:37.072+0530 [DEBUG] [org.gradle.internal.remote.internal.inet.InetAddresses] Adding IP addresses for network interface Realtek 8852BE-VT Wireless LAN WiFi 6 PCI-E NIC #4-WFP 802.3 MAC Layer LightWeight Filter-0000
2026-05-17T00:59:37.073+0530 [DEBUG] [org.gradle.internal.remote.internal.inet.InetAddresses] Is this a loopback interface? false
2026-05-17T00:59:37.073+0530 [DEBUG] [org.gradle.internal.remote.internal.inet.InetAddresses] Adding IP addresses for network interface Realtek 8852BE-VT Wireless LAN WiFi 6 PCI-E NIC
2026-05-17T00:59:37.073+0530 [DEBUG] [org.gradle.internal.remote.internal.inet.InetAddresses] Is this a loopback interface? false
2026-05-17T00:59:37.074+0530 [DEBUG] [org.gradle.internal.remote.internal.inet.InetAddresses] Adding remote address /fe80:0:0:0:e007:4d90:da9e:c2e4%wireless_32768
2026-05-17T00:59:37.074+0530 [DEBUG] [org.gradle.internal.remote.internal.inet.InetAddresses] Adding remote address /2409:40f2:29:3a6f:f544:b5e1:fb1c:6291
2026-05-17T00:59:37.074+0530 [DEBUG] [org.gradle.internal.remote.internal.inet.InetAddresses] Adding remote address /2409:40f2:29:3a6f:607c:54ce:8580:3532
2026-05-17T00:59:37.075+0530 [DEBUG] [org.gradle.internal.remote.internal.inet.InetAddresses] Adding remote address /10.220.219.61
2026-05-17T00:59:37.075+0530 [DEBUG] [org.gradle.internal.remote.internal.inet.InetAddresses] Adding IP addresses for network interface Realtek 8852BE-VT Wireless LAN WiFi 6 PCI-E NIC #2
2026-05-17T00:59:37.075+0530 [DEBUG] [org.gradle.internal.remote.internal.inet.InetAddresses] Is this a loopback interface? false
2026-05-17T00:59:37.075+0530 [DEBUG] [org.gradle.internal.remote.internal.inet.InetAddresses] Adding IP addresses for network interface Realtek 8852BE-VT Wireless LAN WiFi 6 PCI-E NIC #3
2026-05-17T00:59:37.075+0530 [DEBUG] [org.gradle.internal.remote.internal.inet.InetAddresses] Is this a loopback interface? false
2026-05-17T00:59:37.076+0530 [DEBUG] [org.gradle.internal.remote.internal.inet.InetAddresses] Adding remote address /fe80:0:0:0:8686:8cb0:dec6:e426%wireless_32770
2026-05-17T00:59:37.076+0530 [DEBUG] [org.gradle.internal.remote.internal.inet.InetAddresses] Adding IP addresses for network interface Realtek 8852BE-VT Wireless LAN WiFi 6 PCI-E NIC #4
2026-05-17T00:59:37.076+0530 [DEBUG] [org.gradle.internal.remote.internal.inet.InetAddresses] Is this a loopback interface? false
2026-05-17T00:59:37.076+0530 [DEBUG] [org.gradle.internal.remote.internal.inet.InetAddresses] Adding remote address /fe80:0:0:0:b506:caf7:6ac8:2021%wireless_32771
2026-05-17T00:59:37.077+0530 [DEBUG] [org.gradle.internal.remote.internal.inet.InetAddresses] Adding IP addresses for network interface Realtek 8852BE-VT Wireless LAN WiFi 6 PCI-E NIC #5
2026-05-17T00:59:37.077+0530 [DEBUG] [org.gradle.internal.remote.internal.inet.InetAddresses] Is this a loopback interface? false
2026-05-17T00:59:37.077+0530 [DEBUG] [org.gradle.internal.remote.internal.inet.InetAddresses] Adding IP addresses for network interface Microsoft Teredo Tunneling Adapter
2026-05-17T00:59:37.077+0530 [DEBUG] [org.gradle.internal.remote.internal.inet.InetAddresses] Is this a loopback interface? false
2026-05-17T00:59:37.077+0530 [DEBUG] [org.gradle.internal.remote.internal.inet.InetAddresses] Adding IP addresses for network interface Microsoft IP-HTTPS Platform Adapter
2026-05-17T00:59:37.078+0530 [DEBUG] [org.gradle.internal.remote.internal.inet.InetAddresses] Is this a loopback interface? false
2026-05-17T00:59:37.078+0530 [DEBUG] [org.gradle.internal.remote.internal.inet.InetAddresses] Adding IP addresses for network interface Microsoft 6to4 Adapter
2026-05-17T00:59:37.078+0530 [DEBUG] [org.gradle.internal.remote.internal.inet.InetAddresses] Is this a loopback interface? false
2026-05-17T00:59:37.078+0530 [DEBUG] [org.gradle.internal.remote.internal.inet.InetAddresses] Adding IP addresses for network interface WAN Miniport (SSTP)
2026-05-17T00:59:37.078+0530 [DEBUG] [org.gradle.internal.remote.internal.inet.InetAddresses] Is this a loopback interface? false
2026-05-17T00:59:37.078+0530 [DEBUG] [org.gradle.internal.remote.internal.inet.InetAddresses] Adding IP addresses for network interface WAN Miniport (IKEv2)
2026-05-17T00:59:37.078+0530 [DEBUG] [org.gradle.internal.remote.internal.inet.InetAddresses] Is this a loopback interface? false
2026-05-17T00:59:37.079+0530 [DEBUG] [org.gradle.internal.remote.internal.inet.InetAddresses] Adding IP addresses for network interface WAN Miniport (L2TP)
2026-05-17T00:59:37.079+0530 [DEBUG] [org.gradle.internal.remote.internal.inet.InetAddresses] Is this a loopback interface? false
2026-05-17T00:59:37.079+0530 [DEBUG] [org.gradle.internal.remote.internal.inet.InetAddresses] Adding IP addresses for network interface WAN Miniport (PPTP)
2026-05-17T00:59:37.079+0530 [DEBUG] [org.gradle.internal.remote.internal.inet.InetAddresses] Is this a loopback interface? false
2026-05-17T00:59:37.123+0530 [INFO] [org.gradle.launcher.daemon.server.Daemon] start() called on daemon - DefaultDaemonContext[uid=293127d5-5cad-41b6-b559-89d81bf71abb,javaHome=C:\Program Files\Android\Android Studio\jbr,javaVersion=21,javaVendor=JetBrains s.r.o.,daemonRegistryDir=C:\Users\HP\OneDrive\Desktop\Rajesh folder\daemon,pid=28808,idleTimeout=10800000,priority=NORMAL,applyInstrumentationAgent=true,nativeServicesMode=ENABLED,daemonOpts=-Xmx2048m,-Dfile.encoding=UTF-8,-Duser.country=IN,-Duser.language=en,-Duser.variant]
2026-05-17T00:59:37.173+0530 [DEBUG] [org.gradle.internal.remote.internal.inet.TcpIncomingConnector] Listening on [bf9560a8-3386-41da-9b73-86f9d79e54da port:58339, addresses:[localhost/127.0.0.1]].
2026-05-17T00:59:37.198+0530 [DEBUG] [org.gradle.launcher.daemon.server.Daemon] Daemon starting at: Sun May 17 00:59:37 IST 2026, with address: [bf9560a8-3386-41da-9b73-86f9d79e54da port:58339, addresses:[localhost/127.0.0.1]]
2026-05-17T00:59:37.198+0530 [INFO] [org.gradle.launcher.daemon.server.DaemonRegistryUpdater] Advertising the daemon address to the clients: [bf9560a8-3386-41da-9b73-86f9d79e54da port:58339, addresses:[localhost/127.0.0.1]]
2026-05-17T00:59:37.198+0530 [DEBUG] [org.gradle.launcher.daemon.server.DaemonRegistryUpdater] Advertised daemon context: DefaultDaemonContext[uid=293127d5-5cad-41b6-b559-89d81bf71abb,javaHome=C:\Program Files\Android\Android Studio\jbr,javaVersion=21,javaVendor=JetBrains s.r.o.,daemonRegistryDir=C:\Users\HP\OneDrive\Desktop\Rajesh folder\daemon,pid=28808,idleTimeout=10800000,priority=NORMAL,applyInstrumentationAgent=true,nativeServicesMode=ENABLED,daemonOpts=-Xmx2048m,-Dfile.encoding=UTF-8,-Duser.country=IN,-Duser.language=en,-Duser.variant]
2026-05-17T00:59:37.199+0530 [DEBUG] [org.gradle.launcher.daemon.registry.PersistentDaemonRegistry] Storing daemon address: [bf9560a8-3386-41da-9b73-86f9d79e54da port:58339, addresses:[localhost/127.0.0.1]], context: DefaultDaemonContext[uid=293127d5-5cad-41b6-b559-89d81bf71abb,javaHome=C:\Program Files\Android\Android Studio\jbr,javaVersion=21,javaVendor=JetBrains s.r.o.,daemonRegistryDir=C:\Users\HP\OneDrive\Desktop\Rajesh folder\daemon,pid=28808,idleTimeout=10800000,priority=NORMAL,applyInstrumentationAgent=true,nativeServicesMode=ENABLED,daemonOpts=-Xmx2048m,-Dfile.encoding=UTF-8,-Duser.country=IN,-Duser.language=en,-Duser.variant]
2026-05-17T00:59:37.209+0530 [DEBUG] [org.gradle.cache.internal.DefaultFileLockManager] Waiting to acquire exclusive lock on daemon addresses registry.
2026-05-17T00:59:37.214+0530 [DEBUG] [org.gradle.cache.internal.DefaultFileLockManager] Lock acquired on daemon addresses registry.
2026-05-17T00:59:37.221+0530 [DEBUG] [org.gradle.cache.internal.DefaultFileLockManager] Releasing lock on daemon addresses registry.
2026-05-17T00:59:37.221+0530 [LIFECYCLE] [org.gradle.launcher.daemon.server.Daemon] Daemon server started.
2026-05-17T00:59:37.223+0530 [DEBUG] [org.gradle.launcher.daemon.bootstrap.DaemonStartupCommunication] Completed writing the daemon greeting. Closing streams...
2026-05-17T00:59:37.235+0530 [DEBUG] [org.gradle.launcher.daemon.server.Daemon] stopOnExpiration() called on daemon
2026-05-17T00:59:37.236+0530 [DEBUG] [org.gradle.internal.remote.internal.inet.TcpIncomingConnector] Accepted connection from /127.0.0.1:58340 to /127.0.0.1:58339.
2026-05-17T00:59:37.236+0530 [DEBUG] [org.gradle.launcher.daemon.server.Daemon] awaitExpiration() called on daemon
2026-05-17T00:59:37.237+0530 [DEBUG] [org.gradle.launcher.daemon.server.DaemonStateCoordinator] daemon is running. Sleeping until state changes.
2026-05-17T00:59:37.309+0530 [DEBUG] [org.gradle.launcher.daemon.server.SynchronizedDispatchConnection] thread 32: received class org.gradle.launcher.daemon.protocol.Build
2026-05-17T00:59:37.309+0530 [DEBUG] [org.gradle.launcher.daemon.server.DefaultDaemonConnection] thread 32: Received non-IO message from client: Build{id=2f9d2501-2641-402d-a01e-b8e78dfba90b, currentDir=C:\Users\HP\OneDrive\Desktop\kulli file}
2026-05-17T00:59:37.309+0530 [INFO] [org.gradle.launcher.daemon.server.DefaultIncomingConnectionHandler] Received command: Build{id=2f9d2501-2641-402d-a01e-b8e78dfba90b, currentDir=C:\Users\HP\OneDrive\Desktop\kulli file}.
2026-05-17T00:59:37.309+0530 [DEBUG] [org.gradle.launcher.daemon.server.DefaultIncomingConnectionHandler] Starting executing command: Build{id=2f9d2501-2641-402d-a01e-b8e78dfba90b, currentDir=C:\Users\HP\OneDrive\Desktop\kulli file} with connection: socket connection from /127.0.0.1:58339 to /127.0.0.1:58340.
2026-05-17T00:59:37.319+0530 [DEBUG] [org.gradle.launcher.daemon.server.DaemonStateCoordinator] Command execution: started DaemonCommandExecution[command = Build{id=2f9d2501-2641-402d-a01e-b8e78dfba90b, currentDir=C:\Users\HP\OneDrive\Desktop\kulli file}, connection = DefaultDaemonConnection: socket connection from /127.0.0.1:58339 to /127.0.0.1:58340] after 0.0024166666666666664 minutes of idle
2026-05-17T00:59:37.320+0530 [INFO] [org.gradle.launcher.daemon.server.DaemonRegistryUpdater] Marking the daemon as busy, address: [bf9560a8-3386-41da-9b73-86f9d79e54da port:58339, addresses:[localhost/127.0.0.1]]
2026-05-17T00:59:37.320+0530 [DEBUG] [org.gradle.launcher.daemon.registry.PersistentDaemonRegistry] Marking busy by address: [bf9560a8-3386-41da-9b73-86f9d79e54da port:58339, addresses:[localhost/127.0.0.1]]
2026-05-17T00:59:37.326+0530 [DEBUG] [org.gradle.cache.internal.DefaultFileLockManager] Waiting to acquire exclusive lock on daemon addresses registry.
2026-05-17T00:59:37.328+0530 [DEBUG] [org.gradle.cache.internal.DefaultFileLockManager] Lock acquired on daemon addresses registry.
2026-05-17T00:59:37.330+0530 [DEBUG] [org.gradle.cache.internal.DefaultFileLockManager] Releasing lock on daemon addresses registry.
2026-05-17T00:59:37.330+0530 [DEBUG] [org.gradle.launcher.daemon.server.DaemonStateCoordinator] resetting idle timer
2026-05-17T00:59:37.330+0530 [DEBUG] [org.gradle.launcher.daemon.server.DaemonStateCoordinator] daemon is running. Sleeping until state changes.
2026-05-17T00:59:37.332+0530 [INFO] [org.gradle.launcher.daemon.server.exec.StartBuildOrRespondWithBusy] Daemon is about to start building Build{id=2f9d2501-2641-402d-a01e-b8e78dfba90b, currentDir=C:\Users\HP\OneDrive\Desktop\kulli file}. Dispatching build started information...
2026-05-17T00:59:37.333+0530 [DEBUG] [org.gradle.launcher.daemon.server.SynchronizedDispatchConnection] thread 41: dispatching org.gradle.launcher.daemon.protocol.BuildStarted@7b6bb1a2
2026-05-17T00:59:37.336+0530 [DEBUG] [org.gradle.launcher.daemon.server.exec.EstablishBuildEnvironment] Configuring env variables: [USERDOMAIN_ROAMINGPROFILE, LOCALAPPDATA, PROCESSOR_LEVEL, RegionCode, USERDOMAIN, LOGONSERVER, SESSIONNAME, ALLUSERSPROFILE, PROCESSOR_ARCHITECTURE, AMDRMSDKPATH, PSModulePath, SystemDrive, OneDrive, APPDATA, USERNAME, ProgramFiles(x86), CommonProgramFiles, Path, PATHEXT, DriverData, OS, COMPUTERNAME, OnlineServices, EFC_10680_4126798990, PROCESSOR_REVISION, platformcode, CommonProgramW6432, ComSpec, ProgramData, ProgramW6432, TEMP, HOMEPATH, SystemRoot, PROCESSOR_IDENTIFIER, HOMEDRIVE, USERPROFILE, TMP, CommonProgramFiles(x86), ProgramFiles, PUBLIC, windir, NUMBER_OF_PROCESSORS, EFC_10680_1592913036, =::]
2026-05-17T00:59:37.342+0530 [DEBUG] [org.gradle.launcher.daemon.server.exec.LogToClient] About to start relaying all logs to the client via the connection.
2026-05-17T00:59:37.342+0530 [INFO] [org.gradle.launcher.daemon.server.exec.LogToClient] The client will now receive all logging from the daemon (pid: 28808). The daemon log file: C:\Users\HP\OneDrive\Desktop\Rajesh folder\daemon\9.4.1\daemon-28808.out.log
2026-05-17T00:59:37.344+0530 [INFO] [org.gradle.launcher.daemon.server.exec.LogAndCheckHealth] Starting build in new daemon [memory: 2 GiB]
2026-05-17T00:59:37.350+0530 [DEBUG] [org.gradle.launcher.daemon.server.exec.ExecuteBuild] The daemon has started executing the build.
2026-05-17T00:59:37.350+0530 [DEBUG] [org.gradle.launcher.daemon.server.exec.ExecuteBuild] Executing build with daemon context: DefaultDaemonContext[uid=293127d5-5cad-41b6-b559-89d81bf71abb,javaHome=C:\Program Files\Android\Android Studio\jbr,javaVersion=21,javaVendor=JetBrains s.r.o.,daemonRegistryDir=C:\Users\HP\OneDrive\Desktop\Rajesh folder\daemon,pid=28808,idleTimeout=10800000,priority=NORMAL,applyInstrumentationAgent=true,nativeServicesMode=ENABLED,daemonOpts=-Xmx2048m,-Dfile.encoding=UTF-8,-Duser.country=IN,-Duser.language=en,-Duser.variant]
Calculating task graph as no cached configuration is available for tasks: :app:assembleDebug
AGPBI: {"kind":"warning","text":"The option setting 'android.builtInKotlin=false' is deprecated.\nThe current default is 'true'.\nIt will be removed in version 10.0 of the Android Gradle plugin.","sources":[{}]}
AGPBI: {"kind":"warning","text":"The option setting 'android.newDsl=false' is deprecated.\nThe current default is 'true'.\nIt will be removed in version 10.0 of the Android Gradle plugin.","sources":[{}]}
w: file:///C:/Users/HP/OneDrive/Desktop/kulli%20file/app/build.gradle.kts:6:1: 'fun Project.android(configure: Action<BaseAppModuleExtension>): Unit' is deprecated. Replaced by com.android.build.api.dsl.ApplicationExtension.
This class is not used for the public extensions in AGP when android.newDsl=true, which is the default in AGP 9.0, and will be removed in AGP 10.0.
e: file:///C:/Users/HP/OneDrive/Desktop/kulli%20file/app/build.gradle.kts:29:5: None of the following candidates is applicable:

fun DependencyHandler.kotlin(module: String, version: String? = ...): Any:
  Unresolved reference. None of the following candidates is applicable because of a receiver type mismatch:
fun DependencyHandler.kotlin(module: String, version: String? = ...): Any

fun PluginDependenciesSpec.kotlin(module: String): PluginDependencySpec:
  Unresolved reference. None of the following candidates is applicable because of a receiver type mismatch:
fun PluginDependenciesSpec.kotlin(module: String): PluginDependencySpec
e: file:///C:/Users/HP/OneDrive/Desktop/kulli%20file/app/build.gradle.kts:30:9: Unresolved reference 'compilerOptions'.
e: file:///C:/Users/HP/OneDrive/Desktop/kulli%20file/app/build.gradle.kts:31:13: Unresolved reference 'jvmTarget'.

FAILURE: Build failed with an exception.

* Where:
Build file 'C:\Users\HP\OneDrive\Desktop\kulli file\app\build.gradle.kts' line: 6

* What went wrong:
Script compilation errors:

  Line 06: android {
           ^ 'fun Project.android(configure: Action<BaseAppModuleExtension>): Unit' is deprecated. Replaced by com.android.build.api.dsl.ApplicationExtension.
               This class is not used for the public extensions in AGP when android.newDsl=true, which is the default in AGP 9.0, and will be removed in AGP 10.0.

  Line 29:     kotlin {
               ^ None of the following candidates is applicable:
                 
                   fun DependencyHandler.kotlin(module: String, version: String? = ...): Any:
                     Unresolved reference. None of the following candidates is applicable because of a receiver type mismatch:
                   fun DependencyHandler.kotlin(module: String, version: String? = ...): Any
                 
                   fun PluginDependenciesSpec.kotlin(module: String): PluginDependencySpec:
                     Unresolved reference. None of the following candidates is applicable because of a receiver type mismatch:
                   fun PluginDependenciesSpec.kotlin(module: String): PluginDependencySpec

  Line 30:         compilerOptions {
                   ^ Unresolved reference 'compilerOptions'.

  Line 31:             jvmTarget.set(org.jetbrains.kotlin.gradle.dsl.JvmTarget.JVM_11)
                       ^ Unresolved reference 'jvmTarget'.

4 errors

* Try:
> Run with --info or --debug option to get more log output.
> Run with --scan to get full insights from a Build Scan (powered by Develocity).
> Get more help at https://help.gradle.org.

* Exception is:
ScriptCompilationException(scriptCompilationErrors=[ScriptCompilationError(message='fun Project.android(configure: Action<BaseAppModuleExtension>): Unit' is deprecated. Replaced by com.android.build.api.dsl.ApplicationExtension.
This class is not used for the public extensions in AGP when android.newDsl=true, which is the default in AGP 9.0, and will be removed in AGP 10.0., location=C:\Users\HP\OneDrive\Desktop\Rajesh folder\.tmp\gradle-kotlin-dsl-8285549112051756004.tmp\build.gradle.kts (6:1)), ScriptCompilationError(message=None of the following candidates is applicable:

fun DependencyHandler.kotlin(module: String, version: String? = ...): Any:
  Unresolved reference. None of the following candidates is applicable because of a receiver type mismatch:
fun DependencyHandler.kotlin(module: String, version: String? = ...): Any

fun PluginDependenciesSpec.kotlin(module: String): PluginDependencySpec:
  Unresolved reference. None of the following candidates is applicable because of a receiver type mismatch:
fun PluginDependenciesSpec.kotlin(module: String): PluginDependencySpec, location=C:\Users\HP\OneDrive\Desktop\Rajesh folder\.tmp\gradle-kotlin-dsl-8285549112051756004.tmp\build.gradle.kts (29:5)), ScriptCompilationError(message=Unresolved reference 'compilerOptions'., location=C:\Users\HP\OneDrive\Desktop\Rajesh folder\.tmp\gradle-kotlin-dsl-8285549112051756004.tmp\build.gradle.kts (30:9)), ScriptCompilationError(message=Unresolved reference 'jvmTarget'., location=C:\Users\HP\OneDrive\Desktop\Rajesh folder\.tmp\gradle-kotlin-dsl-8285549112051756004.tmp\build.gradle.kts (31:13))])
	at org.gradle.kotlin.dsl.support.KotlinCompilerKt.reportToMessageCollectorAndThrowOnErrors(KotlinCompiler.kt:211)
	at org.gradle.kotlin.dsl.support.KotlinCompilerKt.compileKotlinScriptModuleTo(KotlinCompiler.kt:180)
	at org.gradle.kotlin.dsl.support.KotlinCompilerKt.compileKotlinScriptToDirectory(KotlinCompiler.kt:134)
	at org.gradle.kotlin.dsl.execution.ResidualProgramCompiler.compileScript_C5AE47M$lambda$0(ResidualProgramCompiler.kt:717)
	at org.gradle.kotlin.dsl.provider.StandardKotlinScriptEvaluator$InterpreterHost$runCompileBuildOperation$1.call(KotlinScriptEvaluator.kt:213)
	at org.gradle.kotlin.dsl.provider.StandardKotlinScriptEvaluator$InterpreterHost$runCompileBuildOperation$1.call(KotlinScriptEvaluator.kt:210)
	at org.gradle.internal.operations.DefaultBuildOperationRunner$CallableBuildOperationWorker.execute(DefaultBuildOperationRunner.java:210)
	at org.gradle.internal.operations.DefaultBuildOperationRunner$CallableBuildOperationWorker.execute(DefaultBuildOperationRunner.java:205)
	at org.gradle.internal.operations.DefaultBuildOperationRunner$2.execute(DefaultBuildOperationRunner.java:67)
	at org.gradle.internal.operations.DefaultBuildOperationRunner$2.execute(DefaultBuildOperationRunner.java:60)
	at org.gradle.internal.operations.DefaultBuildOperationRunner.execute(DefaultBuildOperationRunner.java:167)
	at org.gradle.internal.operations.DefaultBuildOperationRunner.execute(DefaultBuildOperationRunner.java:60)
	at org.gradle.internal.operations.DefaultBuildOperationRunner.call(DefaultBuildOperationRunner.java:54)
	at org.gradle.kotlin.dsl.provider.StandardKotlinScriptEvaluator$InterpreterHost.runCompileBuildOperation(KotlinScriptEvaluator.kt:210)
	at org.gradle.kotlin.dsl.execution.Interpreter$ProgramHost$compileSecondStageOf$cacheDir$1$1$1$1$1.invoke(Interpreter.kt:502)
	at org.gradle.kotlin.dsl.execution.Interpreter$ProgramHost$compileSecondStageOf$cacheDir$1$1$1$1$1.invoke(Interpreter.kt:502)
	at org.gradle.kotlin.dsl.execution.ResidualProgramCompiler.compileScript-C5AE47M(ResidualProgramCompiler.kt:715)
	at org.gradle.kotlin.dsl.execution.ResidualProgramCompiler.compileScript-C5AE47M$default(ResidualProgramCompiler.kt:707)
	at org.gradle.kotlin.dsl.execution.ResidualProgramCompiler.emitStage2ProgramFor(ResidualProgramCompiler.kt:366)
	at org.gradle.kotlin.dsl.execution.Interpreter$ProgramHost.compileSecondStageOf$lambda$0(Interpreter.kt:503)
	at org.gradle.kotlin.dsl.provider.StandardKotlinScriptEvaluator$KotlinScriptCompilationAndInstrumentation.compile(KotlinScriptEvaluator.kt:447)
	at org.gradle.internal.scripts.BuildScriptCompilationAndInstrumentation.execute(BuildScriptCompilationAndInstrumentation.java:140)
	at org.gradle.internal.execution.steps.ExecuteStep.executeInternal(ExecuteStep.java:167)
	at org.gradle.internal.execution.steps.ExecuteStep.access$000(ExecuteStep.java:47)
	at org.gradle.internal.execution.steps.ExecuteStep$1.call(ExecuteStep.java:137)
	at org.gradle.internal.execution.steps.ExecuteStep$1.call(ExecuteStep.java:134)
	at org.gradle.internal.operations.DefaultBuildOperationRunner$CallableBuildOperationWorker.execute(DefaultBuildOperationRunner.java:210)
	at org.gradle.internal.operations.DefaultBuildOperationRunner$CallableBuildOperationWorker.execute(DefaultBuildOperationRunner.java:205)
	at org.gradle.internal.operations.DefaultBuildOperationRunner$2.execute(DefaultBuildOperationRunner.java:67)
	at org.gradle.internal.operations.DefaultBuildOperationRunner$2.execute(DefaultBuildOperationRunner.java:60)
	at org.gradle.internal.operations.DefaultBuildOperationRunner.execute(DefaultBuildOperationRunner.java:167)
	at org.gradle.internal.operations.DefaultBuildOperationRunner.execute(DefaultBuildOperationRunner.java:60)
	at org.gradle.internal.operations.DefaultBuildOperationRunner.call(DefaultBuildOperationRunner.java:54)
	at org.gradle.internal.execution.steps.ExecuteStep.execute(ExecuteStep.java:134)
	at org.gradle.internal.execution.steps.ExecuteStep$Immutable.execute(ExecuteStep.java:49)
	at org.gradle.internal.execution.steps.CancelExecutionStep.execute(CancelExecutionStep.java:42)
	at org.gradle.internal.execution.steps.TimeoutStep.executeWithoutTimeout(TimeoutStep.java:75)
	at org.gradle.internal.execution.steps.TimeoutStep.execute(TimeoutStep.java:55)
	at org.gradle.internal.execution.steps.PreCreateOutputParentsStep.execute(PreCreateOutputParentsStep.java:51)
	at org.gradle.internal.execution.steps.PreCreateOutputParentsStep.execute(PreCreateOutputParentsStep.java:29)
	at org.gradle.internal.execution.steps.BroadcastChangingOutputsStep.execute(BroadcastChangingOutputsStep.java:42)
	at org.gradle.internal.execution.steps.BroadcastChangingOutputsStep.execute(BroadcastChangingOutputsStep.java:24)
	at org.gradle.internal.execution.steps.CaptureOutputsAfterExecutionStep.execute(CaptureOutputsAfterExecutionStep.java:69)
	at org.gradle.internal.execution.steps.CaptureOutputsAfterExecutionStep.execute(CaptureOutputsAfterExecutionStep.java:46)
	at org.gradle.internal.execution.steps.BuildCacheStep.executeWithoutCache(BuildCacheStep.java:189)
	at org.gradle.internal.execution.steps.BuildCacheStep.lambda$execute$1(BuildCacheStep.java:76)
	at org.gradle.internal.Either$Right.fold(Either.java:176)
	at org.gradle.internal.execution.caching.CachingState.fold(CachingState.java:62)
	at org.gradle.internal.execution.steps.BuildCacheStep.execute(BuildCacheStep.java:74)
	at org.gradle.internal.execution.steps.BuildCacheStep.execute(BuildCacheStep.java:49)
	at org.gradle.internal.execution.steps.NeverUpToDateStep.execute(NeverUpToDateStep.java:35)
	at org.gradle.internal.execution.steps.NeverUpToDateStep.execute(NeverUpToDateStep.java:23)
	at org.gradle.internal.execution.steps.legacy.MarkSnapshottingInputsFinishedStep.execute(MarkSnapshottingInputsFinishedStep.java:37)
	at org.gradle.internal.execution.steps.legacy.MarkSnapshottingInputsFinishedStep.execute(MarkSnapshottingInputsFinishedStep.java:27)
	at org.gradle.internal.execution.steps.ResolveImmutableCachingStateStep.executeDelegate(ResolveImmutableCachingStateStep.java:45)
	at org.gradle.internal.execution.steps.ResolveImmutableCachingStateStep.executeDelegate(ResolveImmutableCachingStateStep.java:25)
	at org.gradle.internal.execution.steps.AbstractResolveCachingStateStep.execute(AbstractResolveCachingStateStep.java:69)
	at org.gradle.internal.execution.steps.AbstractResolveCachingStateStep.execute(AbstractResolveCachingStateStep.java:37)
	at org.gradle.internal.execution.steps.ValidateStep$Immutable.executeDelegate(ValidateStep.java:61)
	at org.gradle.internal.execution.steps.ValidateStep$Immutable.executeDelegate(ValidateStep.java:47)
	at org.gradle.internal.execution.steps.ValidateStep.execute(ValidateStep.java:99)
	at org.gradle.internal.execution.steps.ValidateStep$Immutable.execute(ValidateStep.java:47)
	at org.gradle.internal.execution.steps.CaptureImmutableStateBeforeExecutionStep.execute(CaptureImmutableStateBeforeExecutionStep.java:45)
	at org.gradle.internal.execution.steps.CaptureImmutableStateBeforeExecutionStep.execute(CaptureImmutableStateBeforeExecutionStep.java:26)
	at org.gradle.internal.execution.steps.legacy.MarkSnapshottingInputsStartedStep.execute(MarkSnapshottingInputsStartedStep.java:38)
	at org.gradle.internal.execution.steps.AssignImmutableWorkspaceStep.executeInWorkspace(AssignImmutableWorkspaceStep.java:229)
	at org.gradle.internal.execution.steps.AssignImmutableWorkspaceStep.lambda$loadOrCreateWorkspace$2(AssignImmutableWorkspaceStep.java:145)
	at org.gradle.cache.internal.DefaultFineGrainedPersistentCache.withFileLock(DefaultFineGrainedPersistentCache.java:126)
	at org.gradle.cache.internal.DefaultCacheFactory$ReferenceTrackingFineGrainedCache.withFileLock(DefaultCacheFactory.java:294)
	at org.gradle.internal.execution.workspace.impl.CacheBasedImmutableWorkspaceProvider$1.withFileLock(CacheBasedImmutableWorkspaceProvider.java:70)
	at org.gradle.internal.execution.steps.AssignImmutableWorkspaceStep.loadOrCreateWorkspace(AssignImmutableWorkspaceStep.java:137)
	at org.gradle.internal.execution.steps.AssignImmutableWorkspaceStep.lambda$execute$0(AssignImmutableWorkspaceStep.java:111)
	at org.gradle.internal.execution.workspace.impl.CacheBasedImmutableWorkspaceProvider$1.getOrCompute(CacheBasedImmutableWorkspaceProvider.java:85)
	at org.gradle.internal.execution.steps.AssignImmutableWorkspaceStep.execute(AssignImmutableWorkspaceStep.java:111)
	at org.gradle.internal.execution.steps.AssignImmutableWorkspaceStep.execute(AssignImmutableWorkspaceStep.java:79)
	at org.gradle.internal.execution.steps.ChoosePipelineStep.execute(ChoosePipelineStep.java:38)
	at org.gradle.internal.execution.steps.ChoosePipelineStep.execute(ChoosePipelineStep.java:23)
	at org.gradle.internal.execution.steps.ExecuteWorkBuildOperationFiringStep.lambda$execute$2(ExecuteWorkBuildOperationFiringStep.java:67)
	at org.gradle.internal.execution.steps.ExecuteWorkBuildOperationFiringStep.execute(ExecuteWorkBuildOperationFiringStep.java:67)
	at org.gradle.internal.execution.steps.ExecuteWorkBuildOperationFiringStep.execute(ExecuteWorkBuildOperationFiringStep.java:39)
	at org.gradle.internal.execution.steps.IdentityCacheStep.execute(IdentityCacheStep.java:46)
	at org.gradle.internal.execution.steps.IdentityCacheStep.execute(IdentityCacheStep.java:34)
	at org.gradle.internal.execution.steps.IdentifyStep.execute(IdentifyStep.java:56)
	at org.gradle.internal.execution.steps.IdentifyStep.execute(IdentifyStep.java:38)
	at org.gradle.internal.execution.impl.DefaultExecutionEngine$1.execute(DefaultExecutionEngine.java:68)
	at org.gradle.kotlin.dsl.provider.StandardKotlinScriptEvaluator$InterpreterHost.cachedDirFor(KotlinScriptEvaluator.kt:308)
	at org.gradle.kotlin.dsl.execution.Interpreter$ProgramHost.compileSecondStageOf(Interpreter.kt:478)
	at Program.loadSecondStageFor(Unknown Source)
	at org.gradle.kotlin.dsl.execution.Interpreter$ProgramHost.evaluateSecondStageOf(Interpreter.kt:442)
	at Program.execute(Unknown Source)
	at org.gradle.kotlin.dsl.execution.Interpreter$ProgramHost.eval(Interpreter.kt:526)
	at org.gradle.kotlin.dsl.execution.Interpreter.eval(Interpreter.kt:219)
	at org.gradle.kotlin.dsl.provider.StandardKotlinScriptEvaluator.evaluate(KotlinScriptEvaluator.kt:135)
	at org.gradle.kotlin.dsl.provider.KotlinScriptPluginFactory.create$lambda$0(KotlinScriptPluginFactory.kt:61)
	at org.gradle.kotlin.dsl.provider.KotlinScriptPlugin.apply(KotlinScriptPlugin.kt:35)
	at org.gradle.configuration.BuildOperationScriptPlugin$1.run(BuildOperationScriptPlugin.java:68)
	at org.gradle.internal.operations.DefaultBuildOperationRunner$1.execute(DefaultBuildOperationRunner.java:30)
	at org.gradle.internal.operations.DefaultBuildOperationRunner$1.execute(DefaultBuildOperationRunner.java:27)
	at org.gradle.internal.operations.DefaultBuildOperationRunner$2.execute(DefaultBuildOperationRunner.java:67)
	at org.gradle.internal.operations.DefaultBuildOperationRunner$2.execute(DefaultBuildOperationRunner.java:60)
	at org.gradle.internal.operations.DefaultBuildOperationRunner.execute(DefaultBuildOperationRunner.java:167)
	at org.gradle.internal.operations.DefaultBuildOperationRunner.execute(DefaultBuildOperationRunner.java:60)
	at org.gradle.internal.operations.DefaultBuildOperationRunner.run(DefaultBuildOperationRunner.java:48)
	at org.gradle.configuration.BuildOperationScriptPlugin.lambda$apply$0(BuildOperationScriptPlugin.java:65)
	at org.gradle.internal.code.DefaultUserCodeApplicationContext.apply(DefaultUserCodeApplicationContext.java:44)
	at org.gradle.configuration.BuildOperationScriptPlugin.apply(BuildOperationScriptPlugin.java:65)
	at org.gradle.api.internal.project.DefaultProjectStateRegistry$ProjectStateImpl.lambda$applyToMutableState$0(DefaultProjectStateRegistry.java:443)
	at org.gradle.api.internal.project.DefaultProjectStateRegistry$ProjectStateImpl.lambda$fromMutableState$1(DefaultProjectStateRegistry.java:450)
	at org.gradle.api.internal.project.DefaultProjectStateRegistry$ProjectStateImpl.runWithModelLock(DefaultProjectStateRegistry.java:466)
	at org.gradle.api.internal.project.DefaultProjectStateRegistry$ProjectStateImpl.fromMutableState(DefaultProjectStateRegistry.java:450)
	at org.gradle.api.internal.project.DefaultProjectStateRegistry$ProjectStateImpl.applyToMutableState(DefaultProjectStateRegistry.java:442)
	at org.gradle.configuration.project.BuildScriptProcessor.execute(BuildScriptProcessor.java:46)
	at org.gradle.configuration.project.BuildScriptProcessor.execute(BuildScriptProcessor.java:27)
	at org.gradle.configuration.project.ConfigureActionsProjectEvaluator.evaluate(ConfigureActionsProjectEvaluator.java:35)
	at org.gradle.configuration.project.LifecycleProjectEvaluator$EvaluateProject.lambda$run$0(LifecycleProjectEvaluator.java:109)
	at org.gradle.api.internal.project.DefaultProjectStateRegistry$ProjectStateImpl.lambda$applyToMutableState$0(DefaultProjectStateRegistry.java:443)
	at org.gradle.api.internal.project.DefaultProjectStateRegistry$ProjectStateImpl.lambda$fromMutableState$1(DefaultProjectStateRegistry.java:450)
	at org.gradle.internal.work.DefaultWorkerLeaseService.lambda$withLocksAcquired$0(DefaultWorkerLeaseService.java:275)
	at org.gradle.internal.work.ResourceLockStatistics$1.measure(ResourceLockStatistics.java:43)
	at org.gradle.internal.work.DefaultWorkerLeaseService.withLocksAcquired(DefaultWorkerLeaseService.java:273)
	at org.gradle.internal.work.DefaultWorkerLeaseService.lambda$withReplacedLocks$3(DefaultWorkerLeaseService.java:371)
	at org.gradle.internal.work.DefaultWorkerLeaseService.withoutLocks(DefaultWorkerLeaseService.java:343)
	at org.gradle.internal.work.DefaultWorkerLeaseService.withReplacedLocks(DefaultWorkerLeaseService.java:370)
	at org.gradle.api.internal.project.DefaultProjectStateRegistry$ProjectStateImpl.runWithModelLock(DefaultProjectStateRegistry.java:471)
	at org.gradle.api.internal.project.DefaultProjectStateRegistry$ProjectStateImpl.fromMutableState(DefaultProjectStateRegistry.java:450)
	at org.gradle.api.internal.project.DefaultProjectStateRegistry$ProjectStateImpl.applyToMutableState(DefaultProjectStateRegistry.java:442)
	at org.gradle.configuration.project.LifecycleProjectEvaluator$EvaluateProject.run(LifecycleProjectEvaluator.java:100)
	at org.gradle.internal.operations.DefaultBuildOperationRunner$1.execute(DefaultBuildOperationRunner.java:30)
	at org.gradle.internal.operations.DefaultBuildOperationRunner$1.execute(DefaultBuildOperationRunner.java:27)
	at org.gradle.internal.operations.DefaultBuildOperationRunner$2.execute(DefaultBuildOperationRunner.java:67)
	at org.gradle.internal.operations.DefaultBuildOperationRunner$2.execute(DefaultBuildOperationRunner.java:60)
	at org.gradle.internal.operations.DefaultBuildOperationRunner.execute(DefaultBuildOperationRunner.java:167)
	at org.gradle.internal.operations.DefaultBuildOperationRunner.execute(DefaultBuildOperationRunner.java:60)
	at org.gradle.internal.operations.DefaultBuildOperationRunner.run(DefaultBuildOperationRunner.java:48)
	at org.gradle.configuration.project.LifecycleProjectEvaluator.evaluate(LifecycleProjectEvaluator.java:72)
	at org.gradle.api.internal.project.DefaultProject.evaluateUnchecked(DefaultProject.java:796)
	at org.gradle.api.internal.project.ProjectLifecycleController.lambda$ensureSelfConfigured$2(ProjectLifecycleController.java:93)
	at org.gradle.internal.model.StateTransitionController.lambda$doTransition$15(StateTransitionController.java:293)
	at org.gradle.internal.model.StateTransitionController.doTransition(StateTransitionController.java:304)
	at org.gradle.internal.model.StateTransitionController.doTransition(StateTransitionController.java:292)
	at org.gradle.internal.model.StateTransitionController.lambda$maybeTransitionIfNotCurrentlyTransitioning$11(StateTransitionController.java:237)
	at org.gradle.internal.work.DefaultSynchronizer.withLock(DefaultSynchronizer.java:35)
	at org.gradle.internal.model.StateTransitionController.maybeTransitionIfNotCurrentlyTransitioning(StateTransitionController.java:233)
	at org.gradle.api.internal.project.ProjectLifecycleController.ensureSelfConfigured(ProjectLifecycleController.java:93)
	at org.gradle.api.internal.project.DefaultProjectStateRegistry$ProjectStateImpl.ensureConfigured(DefaultProjectStateRegistry.java:408)
	at org.gradle.execution.TaskPathProjectEvaluator.configure(TaskPathProjectEvaluator.java:71)
	at org.gradle.execution.TaskPathProjectEvaluator.configureHierarchy(TaskPathProjectEvaluator.java:87)
	at org.gradle.configuration.DefaultProjectsPreparer.prepareProjects(DefaultProjectsPreparer.java:50)
	at org.gradle.configuration.BuildTreePreparingProjectsPreparer.prepareProjects(BuildTreePreparingProjectsPreparer.java:65)
	at org.gradle.configuration.BuildOperationFiringProjectsPreparer$ConfigureBuild.run(BuildOperationFiringProjectsPreparer.java:52)
	at org.gradle.internal.operations.DefaultBuildOperationRunner$1.execute(DefaultBuildOperationRunner.java:30)
	at org.gradle.internal.operations.DefaultBuildOperationRunner$1.execute(DefaultBuildOperationRunner.java:27)
	at org.gradle.internal.operations.DefaultBuildOperationRunner$2.execute(DefaultBuildOperationRunner.java:67)
	at org.gradle.internal.operations.DefaultBuildOperationRunner$2.execute(DefaultBuildOperationRunner.java:60)
	at org.gradle.internal.operations.DefaultBuildOperationRunner.execute(DefaultBuildOperationRunner.java:167)
	at org.gradle.internal.operations.DefaultBuildOperationRunner.execute(DefaultBuildOperationRunner.java:60)
	at org.gradle.internal.operations.DefaultBuildOperationRunner.run(DefaultBuildOperationRunner.java:48)
	at org.gradle.configuration.BuildOperationFiringProjectsPreparer.prepareProjects(BuildOperationFiringProjectsPreparer.java:40)
	at org.gradle.initialization.VintageBuildModelController.lambda$prepareProjects$2(VintageBuildModelController.java:83)
	at org.gradle.internal.model.StateTransitionController.lambda$doTransition$15(StateTransitionController.java:293)
	at org.gradle.internal.model.StateTransitionController.doTransition(StateTransitionController.java:304)
	at org.gradle.internal.model.StateTransitionController.doTransition(StateTransitionController.java:292)
	at org.gradle.internal.model.StateTransitionController.lambda$transitionIfNotPreviously$12(StateTransitionController.java:251)
	at org.gradle.internal.work.DefaultSynchronizer.withLock(DefaultSynchronizer.java:35)
	at org.gradle.internal.model.StateTransitionController.transitionIfNotPreviously(StateTransitionController.java:247)
	at org.gradle.initialization.VintageBuildModelController.prepareProjects(VintageBuildModelController.java:83)
	at org.gradle.initialization.VintageBuildModelController.prepareToScheduleTasks(VintageBuildModelController.java:70)
	at org.gradle.internal.cc.impl.ConfigurationCacheAwareBuildModelController.prepareToScheduleTasks(ConfigurationCacheAwareBuildModelController.kt:49)
	at org.gradle.internal.build.DefaultBuildLifecycleController.lambda$prepareToScheduleTasks$7(DefaultBuildLifecycleController.java:185)
	at org.gradle.internal.model.StateTransitionController.lambda$doTransition$15(StateTransitionController.java:293)
	at org.gradle.internal.model.StateTransitionController.doTransition(StateTransitionController.java:304)
	at org.gradle.internal.model.StateTransitionController.doTransition(StateTransitionController.java:292)
	at org.gradle.internal.model.StateTransitionController.lambda$maybeTransition$10(StateTransitionController.java:228)
	at org.gradle.internal.work.DefaultSynchronizer.withLock(DefaultSynchronizer.java:35)
	at org.gradle.internal.model.StateTransitionController.maybeTransition(StateTransitionController.java:224)
	at org.gradle.internal.build.DefaultBuildLifecycleController.prepareToScheduleTasks(DefaultBuildLifecycleController.java:183)
	at org.gradle.internal.buildtree.DefaultBuildTreeWorkPreparer.scheduleRequestedTasks(DefaultBuildTreeWorkPreparer.java:35)
	at org.gradle.internal.cc.impl.ConfigurationCacheAwareBuildTreeWorkController$scheduleAndRunRequestedTasks$executionResult$1$result$1.call$lambda$0(ConfigurationCacheAwareBuildTreeWorkController.kt:60)
	at org.gradle.internal.cc.impl.DefaultConfigurationCache.loadOrScheduleRequestedTasks$lambda$1(DefaultConfigurationCache.kt:274)
	at org.gradle.internal.cc.impl.DefaultConfigurationCache.runWorkThatContributesToCacheEntry(DefaultConfigurationCache.kt:631)
	at org.gradle.internal.cc.impl.DefaultConfigurationCache.loadOrScheduleRequestedTasks(DefaultConfigurationCache.kt:273)
	at org.gradle.internal.cc.impl.ConfigurationCacheAwareBuildTreeWorkController$scheduleAndRunRequestedTasks$executionResult$1$result$1.call(ConfigurationCacheAwareBuildTreeWorkController.kt:57)
	at org.gradle.internal.cc.impl.ConfigurationCacheAwareBuildTreeWorkController$scheduleAndRunRequestedTasks$executionResult$1$result$1.call(ConfigurationCacheAwareBuildTreeWorkController.kt:56)
	at org.gradle.internal.Try.ofFailable(Try.java:46)
	at org.gradle.internal.cc.impl.ConfigurationCacheAwareBuildTreeWorkController$scheduleAndRunRequestedTasks$executionResult$1.apply(ConfigurationCacheAwareBuildTreeWorkController.kt:56)
	at org.gradle.internal.cc.impl.ConfigurationCacheAwareBuildTreeWorkController$scheduleAndRunRequestedTasks$executionResult$1.apply(ConfigurationCacheAwareBuildTreeWorkController.kt:55)
	at org.gradle.composite.internal.DefaultIncludedBuildTaskGraph.withNewWorkGraph(DefaultIncludedBuildTaskGraph.java:115)
	at org.gradle.internal.cc.impl.ConfigurationCacheAwareBuildTreeWorkController.scheduleAndRunRequestedTasks(ConfigurationCacheAwareBuildTreeWorkController.kt:55)
	at org.gradle.internal.buildtree.DefaultBuildTreeLifecycleController.lambda$scheduleAndRunTasks$1(DefaultBuildTreeLifecycleController.java:84)
	at org.gradle.internal.buildtree.DefaultBuildTreeLifecycleController.lambda$runBuild$5(DefaultBuildTreeLifecycleController.java:142)
	at org.gradle.internal.model.StateTransitionController.lambda$transition$7(StateTransitionController.java:207)
	at org.gradle.internal.model.StateTransitionController.doTransition(StateTransitionController.java:304)
	at org.gradle.internal.model.StateTransitionController.lambda$transition$8(StateTransitionController.java:207)
	at org.gradle.internal.work.DefaultSynchronizer.withLock(DefaultSynchronizer.java:45)
	at org.gradle.internal.model.StateTransitionController.transition(StateTransitionController.java:207)
	at org.gradle.internal.buildtree.DefaultBuildTreeLifecycleController.runBuild(DefaultBuildTreeLifecycleController.java:139)
	at org.gradle.internal.buildtree.DefaultBuildTreeLifecycleController.scheduleAndRunTasks(DefaultBuildTreeLifecycleController.java:84)
	at org.gradle.internal.buildtree.DefaultBuildTreeLifecycleController.scheduleAndRunTasks(DefaultBuildTreeLifecycleController.java:79)
	at org.gradle.tooling.internal.provider.runner.BuildModelActionRunner.run(BuildModelActionRunner.java:56)
	at org.gradle.launcher.exec.ChainingBuildActionRunner.run(ChainingBuildActionRunner.java:35)
	at org.gradle.internal.buildtree.ProblemReportingBuildActionRunner.run(ProblemReportingBuildActionRunner.java:54)
	at org.gradle.launcher.exec.BuildOutcomeReportingBuildActionRunner.run(BuildOutcomeReportingBuildActionRunner.java:83)
	at org.gradle.tooling.internal.provider.FileSystemWatchingBuildActionRunner.run(FileSystemWatchingBuildActionRunner.java:135)
	at org.gradle.launcher.exec.BuildCompletionNotifyingBuildActionRunner.run(BuildCompletionNotifyingBuildActionRunner.java:54)
	at org.gradle.launcher.exec.RootBuildLifecycleBuildActionExecutor.lambda$execute$0(RootBuildLifecycleBuildActionExecutor.java:101)
	at org.gradle.composite.internal.DefaultRootBuildState.run(DefaultRootBuildState.java:126)
	at org.gradle.launcher.exec.RootBuildLifecycleBuildActionExecutor.execute(RootBuildLifecycleBuildActionExecutor.java:101)
	at org.gradle.launcher.exec.BuildTreeLifecycleBuildActionExecutor.runRootBuildAction(BuildTreeLifecycleBuildActionExecutor.java:104)
	at org.gradle.launcher.exec.BuildTreeLifecycleBuildActionExecutor.execute(BuildTreeLifecycleBuildActionExecutor.java:74)
	at org.gradle.launcher.exec.RunAsBuildOperationBuildActionExecutor$2.call(RunAsBuildOperationBuildActionExecutor.java:65)
	at org.gradle.launcher.exec.RunAsBuildOperationBuildActionExecutor$2.call(RunAsBuildOperationBuildActionExecutor.java:61)
	at org.gradle.internal.operations.DefaultBuildOperationRunner$CallableBuildOperationWorker.execute(DefaultBuildOperationRunner.java:210)
	at org.gradle.internal.operations.DefaultBuildOperationRunner$CallableBuildOperationWorker.execute(DefaultBuildOperationRunner.java:205)
	at org.gradle.internal.operations.DefaultBuildOperationRunner$2.execute(DefaultBuildOperationRunner.java:67)
	at org.gradle.internal.operations.DefaultBuildOperationRunner$2.execute(DefaultBuildOperationRunner.java:60)
	at org.gradle.internal.operations.DefaultBuildOperationRunner.execute(DefaultBuildOperationRunner.java:167)
	at org.gradle.internal.operations.DefaultBuildOperationRunner.execute(DefaultBuildOperationRunner.java:60)
	at org.gradle.internal.operations.DefaultBuildOperationRunner.call(DefaultBuildOperationRunner.java:54)
	at org.gradle.launcher.exec.RunAsBuildOperationBuildActionExecutor.execute(RunAsBuildOperationBuildActionExecutor.java:61)
	at org.gradle.launcher.exec.RunAsWorkerThreadBuildActionExecutor.lambda$execute$0(RunAsWorkerThreadBuildActionExecutor.java:36)
	at org.gradle.internal.work.DefaultWorkerLeaseService.lambda$withLocksAcquired$0(DefaultWorkerLeaseService.java:275)
	at org.gradle.internal.work.ResourceLockStatistics$1.measure(ResourceLockStatistics.java:43)
	at org.gradle.internal.work.DefaultWorkerLeaseService.withLocksAcquired(DefaultWorkerLeaseService.java:273)
	at org.gradle.internal.work.DefaultWorkerLeaseService.withLocks(DefaultWorkerLeaseService.java:265)
	at org.gradle.internal.work.DefaultWorkerLeaseService.runAsWorkerThread(DefaultWorkerLeaseService.java:128)
	at org.gradle.launcher.exec.RunAsWorkerThreadBuildActionExecutor.execute(RunAsWorkerThreadBuildActionExecutor.java:36)
	at org.gradle.tooling.internal.provider.continuous.ContinuousBuildActionExecutor.execute(ContinuousBuildActionExecutor.java:110)
	at org.gradle.tooling.internal.provider.SubscribableBuildActionExecutor.execute(SubscribableBuildActionExecutor.java:64)
	at org.gradle.internal.session.DefaultBuildSessionContext.execute(DefaultBuildSessionContext.java:46)
	at org.gradle.internal.buildprocess.execution.BuildSessionLifecycleBuildActionExecutor$ActionImpl.apply(BuildSessionLifecycleBuildActionExecutor.java:106)
	at org.gradle.internal.buildprocess.execution.BuildSessionLifecycleBuildActionExecutor$ActionImpl.apply(BuildSessionLifecycleBuildActionExecutor.java:94)
	at org.gradle.internal.session.BuildSessionState.run(BuildSessionState.java:73)
	at org.gradle.internal.buildprocess.execution.BuildSessionLifecycleBuildActionExecutor.execute(BuildSessionLifecycleBuildActionExecutor.java:67)
	at org.gradle.internal.buildprocess.execution.BuildSessionLifecycleBuildActionExecutor.execute(BuildSessionLifecycleBuildActionExecutor.java:45)
	at org.gradle.internal.buildprocess.execution.StartParamsValidatingActionExecutor.execute(StartParamsValidatingActionExecutor.java:57)
	at org.gradle.internal.buildprocess.execution.StartParamsValidatingActionExecutor.execute(StartParamsValidatingActionExecutor.java:32)
	at org.gradle.internal.buildprocess.execution.SessionFailureReportingActionExecutor.execute(SessionFailureReportingActionExecutor.java:51)
	at org.gradle.internal.buildprocess.execution.SessionFailureReportingActionExecutor.execute(SessionFailureReportingActionExecutor.java:39)
	at org.gradle.internal.buildprocess.execution.SetupLoggingActionExecutor.execute(SetupLoggingActionExecutor.java:47)
	at org.gradle.internal.buildprocess.execution.SetupLoggingActionExecutor.execute(SetupLoggingActionExecutor.java:31)
	at org.gradle.launcher.daemon.server.exec.ExecuteBuild.doBuild(ExecuteBuild.java:70)
	at org.gradle.launcher.daemon.server.exec.BuildCommandOnly.execute(BuildCommandOnly.java:37)
	at org.gradle.launcher.daemon.server.api.DaemonCommandExecution.proceed(DaemonCommandExecution.java:104)
	at org.gradle.launcher.daemon.server.exec.WatchForDisconnection.execute(WatchForDisconnection.java:39)
	at org.gradle.launcher.daemon.server.api.DaemonCommandExecution.proceed(DaemonCommandExecution.java:104)
	at org.gradle.launcher.daemon.server.exec.ResetDeprecationLogger.execute(ResetDeprecationLogger.java:29)
	at org.gradle.launcher.daemon.server.api.DaemonCommandExecution.proceed(DaemonCommandExecution.java:104)
	at org.gradle.launcher.daemon.server.exec.RequestStopIfSingleUsedDaemon.execute(RequestStopIfSingleUsedDaemon.java:35)
	at org.gradle.launcher.daemon.server.api.DaemonCommandExecution.proceed(DaemonCommandExecution.java:104)
	at org.gradle.launcher.daemon.server.exec.ForwardClientInput.lambda$execute$0(ForwardClientInput.java:40)
	at org.gradle.internal.daemon.clientinput.ClientInputForwarder.forwardInput(ClientInputForwarder.java:80)
	at org.gradle.launcher.daemon.server.exec.ForwardClientInput.execute(ForwardClientInput.java:37)
	at org.gradle.launcher.daemon.server.api.DaemonCommandExecution.proceed(DaemonCommandExecution.java:104)
	at org.gradle.launcher.daemon.server.exec.LogAndCheckHealth.execute(LogAndCheckHealth.java:64)
	at org.gradle.launcher.daemon.server.api.DaemonCommandExecution.proceed(DaemonCommandExecution.java:104)
	at org.gradle.launcher.daemon.server.exec.LogToClient.doBuild(LogToClient.java:63)
	at org.gradle.launcher.daemon.server.exec.BuildCommandOnly.execute(BuildCommandOnly.java:37)
	at org.gradle.launcher.daemon.server.api.DaemonCommandExecution.proceed(DaemonCommandExecution.java:104)
	at org.gradle.launcher.daemon.server.exec.EstablishBuildEnvironment.doBuild(EstablishBuildEnvironment.java:84)
	at org.gradle.launcher.daemon.server.exec.BuildCommandOnly.execute(BuildCommandOnly.java:37)
	at org.gradle.launcher.daemon.server.api.DaemonCommandExecution.proceed(DaemonCommandExecution.java:104)
	at org.gradle.launcher.daemon.server.exec.StartBuildOrRespondWithBusy$1.run(StartBuildOrRespondWithBusy.java:52)
	at org.gradle.launcher.daemon.server.DaemonStateCoordinator.lambda$runCommand$0(DaemonStateCoordinator.java:321)
	at org.gradle.internal.concurrent.ExecutorPolicy$CatchAndRecordFailures.onExecute(ExecutorPolicy.java:64)
	at org.gradle.internal.concurrent.AbstractManagedExecutor$1.run(AbstractManagedExecutor.java:47)


BUILD FAILED in 41s
Configuration cache entry stored.
2026-05-17T01:00:17.089+0530 [DEBUG] [org.gradle.launcher.daemon.server.exec.ExecuteBuild] The daemon has finished executing the build.
2026-05-17T01:00:17.106+0530 [DEBUG] [org.gradle.launcher.daemon.server.DaemonStateCoordinator] daemon is running. Sleeping until state changes.
2026-05-17T01:00:17.107+0530 [DEBUG] [org.gradle.launcher.daemon.server.DaemonStateCoordinator] Command execution: finished waiting for DaemonCommandExecution[command = Build{id=2f9d2501-2641-402d-a01e-b8e78dfba90b, currentDir=C:\Users\HP\OneDrive\Desktop\kulli file}, connection = DefaultDaemonConnection: socket connection from /127.0.0.1:58339 to /127.0.0.1:58340]. Result org.gradle.launcher.daemon.server.DaemonStateCoordinator@67c3e3a7 with state Busy
2026-05-17T01:00:17.107+0530 [DEBUG] [org.gradle.launcher.daemon.server.DaemonStateCoordinator] Command execution: completed DaemonCommandExecution[command = Build{id=2f9d2501-2641-402d-a01e-b8e78dfba90b, currentDir=C:\Users\HP\OneDrive\Desktop\kulli file}, connection = DefaultDaemonConnection: socket connection from /127.0.0.1:58339 to /127.0.0.1:58340]
2026-05-17T01:00:17.107+0530 [DEBUG] [org.gradle.launcher.daemon.server.DaemonStateCoordinator] resetting idle timer
2026-05-17T01:00:17.107+0530 [INFO] [org.gradle.launcher.daemon.server.DaemonRegistryUpdater] Marking the daemon as idle, address: [bf9560a8-3386-41da-9b73-86f9d79e54da port:58339, addresses:[localhost/127.0.0.1]]
2026-05-17T01:00:17.108+0530 [DEBUG] [org.gradle.launcher.daemon.registry.PersistentDaemonRegistry] Marking busy by address: [bf9560a8-3386-41da-9b73-86f9d79e54da port:58339, addresses:[localhost/127.0.0.1]]
2026-05-17T01:00:17.110+0530 [DEBUG] [org.gradle.cache.internal.DefaultFileLockManager] Waiting to acquire exclusive lock on daemon addresses registry.
2026-05-17T01:00:17.111+0530 [DEBUG] [org.gradle.cache.internal.DefaultFileLockManager] Lock acquired on daemon addresses registry.
2026-05-17T01:00:17.113+0530 [DEBUG] [org.gradle.cache.internal.DefaultFileLockManager] Releasing lock on daemon addresses registry.
2026-05-17T01:00:17.114+0530 [DEBUG] [org.gradle.launcher.daemon.server.DaemonStateCoordinator] daemon is running. Sleeping until state changes.
2026-05-17T01:00:17.114+0530 [DEBUG] [org.gradle.launcher.daemon.server.exec.ReturnResult] Daemon is dispatching the build result: Success[value=org.gradle.launcher.exec.BuildActionResult@5ac3cd9d]
2026-05-17T01:00:17.114+0530 [DEBUG] [org.gradle.launcher.daemon.server.SynchronizedDispatchConnection] thread 31: dispatching Success[value=org.gradle.launcher.exec.BuildActionResult@5ac3cd9d]
2026-05-17T01:00:17.127+0530 [DEBUG] [org.gradle.launcher.daemon.server.DefaultIncomingConnectionHandler] Finishing executing command: Build{id=2f9d2501-2641-402d-a01e-b8e78dfba90b, currentDir=C:\Users\HP\OneDrive\Desktop\kulli file}
2026-05-17T01:00:17.127+0530 [DEBUG] [org.gradle.launcher.daemon.server.exec.CleanUpVirtualFileSystemAfterBuild] Cleaning virtual file system after build finished
2026-05-17T01:00:17.148+0530 [DEBUG] [org.gradle.launcher.daemon.server.SynchronizedDispatchConnection] thread 32: received class org.gradle.launcher.daemon.protocol.CloseInput
2026-05-17T01:00:17.148+0530 [DEBUG] [org.gradle.launcher.daemon.server.DefaultDaemonConnection] thread 32: Received IO message from client: org.gradle.launcher.daemon.protocol.CloseInput@b33b811
2026-05-17T01:00:17.149+0530 [DEBUG] [org.gradle.launcher.daemon.server.SynchronizedDispatchConnection] thread 32: received class org.gradle.launcher.daemon.protocol.Finished
2026-05-17T01:00:17.149+0530 [DEBUG] [org.gradle.launcher.daemon.server.DefaultDaemonConnection] thread 32: Received non-IO message from client: org.gradle.launcher.daemon.protocol.Finished@66912161
2026-05-17T01:00:17.149+0530 [DEBUG] [org.gradle.launcher.daemon.server.DefaultIncomingConnectionHandler] Received finished message: org.gradle.launcher.daemon.protocol.Finished@66912161
2026-05-17T01:00:17.149+0530 [DEBUG] [org.gradle.launcher.daemon.server.SynchronizedDispatchConnection] thread 31: stopping connection
2026-05-17T01:00:17.150+0530 [DEBUG] [org.gradle.internal.remote.internal.inet.SocketConnection] Discarding EOFException: java.io.EOFException
2026-05-17T01:00:17.150+0530 [DEBUG] [org.gradle.launcher.daemon.server.SynchronizedDispatchConnection] thread 32: received null
2026-05-17T01:00:17.150+0530 [DEBUG] [org.gradle.launcher.daemon.server.DefaultDaemonConnection] thread 32: Received end-of-input from client.
2026-05-17T01:00:17.152+0530 [DEBUG] [org.gradle.launcher.daemon.server.SynchronizedDispatchConnection] thread 31: stopping connection
2026-05-17T01:00:17.245+0530 [DEBUG] [org.gradle.launcher.daemon.server.Daemon] Starting periodic daemon health check.
2026-05-17T01:00:17.248+0530 [DEBUG] [org.gradle.cache.internal.DefaultFileLockManager] Waiting to acquire shared lock on daemon addresses registry.
2026-05-17T01:00:17.248+0530 [DEBUG] [org.gradle.cache.internal.DefaultFileLockManager] Lock acquired on daemon addresses registry.
2026-05-17T01:00:17.249+0530 [DEBUG] [org.gradle.cache.internal.DefaultFileLockManager] Releasing lock on daemon addresses registry.
2026-05-17T01:00:17.254+0530 [DEBUG] [org.gradle.cache.internal.DefaultFileLockManager] Waiting to acquire shared lock on daemon addresses registry.
2026-05-17T01:00:17.255+0530 [DEBUG] [org.gradle.cache.internal.DefaultFileLockManager] Lock acquired on daemon addresses registry.
2026-05-17T01:00:17.256+0530 [DEBUG] [org.gradle.cache.internal.DefaultFileLockManager] Releasing lock on daemon addresses registry.
2026-05-17T01:00:17.256+0530 [DEBUG] [org.gradle.launcher.daemon.server.Daemon] Finished periodic daemon health check.
2026-05-17T01:00:27.248+0530 [DEBUG] [org.gradle.launcher.daemon.server.Daemon] Starting periodic daemon health check.
2026-05-17T01:00:27.267+0530 [DEBUG] [org.gradle.cache.internal.DefaultFileLockManager] Waiting to acquire shared lock on daemon addresses registry.
2026-05-17T01:00:27.267+0530 [DEBUG] [org.gradle.cache.internal.DefaultFileLockManager] Lock acquired on daemon addresses registry.
2026-05-17T01:00:27.268+0530 [DEBUG] [org.gradle.cache.internal.DefaultFileLockManager] Releasing lock on daemon addresses registry.
2026-05-17T01:00:27.272+0530 [DEBUG] [org.gradle.cache.internal.DefaultFileLockManager] Waiting to acquire shared lock on daemon addresses registry.
2026-05-17T01:00:27.272+0530 [DEBUG] [org.gradle.cache.internal.DefaultFileLockManager] Lock acquired on daemon addresses registry.
2026-05-17T01:00:27.274+0530 [DEBUG] [org.gradle.cache.internal.DefaultFileLockManager] Releasing lock on daemon addresses registry.
2026-05-17T01:00:27.275+0530 [DEBUG] [org.gradle.launcher.daemon.server.Daemon] Finished periodic daemon health check.
2026-05-17T01:00:28.123+0530 [DEBUG] [org.gradle.process.internal.health.memory.DefaultMemoryManager] 1635715891 physical memory requested, 1634967552 free
2026-05-17T01:00:28.123+0530 [DEBUG] [org.gradle.workers.internal.WorkerDaemonExpiration] Will attempt to release 1559 of memory
2026-05-17T01:00:28.125+0530 [DEBUG] [org.gradle.process.internal.health.memory.DefaultMemoryManager] 1635715891 physical memory requested, 0 released, 1634967552 free
2026-05-17T01:00:33.114+0530 [DEBUG] [org.gradle.process.internal.health.memory.DefaultMemoryManager] 1635715891 physical memory requested, 1629388800 free
2026-05-17T01:00:33.115+0530 [DEBUG] [org.gradle.workers.internal.WorkerDaemonExpiration] Will attempt to release 1559 of memory
2026-05-17T01:00:33.115+0530 [DEBUG] [org.gradle.process.internal.health.memory.DefaultMemoryManager] 1635715891 physical memory requested, 0 released, 1629388800 free
2026-05-17T01:00:37.248+0530 [DEBUG] [org.gradle.launcher.daemon.server.Daemon] Starting periodic daemon health check.
2026-05-17T01:00:37.250+0530 [DEBUG] [org.gradle.cache.internal.DefaultFileLockManager] Waiting to acquire shared lock on daemon addresses registry.
2026-05-17T01:00:37.250+0530 [DEBUG] [org.gradle.cache.internal.DefaultFileLockManager] Lock acquired on daemon addresses registry.
2026-05-17T01:00:37.250+0530 [DEBUG] [org.gradle.cache.internal.DefaultFileLockManager] Releasing lock on daemon addresses registry.
2026-05-17T01:00:37.252+0530 [DEBUG] [org.gradle.cache.internal.DefaultFileLockManager] Waiting to acquire shared lock on daemon addresses registry.
2026-05-17T01:00:37.252+0530 [DEBUG] [org.gradle.cache.internal.DefaultFileLockManager] Lock acquired on daemon addresses registry.
2026-05-17T01:00:37.252+0530 [DEBUG] [org.gradle.cache.internal.DefaultFileLockManager] Releasing lock on daemon addresses registry.
2026-05-17T01:00:37.253+0530 [DEBUG] [org.gradle.launcher.daemon.server.Daemon] Finished periodic daemon health check.
2026-05-17T01:00:43.112+0530 [DEBUG] [org.gradle.process.internal.health.memory.DefaultMemoryManager] 1635715891 physical memory requested, 1600196608 free
2026-05-17T01:00:43.112+0530 [DEBUG] [org.gradle.workers.internal.WorkerDaemonExpiration] Will attempt to release 1559 of memory
2026-05-17T01:00:43.112+0530 [DEBUG] [org.gradle.process.internal.health.memory.DefaultMemoryManager] 1635715891 physical memory requested, 0 released, 1600196608 free
2026-05-17T01:00:47.250+0530 [DEBUG] [org.gradle.launcher.daemon.server.Daemon] Starting periodic daemon health check.
2026-05-17T01:00:47.252+0530 [DEBUG] [org.gradle.cache.internal.DefaultFileLockManager] Waiting to acquire shared lock on daemon addresses registry.
2026-05-17T01:00:47.252+0530 [DEBUG] [org.gradle.cache.internal.DefaultFileLockManager] Lock acquired on daemon addresses registry.
2026-05-17T01:00:47.253+0530 [DEBUG] [org.gradle.cache.internal.DefaultFileLockManager] Releasing lock on daemon addresses registry.
2026-05-17T01:00:47.255+0530 [DEBUG] [org.gradle.cache.internal.DefaultFileLockManager] Waiting to acquire shared lock on daemon addresses registry.
2026-05-17T01:00:47.255+0530 [DEBUG] [org.gradle.cache.internal.DefaultFileLockManager] Lock acquired on daemon addresses registry.
2026-05-17T01:00:47.256+0530 [DEBUG] [org.gradle.cache.internal.DefaultFileLockManager] Releasing lock on daemon addresses registry.
2026-05-17T01:00:47.256+0530 [DEBUG] [org.gradle.launcher.daemon.server.Daemon] Finished periodic daemon health check.
2026-05-17T01:00:48.120+0530 [DEBUG] [org.gradle.process.internal.health.memory.DefaultMemoryManager] 1635715891 physical memory requested, 1578471424 free
2026-05-17T01:00:48.120+0530 [DEBUG] [org.gradle.workers.internal.WorkerDaemonExpiration] Will attempt to release 1559 of memory
2026-05-17T01:00:48.120+0530 [DEBUG] [org.gradle.process.internal.health.memory.DefaultMemoryManager] 1635715891 physical memory requested, 0 released, 1578471424 free
2026-05-17T01:00:53.112+0530 [DEBUG] [org.gradle.process.internal.health.memory.DefaultMemoryManager] 1635715891 physical memory requested, 1573564416 free
2026-05-17T01:00:53.112+0530 [DEBUG] [org.gradle.workers.internal.WorkerDaemonExpiration] Will attempt to release 1559 of memory
2026-05-17T01:00:53.112+0530 [DEBUG] [org.gradle.process.internal.health.memory.DefaultMemoryManager] 1635715891 physical memory requested, 0 released, 1573564416 free
2026-05-17T01:00:57.250+0530 [DEBUG] [org.gradle.launcher.daemon.server.Daemon] Starting periodic daemon health check.
2026-05-17T01:00:57.252+0530 [DEBUG] [org.gradle.cache.internal.DefaultFileLockManager] Waiting to acquire shared lock on daemon addresses registry.
2026-05-17T01:00:57.252+0530 [DEBUG] [org.gradle.cache.internal.DefaultFileLockManager] Lock acquired on daemon addresses registry.
2026-05-17T01:00:57.253+0530 [DEBUG] [org.gradle.cache.internal.DefaultFileLockManager] Releasing lock on daemon addresses registry.
2026-05-17T01:00:57.254+0530 [DEBUG] [org.gradle.cache.internal.DefaultFileLockManager] Waiting to acquire shared lock on daemon addresses registry.
2026-05-17T01:00:57.254+0530 [DEBUG] [org.gradle.cache.internal.DefaultFileLockManager] Lock acquired on daemon addresses registry.
2026-05-17T01:00:57.255+0530 [DEBUG] [org.gradle.cache.internal.DefaultFileLockManager] Releasing lock on daemon addresses registry.
2026-05-17T01:00:57.255+0530 [DEBUG] [org.gradle.launcher.daemon.server.Daemon] Finished periodic daemon health check.
2026-05-17T01:00:58.121+0530 [DEBUG] [org.gradle.process.internal.health.memory.DefaultMemoryManager] 1635715891 physical memory requested, 1586659328 free
2026-05-17T01:00:58.121+0530 [DEBUG] [org.gradle.workers.internal.WorkerDaemonExpiration] Will attempt to release 1559 of memory
2026-05-17T01:00:58.121+0530 [DEBUG] [org.gradle.process.internal.health.memory.DefaultMemoryManager] 1635715891 physical memory requested, 0 released, 1586659328 free
2026-05-17T01:01:03.115+0530 [DEBUG] [org.gradle.process.internal.health.memory.DefaultMemoryManager] 1635715891 physical memory requested, 1558065152 free
2026-05-17T01:01:03.115+0530 [DEBUG] [org.gradle.workers.internal.WorkerDaemonExpiration] Will attempt to release 1559 of memory
2026-05-17T01:01:03.115+0530 [DEBUG] [org.gradle.process.internal.health.memory.DefaultMemoryManager] 1635715891 physical memory requested, 0 released, 1558065152 free
2026-05-17T01:01:07.250+0530 [DEBUG] [org.gradle.launcher.daemon.server.Daemon] Starting periodic daemon health check.
2026-05-17T01:01:07.252+0530 [DEBUG] [org.gradle.cache.internal.DefaultFileLockManager] Waiting to acquire shared lock on daemon addresses registry.
2026-05-17T01:01:07.252+0530 [DEBUG] [org.gradle.cache.internal.DefaultFileLockManager] Lock acquired on daemon addresses registry.
2026-05-17T01:01:07.253+0530 [DEBUG] [org.gradle.cache.internal.DefaultFileLockManager] Releasing lock on daemon addresses registry.
2026-05-17T01:01:07.254+0530 [DEBUG] [org.gradle.cache.internal.DefaultFileLockManager] Waiting to acquire shared lock on daemon addresses registry.
2026-05-17T01:01:07.254+0530 [DEBUG] [org.gradle.cache.internal.DefaultFileLockManager] Lock acquired on daemon addresses registry.
2026-05-17T01:01:07.255+0530 [DEBUG] [org.gradle.cache.internal.DefaultFileLockManager] Releasing lock on daemon addresses registry.
2026-05-17T01:01:07.255+0530 [DEBUG] [org.gradle.launcher.daemon.server.Daemon] Finished periodic daemon health check.
2026-05-17T01:01:08.119+0530 [DEBUG] [org.gradle.process.internal.health.memory.DefaultMemoryManager] 1635715891 physical memory requested, 1536024576 free
2026-05-17T01:01:08.120+0530 [DEBUG] [org.gradle.workers.internal.WorkerDaemonExpiration] Will attempt to release 1559 of memory
2026-05-17T01:01:08.120+0530 [DEBUG] [org.gradle.process.internal.health.memory.DefaultMemoryManager] 1635715891 physical memory requested, 0 released, 1536024576 free
2026-05-17T01:01:13.112+0530 [DEBUG] [org.gradle.process.internal.health.memory.DefaultMemoryManager] 1635715891 physical memory requested, 1534365696 free
2026-05-17T01:01:13.112+0530 [DEBUG] [org.gradle.workers.internal.WorkerDaemonExpiration] Will attempt to release 1559 of memory
2026-05-17T01:01:13.113+0530 [DEBUG] [org.gradle.process.internal.health.memory.DefaultMemoryManager] 1635715891 physical memory requested, 0 released, 1534365696 free
2026-05-17T01:01:17.249+0530 [DEBUG] [org.gradle.launcher.daemon.server.Daemon] Starting periodic daemon health check.
2026-05-17T01:01:17.251+0530 [DEBUG] [org.gradle.cache.internal.DefaultFileLockManager] Waiting to acquire shared lock on daemon addresses registry.
2026-05-17T01:01:17.251+0530 [DEBUG] [org.gradle.cache.internal.DefaultFileLockManager] Lock acquired on daemon addresses registry.
2026-05-17T01:01:17.251+0530 [DEBUG] [org.gradle.cache.internal.DefaultFileLockManager] Releasing lock on daemon addresses registry.
2026-05-17T01:01:17.253+0530 [DEBUG] [org.gradle.cache.internal.DefaultFileLockManager] Waiting to acquire shared lock on daemon addresses registry.
2026-05-17T01:01:17.253+0530 [DEBUG] [org.gradle.cache.internal.DefaultFileLockManager] Lock acquired on daemon addresses registry.
2026-05-17T01:01:17.254+0530 [DEBUG] [org.gradle.cache.internal.DefaultFileLockManager] Releasing lock on daemon addresses registry.
2026-05-17T01:01:17.254+0530 [DEBUG] [org.gradle.launcher.daemon.server.Daemon] Finished periodic daemon health check.
2026-05-17T01:01:18.125+0530 [DEBUG] [org.gradle.process.internal.health.memory.DefaultMemoryManager] 1635715891 physical memory requested, 1450442752 free
2026-05-17T01:01:18.125+0530 [DEBUG] [org.gradle.workers.internal.WorkerDaemonExpiration] Will attempt to release 1559 of memory
2026-05-17T01:01:18.125+0530 [DEBUG] [org.gradle.process.internal.health.memory.DefaultMemoryManager] 1635715891 physical memory requested, 0 released, 1450442752 free
2026-05-17T01:01:18.802+0530 [DEBUG] [org.gradle.internal.watch.vfs.impl.WatchingVirtualFileSystem] Handling VFS change MODIFIED C:\Users\HP\OneDrive\Desktop\kulli file\build.gradle.kts
2026-05-17T01:01:23.124+0530 [DEBUG] [org.gradle.process.internal.health.memory.DefaultMemoryManager] 1635715891 physical memory requested, 1382903808 free
2026-05-17T01:01:23.124+0530 [DEBUG] [org.gradle.workers.internal.WorkerDaemonExpiration] Will attempt to release 1559 of memory
2026-05-17T01:01:23.124+0530 [DEBUG] [org.gradle.process.internal.health.memory.DefaultMemoryManager] 1635715891 physical memory requested, 0 released, 1382903808 free
2026-05-17T01:01:27.250+0530 [DEBUG] [org.gradle.launcher.daemon.server.Daemon] Starting periodic daemon health check.
2026-05-17T01:01:27.251+0530 [DEBUG] [org.gradle.cache.internal.DefaultFileLockManager] Waiting to acquire shared lock on daemon addresses registry.
2026-05-17T01:01:27.251+0530 [DEBUG] [org.gradle.cache.internal.DefaultFileLockManager] Lock acquired on daemon addresses registry.
2026-05-17T01:01:27.252+0530 [DEBUG] [org.gradle.cache.internal.DefaultFileLockManager] Releasing lock on daemon addresses registry.
2026-05-17T01:01:27.253+0530 [DEBUG] [org.gradle.cache.internal.DefaultFileLockManager] Waiting to acquire shared lock on daemon addresses registry.
2026-05-17T01:01:27.253+0530 [DEBUG] [org.gradle.cache.internal.DefaultFileLockManager] Lock acquired on daemon addresses registry.
2026-05-17T01:01:27.254+0530 [DEBUG] [org.gradle.cache.internal.DefaultFileLockManager] Releasing lock on daemon addresses registry.
2026-05-17T01:01:27.254+0530 [DEBUG] [org.gradle.launcher.daemon.server.Daemon] Finished periodic daemon health check.
2026-05-17T01:01:28.118+0530 [DEBUG] [org.gradle.process.internal.health.memory.DefaultMemoryManager] 1635715891 physical memory requested, 1385529344 free
2026-05-17T01:01:28.119+0530 [DEBUG] [org.gradle.workers.internal.WorkerDaemonExpiration] Will attempt to release 1559 of memory
2026-05-17T01:01:28.119+0530 [DEBUG] [org.gradle.process.internal.health.memory.DefaultMemoryManager] 1635715891 physical memory requested, 0 released, 1385529344 free
2026-05-17T01:01:33.114+0530 [DEBUG] [org.gradle.process.internal.health.memory.DefaultMemoryManager] 1635715891 physical memory requested, 1389223936 free
2026-05-17T01:01:33.115+0530 [DEBUG] [org.gradle.workers.internal.WorkerDaemonExpiration] Will attempt to release 1559 of memory
2026-05-17T01:01:33.115+0530 [DEBUG] [org.gradle.process.internal.health.memory.DefaultMemoryManager] 1635715891 physical memory requested, 0 released, 1389223936 free
2026-05-17T01:01:35.381+0530 [DEBUG] [org.gradle.internal.watch.vfs.impl.WatchingVirtualFileSystem] Handling VFS change MODIFIED C:\Users\HP\OneDrive\Desktop\kulli file\app\build.gradle.kts
2026-05-17T01:01:37.242+0530 [DEBUG] [org.gradle.launcher.daemon.server.Daemon] Starting periodic daemon health check.
2026-05-17T01:01:37.245+0530 [DEBUG] [org.gradle.cache.internal.DefaultFileLockManager] Waiting to acquire shared lock on daemon addresses registry.
2026-05-17T01:01:37.245+0530 [DEBUG] [org.gradle.cache.internal.DefaultFileLockManager] Lock acquired on daemon addresses registry.
2026-05-17T01:01:37.246+0530 [DEBUG] [org.gradle.cache.internal.DefaultFileLockManager] Releasing lock on daemon addresses registry.
2026-05-17T01:01:37.249+0530 [DEBUG] [org.gradle.cache.internal.DefaultFileLockManager] Waiting to acquire shared lock on daemon addresses registry.
2026-05-17T01:01:37.250+0530 [DEBUG] [org.gradle.cache.internal.DefaultFileLockManager] Lock acquired on daemon addresses registry.
2026-05-17T01:01:37.250+0530 [DEBUG] [org.gradle.cache.internal.DefaultFileLockManager] Releasing lock on daemon addresses registry.
2026-05-17T01:01:37.251+0530 [DEBUG] [org.gradle.launcher.daemon.server.Daemon] Finished periodic daemon health check.
2026-05-17T01:01:38.115+0530 [DEBUG] [org.gradle.process.internal.health.memory.DefaultMemoryManager] 1635715891 physical memory requested, 1319358464 free
2026-05-17T01:01:38.115+0530 [DEBUG] [org.gradle.workers.internal.WorkerDaemonExpiration] Will attempt to release 1559 of memory
2026-05-17T01:01:38.116+0530 [DEBUG] [org.gradle.process.internal.health.memory.DefaultMemoryManager] 1635715891 physical memory requested, 0 released, 1319358464 free
2026-05-17T01:01:43.114+0530 [DEBUG] [org.gradle.process.internal.health.memory.DefaultMemoryManager] 1635715891 physical memory requested, 1314574336 free
2026-05-17T01:01:43.114+0530 [DEBUG] [org.gradle.workers.internal.WorkerDaemonExpiration] Will attempt to release 1559 of memory
2026-05-17T01:01:43.114+0530 [DEBUG] [org.gradle.process.internal.health.memory.DefaultMemoryManager] 1635715891 physical memory requested, 0 released, 1314574336 free
2026-05-17T01:01:47.243+0530 [DEBUG] [org.gradle.launcher.daemon.server.Daemon] Starting periodic daemon health check.
2026-05-17T01:01:47.245+0530 [DEBUG] [org.gradle.cache.internal.DefaultFileLockManager] Waiting to acquire shared lock on daemon addresses registry.
2026-05-17T01:01:47.245+0530 [DEBUG] [org.gradle.cache.internal.DefaultFileLockManager] Lock acquired on daemon addresses registry.
2026-05-17T01:01:47.246+0530 [DEBUG] [org.gradle.cache.internal.DefaultFileLockManager] Releasing lock on daemon addresses registry.
2026-05-17T01:01:47.248+0530 [DEBUG] [org.gradle.cache.internal.DefaultFileLockManager] Waiting to acquire shared lock on daemon addresses registry.
2026-05-17T01:01:47.248+0530 [DEBUG] [org.gradle.cache.internal.DefaultFileLockManager] Lock acquired on daemon addresses registry.
2026-05-17T01:01:47.249+0530 [DEBUG] [org.gradle.cache.internal.DefaultFileLockManager] Releasing lock on daemon addresses registry.
2026-05-17T01:01:47.249+0530 [DEBUG] [org.gradle.launcher.daemon.server.Daemon] Finished periodic daemon health check.
2026-05-17T01:01:48.120+0530 [DEBUG] [org.gradle.process.internal.health.memory.DefaultMemoryManager] 1635715891 physical memory requested, 1345556480 free
2026-05-17T01:01:48.121+0530 [DEBUG] [org.gradle.workers.internal.WorkerDaemonExpiration] Will attempt to release 1559 of memory
2026-05-17T01:01:48.121+0530 [DEBUG] [org.gradle.process.internal.health.memory.DefaultMemoryManager] 1635715891 physical memory requested, 0 released, 1345556480 free
2026-05-17T01:01:53.113+0530 [DEBUG] [org.gradle.process.internal.health.memory.DefaultMemoryManager] 1635715891 physical memory requested, 1372323840 free
2026-05-17T01:01:53.114+0530 [DEBUG] [org.gradle.workers.internal.WorkerDaemonExpiration] Will attempt to release 1559 of memory
2026-05-17T01:01:53.114+0530 [DEBUG] [org.gradle.process.internal.health.memory.DefaultMemoryManager] 1635715891 physical memory requested, 0 released, 1372323840 free
2026-05-17T01:01:57.240+0530 [DEBUG] [org.gradle.launcher.daemon.server.Daemon] Starting periodic daemon health check.
2026-05-17T01:01:57.242+0530 [DEBUG] [org.gradle.cache.internal.DefaultFileLockManager] Waiting to acquire shared lock on daemon addresses registry.
2026-05-17T01:01:57.242+0530 [DEBUG] [org.gradle.cache.internal.DefaultFileLockManager] Lock acquired on daemon addresses registry.
2026-05-17T01:01:57.242+0530 [DEBUG] [org.gradle.cache.internal.DefaultFileLockManager] Releasing lock on daemon addresses registry.
2026-05-17T01:01:57.244+0530 [DEBUG] [org.gradle.cache.internal.DefaultFileLockManager] Waiting to acquire shared lock on daemon addresses registry.
2026-05-17T01:01:57.244+0530 [DEBUG] [org.gradle.cache.internal.DefaultFileLockManager] Lock acquired on daemon addresses registry.
2026-05-17T01:01:57.244+0530 [DEBUG] [org.gradle.cache.internal.DefaultFileLockManager] Releasing lock on daemon addresses registry.
2026-05-17T01:01:57.245+0530 [DEBUG] [org.gradle.launcher.daemon.server.Daemon] Finished periodic daemon health check.
2026-05-17T01:01:58.117+0530 [DEBUG] [org.gradle.process.internal.health.memory.DefaultMemoryManager] 1635715891 physical memory requested, 1364725760 free
2026-05-17T01:01:58.117+0530 [DEBUG] [org.gradle.workers.internal.WorkerDaemonExpiration] Will attempt to release 1559 of memory
2026-05-17T01:01:58.118+0530 [DEBUG] [org.gradle.process.internal.health.memory.DefaultMemoryManager] 1635715891 physical memory requested, 0 released, 1364725760 free
2026-05-17T01:02:03.108+0530 [DEBUG] [org.gradle.process.internal.health.memory.DefaultMemoryManager] 1635715891 physical memory requested, 1382014976 free
2026-05-17T01:02:03.108+0530 [DEBUG] [org.gradle.workers.internal.WorkerDaemonExpiration] Will attempt to release 1559 of memory
2026-05-17T01:02:03.109+0530 [DEBUG] [org.gradle.process.internal.health.memory.DefaultMemoryManager] 1635715891 physical memory requested, 0 released, 1382014976 free
2026-05-17T01:02:07.248+0530 [DEBUG] [org.gradle.launcher.daemon.server.Daemon] Starting periodic daemon health check.
2026-05-17T01:02:07.251+0530 [DEBUG] [org.gradle.cache.internal.DefaultFileLockManager] Waiting to acquire shared lock on daemon addresses registry.
2026-05-17T01:02:07.251+0530 [DEBUG] [org.gradle.cache.internal.DefaultFileLockManager] Lock acquired on daemon addresses registry.
2026-05-17T01:02:07.251+0530 [DEBUG] [org.gradle.cache.internal.DefaultFileLockManager] Releasing lock on daemon addresses registry.
2026-05-17T01:02:07.253+0530 [DEBUG] [org.gradle.cache.internal.DefaultFileLockManager] Waiting to acquire shared lock on daemon addresses registry.
2026-05-17T01:02:07.253+0530 [DEBUG] [org.gradle.cache.internal.DefaultFileLockManager] Lock acquired on daemon addresses registry.
2026-05-17T01:02:07.253+0530 [DEBUG] [org.gradle.cache.internal.DefaultFileLockManager] Releasing lock on daemon addresses registry.
2026-05-17T01:02:07.253+0530 [DEBUG] [org.gradle.launcher.daemon.server.Daemon] Finished periodic daemon health check.
2026-05-17T01:02:08.110+0530 [DEBUG] [org.gradle.process.internal.health.memory.DefaultMemoryManager] 1635715891 physical memory requested, 1363025920 free
2026-05-17T01:02:08.110+0530 [DEBUG] [org.gradle.workers.internal.WorkerDaemonExpiration] Will attempt to release 1559 of memory
2026-05-17T01:02:08.110+0530 [DEBUG] [org.gradle.process.internal.health.memory.DefaultMemoryManager] 1635715891 physical memory requested, 0 released, 1363025920 free
2026-05-17T01:02:11.229+0530 [DEBUG] [org.gradle.internal.remote.internal.inet.TcpIncomingConnector] Accepted connection from /127.0.0.1:51124 to /127.0.0.1:58339.
2026-05-17T01:02:11.245+0530 [DEBUG] [org.gradle.launcher.daemon.server.SynchronizedDispatchConnection] thread 83: received class org.gradle.launcher.daemon.protocol.Build
2026-05-17T01:02:11.245+0530 [DEBUG] [org.gradle.launcher.daemon.server.DefaultDaemonConnection] thread 83: Received non-IO message from client: Build{id=e8b83733-60e2-4992-9a05-3f81d44a6594, currentDir=C:\Users\HP\OneDrive\Desktop\kulli file}
2026-05-17T01:02:11.245+0530 [INFO] [org.gradle.launcher.daemon.server.DefaultIncomingConnectionHandler] Received command: Build{id=e8b83733-60e2-4992-9a05-3f81d44a6594, currentDir=C:\Users\HP\OneDrive\Desktop\kulli file}.
2026-05-17T01:02:11.245+0530 [DEBUG] [org.gradle.launcher.daemon.server.DefaultIncomingConnectionHandler] Starting executing command: Build{id=e8b83733-60e2-4992-9a05-3f81d44a6594, currentDir=C:\Users\HP\OneDrive\Desktop\kulli file} with connection: socket connection from /127.0.0.1:58339 to /127.0.0.1:51124.
2026-05-17T01:02:11.246+0530 [DEBUG] [org.gradle.launcher.daemon.server.DaemonStateCoordinator] Command execution: started DaemonCommandExecution[command = Build{id=e8b83733-60e2-4992-9a05-3f81d44a6594, currentDir=C:\Users\HP\OneDrive\Desktop\kulli file}, connection = DefaultDaemonConnection: socket connection from /127.0.0.1:58339 to /127.0.0.1:51124] after 1.9022833333333333 minutes of idle
2026-05-17T01:02:11.246+0530 [INFO] [org.gradle.launcher.daemon.server.DaemonRegistryUpdater] Marking the daemon as busy, address: [bf9560a8-3386-41da-9b73-86f9d79e54da port:58339, addresses:[localhost/127.0.0.1]]
2026-05-17T01:02:11.246+0530 [DEBUG] [org.gradle.launcher.daemon.registry.PersistentDaemonRegistry] Marking busy by address: [bf9560a8-3386-41da-9b73-86f9d79e54da port:58339, addresses:[localhost/127.0.0.1]]
2026-05-17T01:02:11.247+0530 [DEBUG] [org.gradle.cache.internal.DefaultFileLockManager] Waiting to acquire exclusive lock on daemon addresses registry.
2026-05-17T01:02:11.247+0530 [DEBUG] [org.gradle.cache.internal.DefaultFileLockManager] Lock acquired on daemon addresses registry.
2026-05-17T01:02:11.248+0530 [DEBUG] [org.gradle.cache.internal.DefaultFileLockManager] Releasing lock on daemon addresses registry.
2026-05-17T01:02:11.249+0530 [DEBUG] [org.gradle.launcher.daemon.server.DaemonStateCoordinator] resetting idle timer
2026-05-17T01:02:11.249+0530 [DEBUG] [org.gradle.launcher.daemon.server.DaemonStateCoordinator] daemon is running. Sleeping until state changes.
2026-05-17T01:02:11.249+0530 [INFO] [org.gradle.launcher.daemon.server.exec.StartBuildOrRespondWithBusy] Daemon is about to start building Build{id=e8b83733-60e2-4992-9a05-3f81d44a6594, currentDir=C:\Users\HP\OneDrive\Desktop\kulli file}. Dispatching build started information...
2026-05-17T01:02:11.249+0530 [DEBUG] [org.gradle.launcher.daemon.server.SynchronizedDispatchConnection] thread 85: dispatching org.gradle.launcher.daemon.protocol.BuildStarted@3b24cf28
2026-05-17T01:02:11.250+0530 [DEBUG] [org.gradle.launcher.daemon.server.exec.EstablishBuildEnvironment] Configuring env variables: [USERDOMAIN_ROAMINGPROFILE, LOCALAPPDATA, PROCESSOR_LEVEL, RegionCode, USERDOMAIN, LOGONSERVER, SESSIONNAME, ALLUSERSPROFILE, PROCESSOR_ARCHITECTURE, AMDRMSDKPATH, PSModulePath, SystemDrive, OneDrive, APPDATA, USERNAME, ProgramFiles(x86), CommonProgramFiles, Path, PATHEXT, DriverData, OS, COMPUTERNAME, OnlineServices, EFC_10680_4126798990, PROCESSOR_REVISION, platformcode, CommonProgramW6432, ComSpec, ProgramData, ProgramW6432, TEMP, HOMEPATH, SystemRoot, PROCESSOR_IDENTIFIER, HOMEDRIVE, USERPROFILE, TMP, CommonProgramFiles(x86), ProgramFiles, PUBLIC, windir, NUMBER_OF_PROCESSORS, EFC_10680_1592913036, =::]
2026-05-17T01:02:11.251+0530 [DEBUG] [org.gradle.launcher.daemon.server.exec.LogToClient] About to start relaying all logs to the client via the connection.
2026-05-17T01:02:11.251+0530 [INFO] [org.gradle.launcher.daemon.server.exec.LogToClient] The client will now receive all logging from the daemon (pid: 28808). The daemon log file: C:\Users\HP\OneDrive\Desktop\Rajesh folder\daemon\9.4.1\daemon-28808.out.log
2026-05-17T01:02:11.252+0530 [INFO] [org.gradle.launcher.daemon.server.exec.LogAndCheckHealth] Starting 2nd build in daemon [uptime: 2 mins 34.283 secs, performance: 99%, GC rate: 0.00/s, heap usage: 0% of 2 GiB]
2026-05-17T01:02:11.253+0530 [DEBUG] [org.gradle.launcher.daemon.server.exec.ExecuteBuild] The daemon has started executing the build.
2026-05-17T01:02:11.253+0530 [DEBUG] [org.gradle.launcher.daemon.server.exec.ExecuteBuild] Executing build with daemon context: DefaultDaemonContext[uid=293127d5-5cad-41b6-b559-89d81bf71abb,javaHome=C:\Program Files\Android\Android Studio\jbr,javaVersion=21,javaVendor=JetBrains s.r.o.,daemonRegistryDir=C:\Users\HP\OneDrive\Desktop\Rajesh folder\daemon,pid=28808,idleTimeout=10800000,priority=NORMAL,applyInstrumentationAgent=true,nativeServicesMode=ENABLED,daemonOpts=-Xmx2048m,-Dfile.encoding=UTF-8,-Duser.country=IN,-Duser.language=en,-Duser.variant]
w: file:///C:/Users/HP/OneDrive/Desktop/kulli%20file/app/build.gradle.kts:7:1: 'fun Project.android(configure: Action<BaseAppModuleExtension>): Unit' is deprecated. Replaced by com.android.build.api.dsl.ApplicationExtension.
This class is not used for the public extensions in AGP when android.newDsl=true, which is the default in AGP 9.0, and will be removed in AGP 10.0.
warning: Deprecated 'org.jetbrains.kotlin.android' plugin usageThe 'org.jetbrains.kotlin.android' plugin in project ':app' is no longer required for Kotlin support since AGP 9.0.Solution: Remove both `android.builtInKotlin=true` and `android.newDsl=false` from `gradle.properties`, then migrate to built-in Kotlin.See https://kotl.in/gradle/agp-built-in-kotlin for more details. 

w: Deprecated 'org.jetbrains.kotlin.android' plugin usage
The 'org.jetbrains.kotlin.android' plugin in project ':app' is no longer required for Kotlin support since AGP 9.0.
Solution: Remove both `android.builtInKotlin=true` and `android.newDsl=false` from `gradle.properties`, then migrate to built-in Kotlin.
See https://kotl.in/gradle/agp-built-in-kotlin for more details.


[Incubating] Problems report is available at: file:///C:/Users/HP/OneDrive/Desktop/kulli%20file/build/reports/problems/problems-report.html

BUILD SUCCESSFUL in 57s
2026-05-17T01:03:05.454+0530 [DEBUG] [org.gradle.launcher.daemon.server.exec.ExecuteBuild] The daemon has finished executing the build.
2026-05-17T01:03:05.478+0530 [DEBUG] [org.gradle.launcher.daemon.server.DaemonStateCoordinator] daemon is running. Sleeping until state changes.
2026-05-17T01:03:05.479+0530 [DEBUG] [org.gradle.launcher.daemon.server.DaemonStateCoordinator] Command execution: finished waiting for DaemonCommandExecution[command = Build{id=e8b83733-60e2-4992-9a05-3f81d44a6594, currentDir=C:\Users\HP\OneDrive\Desktop\kulli file}, connection = DefaultDaemonConnection: socket connection from /127.0.0.1:58339 to /127.0.0.1:51124]. Result org.gradle.launcher.daemon.server.DaemonStateCoordinator@67c3e3a7 with state Busy
2026-05-17T01:03:05.483+0530 [DEBUG] [org.gradle.launcher.daemon.server.DaemonStateCoordinator] Command execution: completed DaemonCommandExecution[command = Build{id=e8b83733-60e2-4992-9a05-3f81d44a6594, currentDir=C:\Users\HP\OneDrive\Desktop\kulli file}, connection = DefaultDaemonConnection: socket connection from /127.0.0.1:58339 to /127.0.0.1:51124]
2026-05-17T01:03:05.483+0530 [DEBUG] [org.gradle.launcher.daemon.server.DaemonStateCoordinator] resetting idle timer
2026-05-17T01:03:05.484+0530 [INFO] [org.gradle.launcher.daemon.server.DaemonRegistryUpdater] Marking the daemon as idle, address: [bf9560a8-3386-41da-9b73-86f9d79e54da port:58339, addresses:[localhost/127.0.0.1]]
2026-05-17T01:03:05.484+0530 [DEBUG] [org.gradle.launcher.daemon.registry.PersistentDaemonRegistry] Marking busy by address: [bf9560a8-3386-41da-9b73-86f9d79e54da port:58339, addresses:[localhost/127.0.0.1]]
2026-05-17T01:03:05.486+0530 [DEBUG] [org.gradle.cache.internal.DefaultFileLockManager] Waiting to acquire exclusive lock on daemon addresses registry.
2026-05-17T01:03:05.487+0530 [DEBUG] [org.gradle.cache.internal.DefaultFileLockManager] Lock acquired on daemon addresses registry.
2026-05-17T01:03:05.491+0530 [DEBUG] [org.gradle.cache.internal.DefaultFileLockManager] Releasing lock on daemon addresses registry.
2026-05-17T01:03:05.497+0530 [DEBUG] [org.gradle.launcher.daemon.server.DaemonStateCoordinator] daemon is running. Sleeping until state changes.
2026-05-17T01:03:05.497+0530 [DEBUG] [org.gradle.launcher.daemon.server.exec.ReturnResult] Daemon is dispatching the build result: Success[value=org.gradle.launcher.exec.BuildActionResult@6329f775]
2026-05-17T01:03:05.498+0530 [DEBUG] [org.gradle.launcher.daemon.server.SynchronizedDispatchConnection] thread 82: dispatching Success[value=org.gradle.launcher.exec.BuildActionResult@6329f775]
2026-05-17T01:03:05.502+0530 [DEBUG] [org.gradle.launcher.daemon.server.exec.CleanUpVirtualFileSystemAfterBuild] Cleaning virtual file system after build finished
2026-05-17T01:03:05.511+0530 [DEBUG] [org.gradle.launcher.daemon.server.DefaultIncomingConnectionHandler] Finishing executing command: Build{id=e8b83733-60e2-4992-9a05-3f81d44a6594, currentDir=C:\Users\HP\OneDrive\Desktop\kulli file}
2026-05-17T01:03:05.549+0530 [DEBUG] [org.gradle.launcher.daemon.server.SynchronizedDispatchConnection] thread 83: received class org.gradle.launcher.daemon.protocol.CloseInput
2026-05-17T01:03:05.549+0530 [DEBUG] [org.gradle.launcher.daemon.server.DefaultDaemonConnection] thread 83: Received IO message from client: org.gradle.launcher.daemon.protocol.CloseInput@186ad165
2026-05-17T01:03:05.550+0530 [DEBUG] [org.gradle.launcher.daemon.server.SynchronizedDispatchConnection] thread 83: received class org.gradle.launcher.daemon.protocol.Finished
2026-05-17T01:03:05.550+0530 [DEBUG] [org.gradle.launcher.daemon.server.DefaultDaemonConnection] thread 83: Received non-IO message from client: org.gradle.launcher.daemon.protocol.Finished@4790daed
2026-05-17T01:03:05.550+0530 [DEBUG] [org.gradle.internal.remote.internal.inet.SocketConnection] Discarding EOFException: java.io.EOFException
2026-05-17T01:03:05.550+0530 [DEBUG] [org.gradle.launcher.daemon.server.SynchronizedDispatchConnection] thread 83: received null
2026-05-17T01:03:05.551+0530 [DEBUG] [org.gradle.launcher.daemon.server.DefaultDaemonConnection] thread 83: Received end-of-input from client.
2026-05-17T01:03:05.551+0530 [WARN] [org.gradle.launcher.daemon.server.DefaultIncomingConnectionHandler] Timed out waiting for finished message from client socket connection from /127.0.0.1:58339 to /127.0.0.1:51124. Discarding connection.
2026-05-17T01:03:05.551+0530 [DEBUG] [org.gradle.launcher.daemon.server.SynchronizedDispatchConnection] thread 82: stopping connection
2026-05-17T01:03:05.554+0530 [DEBUG] [org.gradle.launcher.daemon.server.SynchronizedDispatchConnection] thread 82: stopping connection
2026-05-17T01:03:07.239+0530 [DEBUG] [org.gradle.launcher.daemon.server.Daemon] Starting periodic daemon health check.
2026-05-17T01:03:07.263+0530 [DEBUG] [org.gradle.cache.internal.DefaultFileLockManager] Waiting to acquire shared lock on daemon addresses registry.
2026-05-17T01:03:07.265+0530 [DEBUG] [org.gradle.cache.internal.DefaultFileLockManager] Lock acquired on daemon addresses registry.
2026-05-17T01:03:07.277+0530 [DEBUG] [org.gradle.cache.internal.DefaultFileLockManager] Releasing lock on daemon addresses registry.
2026-05-17T01:03:07.282+0530 [DEBUG] [org.gradle.cache.internal.DefaultFileLockManager] Waiting to acquire shared lock on daemon addresses registry.
2026-05-17T01:03:07.284+0530 [DEBUG] [org.gradle.cache.internal.DefaultFileLockManager] Lock acquired on daemon addresses registry.
2026-05-17T01:03:07.285+0530 [DEBUG] [org.gradle.cache.internal.DefaultFileLockManager] Releasing lock on daemon addresses registry.
2026-05-17T01:03:07.286+0530 [DEBUG] [org.gradle.launcher.daemon.server.Daemon] Finished periodic daemon health check.
2026-05-17T01:03:08.110+0530 [DEBUG] [org.gradle.process.internal.health.memory.DefaultMemoryManager] 1635715891 physical memory requested, 1326075904 free
2026-05-17T01:03:08.114+0530 [DEBUG] [org.gradle.workers.internal.WorkerDaemonExpiration] Will attempt to release 1559 of memory
2026-05-17T01:03:08.114+0530 [DEBUG] [org.gradle.process.internal.health.memory.DefaultMemoryManager] 1635715891 physical memory requested, 0 released, 1326075904 free
2026-05-17T01:03:13.118+0530 [DEBUG] [org.gradle.process.internal.health.memory.DefaultMemoryManager] 1635715891 physical memory requested, 1277956096 free
2026-05-17T01:03:13.119+0530 [DEBUG] [org.gradle.workers.internal.WorkerDaemonExpiration] Will attempt to release 1559 of memory
2026-05-17T01:03:13.119+0530 [DEBUG] [org.gradle.process.internal.health.memory.DefaultMemoryManager] 1635715891 physical memory requested, 0 released, 1277956096 free
2026-05-17T01:03:17.247+0530 [DEBUG] [org.gradle.launcher.daemon.server.Daemon] Starting periodic daemon health check.
2026-05-17T01:03:17.249+0530 [DEBUG] [org.gradle.cache.internal.DefaultFileLockManager] Waiting to acquire shared lock on daemon addresses registry.
2026-05-17T01:03:17.250+0530 [DEBUG] [org.gradle.cache.internal.DefaultFileLockManager] Lock acquired on daemon addresses registry.
2026-05-17T01:03:17.251+0530 [DEBUG] [org.gradle.cache.internal.DefaultFileLockManager] Releasing lock on daemon addresses registry.
2026-05-17T01:03:17.253+0530 [DEBUG] [org.gradle.cache.internal.DefaultFileLockManager] Waiting to acquire shared lock on daemon addresses registry.
2026-05-17T01:03:17.254+0530 [DEBUG] [org.gradle.cache.internal.DefaultFileLockManager] Lock acquired on daemon addresses registry.
2026-05-17T01:03:17.255+0530 [DEBUG] [org.gradle.cache.internal.DefaultFileLockManager] Releasing lock on daemon addresses registry.
2026-05-17T01:03:17.255+0530 [DEBUG] [org.gradle.launcher.daemon.server.Daemon] Finished periodic daemon health check.
2026-05-17T01:03:18.111+0530 [DEBUG] [org.gradle.process.internal.health.memory.DefaultMemoryManager] 1635715891 physical memory requested, 1158635520 free
2026-05-17T01:03:18.111+0530 [DEBUG] [org.gradle.workers.internal.WorkerDaemonExpiration] Will attempt to release 1559 of memory
2026-05-17T01:03:18.111+0530 [DEBUG] [org.gradle.process.internal.health.memory.DefaultMemoryManager] 1635715891 physical memory requested, 0 released, 1158635520 free
2026-05-17T01:03:23.127+0530 [DEBUG] [org.gradle.process.internal.health.memory.DefaultMemoryManager] 1635715891 physical memory requested, 1030422528 free
2026-05-17T01:03:23.129+0530 [DEBUG] [org.gradle.workers.internal.WorkerDaemonExpiration] Will attempt to release 1559 of memory
2026-05-17T01:03:23.129+0530 [DEBUG] [org.gradle.process.internal.health.memory.DefaultMemoryManager] 1635715891 physical memory requested, 0 released, 1030422528 free
2026-05-17T01:03:26.182+0530 [DEBUG] [org.gradle.internal.remote.internal.inet.TcpIncomingConnector] Accepted connection from /127.0.0.1:54719 to /127.0.0.1:58339.
2026-05-17T01:03:26.190+0530 [DEBUG] [org.gradle.launcher.daemon.server.SynchronizedDispatchConnection] thread 171: received class org.gradle.launcher.daemon.protocol.Build
2026-05-17T01:03:26.191+0530 [DEBUG] [org.gradle.launcher.daemon.server.DefaultDaemonConnection] thread 171: Received non-IO message from client: Build{id=8f6b991d-ded5-475c-91fd-0ae43a0adef5, currentDir=C:\Users\HP\OneDrive\Desktop\kulli file}
2026-05-17T01:03:26.191+0530 [INFO] [org.gradle.launcher.daemon.server.DefaultIncomingConnectionHandler] Received command: Build{id=8f6b991d-ded5-475c-91fd-0ae43a0adef5, currentDir=C:\Users\HP\OneDrive\Desktop\kulli file}.
2026-05-17T01:03:26.191+0530 [DEBUG] [org.gradle.launcher.daemon.server.DefaultIncomingConnectionHandler] Starting executing command: Build{id=8f6b991d-ded5-475c-91fd-0ae43a0adef5, currentDir=C:\Users\HP\OneDrive\Desktop\kulli file} with connection: socket connection from /127.0.0.1:58339 to /127.0.0.1:54719.
2026-05-17T01:03:26.192+0530 [DEBUG] [org.gradle.launcher.daemon.server.DaemonStateCoordinator] Command execution: started DaemonCommandExecution[command = Build{id=8f6b991d-ded5-475c-91fd-0ae43a0adef5, currentDir=C:\Users\HP\OneDrive\Desktop\kulli file}, connection = DefaultDaemonConnection: socket connection from /127.0.0.1:58339 to /127.0.0.1:54719] after 0.3451333333333333 minutes of idle
2026-05-17T01:03:26.192+0530 [INFO] [org.gradle.launcher.daemon.server.DaemonRegistryUpdater] Marking the daemon as busy, address: [bf9560a8-3386-41da-9b73-86f9d79e54da port:58339, addresses:[localhost/127.0.0.1]]
2026-05-17T01:03:26.192+0530 [DEBUG] [org.gradle.launcher.daemon.registry.PersistentDaemonRegistry] Marking busy by address: [bf9560a8-3386-41da-9b73-86f9d79e54da port:58339, addresses:[localhost/127.0.0.1]]
2026-05-17T01:03:26.194+0530 [DEBUG] [org.gradle.cache.internal.DefaultFileLockManager] Waiting to acquire exclusive lock on daemon addresses registry.
2026-05-17T01:03:26.195+0530 [DEBUG] [org.gradle.cache.internal.DefaultFileLockManager] Lock acquired on daemon addresses registry.
2026-05-17T01:03:26.197+0530 [DEBUG] [org.gradle.cache.internal.DefaultFileLockManager] Releasing lock on daemon addresses registry.
2026-05-17T01:03:26.198+0530 [DEBUG] [org.gradle.launcher.daemon.server.DaemonStateCoordinator] resetting idle timer
2026-05-17T01:03:26.198+0530 [DEBUG] [org.gradle.launcher.daemon.server.DaemonStateCoordinator] daemon is running. Sleeping until state changes.
2026-05-17T01:03:26.198+0530 [INFO] [org.gradle.launcher.daemon.server.exec.StartBuildOrRespondWithBusy] Daemon is about to start building Build{id=8f6b991d-ded5-475c-91fd-0ae43a0adef5, currentDir=C:\Users\HP\OneDrive\Desktop\kulli file}. Dispatching build started information...
2026-05-17T01:03:26.198+0530 [DEBUG] [org.gradle.launcher.daemon.server.SynchronizedDispatchConnection] thread 85: dispatching org.gradle.launcher.daemon.protocol.BuildStarted@5e33deaa
2026-05-17T01:03:26.200+0530 [DEBUG] [org.gradle.launcher.daemon.server.exec.EstablishBuildEnvironment] Configuring env variables: [USERDOMAIN_ROAMINGPROFILE, LOCALAPPDATA, PROCESSOR_LEVEL, RegionCode, USERDOMAIN, LOGONSERVER, SESSIONNAME, ALLUSERSPROFILE, PROCESSOR_ARCHITECTURE, AMDRMSDKPATH, PSModulePath, SystemDrive, OneDrive, APPDATA, USERNAME, ProgramFiles(x86), CommonProgramFiles, Path, PATHEXT, DriverData, OS, COMPUTERNAME, OnlineServices, EFC_10680_4126798990, PROCESSOR_REVISION, platformcode, CommonProgramW6432, ComSpec, ProgramData, ProgramW6432, TEMP, HOMEPATH, SystemRoot, PROCESSOR_IDENTIFIER, HOMEDRIVE, USERPROFILE, TMP, CommonProgramFiles(x86), ProgramFiles, PUBLIC, windir, NUMBER_OF_PROCESSORS, EFC_10680_1592913036, =::]
2026-05-17T01:03:26.201+0530 [DEBUG] [org.gradle.launcher.daemon.server.exec.LogToClient] About to start relaying all logs to the client via the connection.
2026-05-17T01:03:26.201+0530 [INFO] [org.gradle.launcher.daemon.server.exec.LogToClient] The client will now receive all logging from the daemon (pid: 28808). The daemon log file: C:\Users\HP\OneDrive\Desktop\Rajesh folder\daemon\9.4.1\daemon-28808.out.log
2026-05-17T01:03:26.203+0530 [INFO] [org.gradle.launcher.daemon.server.exec.LogAndCheckHealth] Starting 3rd build in daemon [uptime: 3 mins 49.234 secs, performance: 100%, GC rate: 0.00/s, heap usage: 0% of 2 GiB]
2026-05-17T01:03:26.203+0530 [DEBUG] [org.gradle.launcher.daemon.server.exec.ExecuteBuild] The daemon has started executing the build.
2026-05-17T01:03:26.203+0530 [DEBUG] [org.gradle.launcher.daemon.server.exec.ExecuteBuild] Executing build with daemon context: DefaultDaemonContext[uid=293127d5-5cad-41b6-b559-89d81bf71abb,javaHome=C:\Program Files\Android\Android Studio\jbr,javaVersion=21,javaVendor=JetBrains s.r.o.,daemonRegistryDir=C:\Users\HP\OneDrive\Desktop\Rajesh folder\daemon,pid=28808,idleTimeout=10800000,priority=NORMAL,applyInstrumentationAgent=true,nativeServicesMode=ENABLED,daemonOpts=-Xmx2048m,-Dfile.encoding=UTF-8,-Duser.country=IN,-Duser.language=en,-Duser.variant]
Calculating task graph as no cached configuration is available for tasks: help
AGPBI: {"kind":"warning","text":"The option setting 'android.builtInKotlin=false' is deprecated.\nThe current default is 'true'.\nIt will be removed in version 10.0 of the Android Gradle plugin.","sources":[{}]}
AGPBI: {"kind":"warning","text":"The option setting 'android.newDsl=false' is deprecated.\nThe current default is 'true'.\nIt will be removed in version 10.0 of the Android Gradle plugin.","sources":[{}]}
AGPBI: {"kind":"warning","text":"API 'applicationVariants' is obsolete and has been replaced with 'AndroidComponentsExtension'.\nIt will be removed in version 10.0 of the Android Gradle plugin.\nThe legacy variant API is disabled by default in AGP 9.0, but can be re-enabled by adding \n    android.newDsl=false\nto this project's gradle.properties file.\nFor more information, see http://developer.android.com/build/r/new-dsl.\n\nREASON: The 'kotlin-android' plugin is currently calling this deprecated API.\nPlease migrate this project to built-in kotlin (https://developer.android.com/r/tools/built-in-kotlin).\nWARNING: Debugging obsolete API calls can take time during configuration. It's recommended to not keep it on at all times.","sources":[{}]}
AGPBI: {"kind":"warning","text":"API 'testVariants' is obsolete and has been replaced with 'AndroidComponentsExtension'.\nIt will be removed in version 10.0 of the Android Gradle plugin.\nThe legacy variant API is disabled by default in AGP 9.0, but can be re-enabled by adding \n    android.newDsl=false\nto this project's gradle.properties file.\nFor more information, see http://developer.android.com/build/r/new-dsl.\n\nREASON: The 'kotlin-android' plugin is currently calling this deprecated API.\nPlease migrate this project to built-in kotlin (https://developer.android.com/r/tools/built-in-kotlin).\nWARNING: Debugging obsolete API calls can take time during configuration. It's recommended to not keep it on at all times.","sources":[{}]}
AGPBI: {"kind":"warning","text":"API 'unitTestVariants' is obsolete and has been replaced with 'AndroidComponentsExtension'.\nIt will be removed in version 10.0 of the Android Gradle plugin.\nThe legacy variant API is disabled by default in AGP 9.0, but can be re-enabled by adding \n    android.newDsl=false\nto this project's gradle.properties file.\nFor more information, see http://developer.android.com/build/r/new-dsl.\n\nREASON: The 'kotlin-android' plugin is currently calling this deprecated API.\nPlease migrate this project to built-in kotlin (https://developer.android.com/r/tools/built-in-kotlin).\nWARNING: Debugging obsolete API calls can take time during configuration. It's recommended to not keep it on at all times.","sources":[{}]}
warning: Deprecated 'org.jetbrains.kotlin.android' plugin usageThe 'org.jetbrains.kotlin.android' plugin in project ':app' is no longer required for Kotlin support since AGP 9.0.Solution: Remove both `android.builtInKotlin=true` and `android.newDsl=false` from `gradle.properties`, then migrate to built-in Kotlin.See https://kotl.in/gradle/agp-built-in-kotlin for more details. 

w: Deprecated 'org.jetbrains.kotlin.android' plugin usage
The 'org.jetbrains.kotlin.android' plugin in project ':app' is no longer required for Kotlin support since AGP 9.0.
Solution: Remove both `android.builtInKotlin=true` and `android.newDsl=false` from `gradle.properties`, then migrate to built-in Kotlin.
See https://kotl.in/gradle/agp-built-in-kotlin for more details.


Welcome to Gradle 9.4.1.

To run a build, run gradle <task> ...

To see a list of available tasks, run gradle tasks

To see more detail about a task, run gradle help --task <task>

To see a list of command-line options, run gradle --help

For more detail on using Gradle, see https://docs.gradle.org/9.4.1/userguide/command_line_interface.html

For troubleshooting, visit https://help.gradle.org

[Incubating] Problems report is available at: file:///C:/Users/HP/OneDrive/Desktop/kulli%20file/build/reports/problems/problems-report.html

BUILD SUCCESSFUL in 3s
1 actionable task: 1 executed
Configuration cache entry stored.
2026-05-17T01:03:29.553+0530 [DEBUG] [org.gradle.launcher.daemon.server.exec.ExecuteBuild] The daemon has finished executing the build.
2026-05-17T01:03:29.569+0530 [DEBUG] [org.gradle.launcher.daemon.server.DaemonStateCoordinator] Command execution: finished waiting for DaemonCommandExecution[command = Build{id=8f6b991d-ded5-475c-91fd-0ae43a0adef5, currentDir=C:\Users\HP\OneDrive\Desktop\kulli file}, connection = DefaultDaemonConnection: socket connection from /127.0.0.1:58339 to /127.0.0.1:54719]. Result org.gradle.launcher.daemon.server.DaemonStateCoordinator@67c3e3a7 with state Busy
2026-05-17T01:03:29.570+0530 [DEBUG] [org.gradle.launcher.daemon.server.DaemonStateCoordinator] Command execution: completed DaemonCommandExecution[command = Build{id=8f6b991d-ded5-475c-91fd-0ae43a0adef5, currentDir=C:\Users\HP\OneDrive\Desktop\kulli file}, connection = DefaultDaemonConnection: socket connection from /127.0.0.1:58339 to /127.0.0.1:54719]
2026-05-17T01:03:29.570+0530 [DEBUG] [org.gradle.launcher.daemon.server.DaemonStateCoordinator] resetting idle timer
2026-05-17T01:03:29.570+0530 [INFO] [org.gradle.launcher.daemon.server.DaemonRegistryUpdater] Marking the daemon as idle, address: [bf9560a8-3386-41da-9b73-86f9d79e54da port:58339, addresses:[localhost/127.0.0.1]]
2026-05-17T01:03:29.570+0530 [DEBUG] [org.gradle.launcher.daemon.registry.PersistentDaemonRegistry] Marking busy by address: [bf9560a8-3386-41da-9b73-86f9d79e54da port:58339, addresses:[localhost/127.0.0.1]]
2026-05-17T01:03:29.571+0530 [DEBUG] [org.gradle.cache.internal.DefaultFileLockManager] Waiting to acquire exclusive lock on daemon addresses registry.
2026-05-17T01:03:29.572+0530 [DEBUG] [org.gradle.cache.internal.DefaultFileLockManager] Lock acquired on daemon addresses registry.
2026-05-17T01:03:29.573+0530 [DEBUG] [org.gradle.cache.internal.DefaultFileLockManager] Releasing lock on daemon addresses registry.
2026-05-17T01:03:29.574+0530 [DEBUG] [org.gradle.launcher.daemon.server.exec.ReturnResult] Daemon is dispatching the build result: Success[value=org.gradle.launcher.exec.BuildActionResult@21bfce9f]
2026-05-17T01:03:29.574+0530 [DEBUG] [org.gradle.launcher.daemon.server.SynchronizedDispatchConnection] thread 82: dispatching Success[value=org.gradle.launcher.exec.BuildActionResult@21bfce9f]
2026-05-17T01:03:29.574+0530 [DEBUG] [org.gradle.launcher.daemon.server.DaemonStateCoordinator] daemon is running. Sleeping until state changes.
2026-05-17T01:03:29.574+0530 [DEBUG] [org.gradle.launcher.daemon.server.exec.CleanUpVirtualFileSystemAfterBuild] Cleaning virtual file system after build finished
2026-05-17T01:03:29.574+0530 [DEBUG] [org.gradle.launcher.daemon.server.DefaultIncomingConnectionHandler] Finishing executing command: Build{id=8f6b991d-ded5-475c-91fd-0ae43a0adef5, currentDir=C:\Users\HP\OneDrive\Desktop\kulli file}
2026-05-17T01:03:29.574+0530 [DEBUG] [org.gradle.launcher.daemon.server.SynchronizedDispatchConnection] thread 171: received class org.gradle.launcher.daemon.protocol.CloseInput
2026-05-17T01:03:29.575+0530 [DEBUG] [org.gradle.launcher.daemon.server.DefaultDaemonConnection] thread 171: Received IO message from client: org.gradle.launcher.daemon.protocol.CloseInput@488ecefb
2026-05-17T01:03:29.576+0530 [DEBUG] [org.gradle.launcher.daemon.server.SynchronizedDispatchConnection] thread 171: received class org.gradle.launcher.daemon.protocol.Finished
2026-05-17T01:03:29.576+0530 [DEBUG] [org.gradle.launcher.daemon.server.DefaultDaemonConnection] thread 171: Received non-IO message from client: org.gradle.launcher.daemon.protocol.Finished@4649299a
2026-05-17T01:03:29.576+0530 [DEBUG] [org.gradle.launcher.daemon.server.DefaultIncomingConnectionHandler] Received finished message: org.gradle.launcher.daemon.protocol.Finished@4649299a
2026-05-17T01:03:29.576+0530 [DEBUG] [org.gradle.internal.remote.internal.inet.SocketConnection] Discarding EOFException: java.io.EOFException
2026-05-17T01:03:29.576+0530 [DEBUG] [org.gradle.launcher.daemon.server.SynchronizedDispatchConnection] thread 82: stopping connection
2026-05-17T01:03:29.577+0530 [DEBUG] [org.gradle.launcher.daemon.server.SynchronizedDispatchConnection] thread 171: received null
2026-05-17T01:03:29.578+0530 [DEBUG] [org.gradle.launcher.daemon.server.DefaultDaemonConnection] thread 171: Received end-of-input from client.
2026-05-17T01:03:29.578+0530 [DEBUG] [org.gradle.launcher.daemon.server.SynchronizedDispatchConnection] thread 82: stopping connection
2026-05-17T01:03:33.111+0530 [DEBUG] [org.gradle.process.internal.health.memory.DefaultMemoryManager] 1635715891 physical memory requested, 870002688 free
2026-05-17T01:03:33.111+0530 [DEBUG] [org.gradle.workers.internal.WorkerDaemonExpiration] Will attempt to release 1559 of memory
2026-05-17T01:03:33.111+0530 [DEBUG] [org.gradle.process.internal.health.memory.DefaultMemoryManager] 1635715891 physical memory requested, 0 released, 870002688 free
2026-05-17T01:03:37.243+0530 [DEBUG] [org.gradle.launcher.daemon.server.Daemon] Starting periodic daemon health check.
2026-05-17T01:03:37.257+0530 [DEBUG] [org.gradle.cache.internal.DefaultFileLockManager] Waiting to acquire shared lock on daemon addresses registry.
2026-05-17T01:03:37.257+0530 [DEBUG] [org.gradle.cache.internal.DefaultFileLockManager] Lock acquired on daemon addresses registry.
2026-05-17T01:03:37.258+0530 [DEBUG] [org.gradle.cache.internal.DefaultFileLockManager] Releasing lock on daemon addresses registry.
2026-05-17T01:03:37.282+0530 [DEBUG] [org.gradle.cache.internal.DefaultFileLockManager] Waiting to acquire shared lock on daemon addresses registry.
2026-05-17T01:03:37.283+0530 [DEBUG] [org.gradle.cache.internal.DefaultFileLockManager] Lock acquired on daemon addresses registry.
2026-05-17T01:03:37.284+0530 [DEBUG] [org.gradle.cache.internal.DefaultFileLockManager] Releasing lock on daemon addresses registry.
2026-05-17T01:03:37.285+0530 [DEBUG] [org.gradle.launcher.daemon.server.Daemon] Finished periodic daemon health check.
2026-05-17T01:03:38.122+0530 [DEBUG] [org.gradle.process.internal.health.memory.DefaultMemoryManager] 1635715891 physical memory requested, 819990528 free
2026-05-17T01:03:38.123+0530 [DEBUG] [org.gradle.workers.internal.WorkerDaemonExpiration] Will attempt to release 1559 of memory
2026-05-17T01:03:38.123+0530 [DEBUG] [org.gradle.process.internal.health.memory.DefaultMemoryManager] 1635715891 physical memory requested, 0 released, 819990528 free
2026-05-17T01:03:43.115+0530 [DEBUG] [org.gradle.process.internal.health.memory.DefaultMemoryManager] 1635715891 physical memory requested, 564793344 free
2026-05-17T01:03:43.115+0530 [DEBUG] [org.gradle.workers.internal.WorkerDaemonExpiration] Will attempt to release 1559 of memory
2026-05-17T01:03:43.115+0530 [DEBUG] [org.gradle.process.internal.health.memory.DefaultMemoryManager] 1635715891 physical memory requested, 0 released, 564793344 free
2026-05-17T01:03:47.250+0530 [DEBUG] [org.gradle.launcher.daemon.server.Daemon] Starting periodic daemon health check.
2026-05-17T01:03:47.254+0530 [DEBUG] [org.gradle.cache.internal.DefaultFileLockManager] Waiting to acquire shared lock on daemon addresses registry.
2026-05-17T01:03:47.255+0530 [DEBUG] [org.gradle.cache.internal.DefaultFileLockManager] Lock acquired on daemon addresses registry.
2026-05-17T01:03:47.255+0530 [DEBUG] [org.gradle.cache.internal.DefaultFileLockManager] Releasing lock on daemon addresses registry.
2026-05-17T01:03:47.259+0530 [DEBUG] [org.gradle.cache.internal.DefaultFileLockManager] Waiting to acquire shared lock on daemon addresses registry.
2026-05-17T01:03:47.259+0530 [DEBUG] [org.gradle.cache.internal.DefaultFileLockManager] Lock acquired on daemon addresses registry.
2026-05-17T01:03:47.260+0530 [DEBUG] [org.gradle.cache.internal.DefaultFileLockManager] Releasing lock on daemon addresses registry.
2026-05-17T01:03:47.260+0530 [DEBUG] [org.gradle.launcher.daemon.server.Daemon] Finished periodic daemon health check.
2026-05-17T01:03:48.113+0530 [DEBUG] [org.gradle.process.internal.health.memory.DefaultMemoryManager] 1635715891 physical memory requested, 788643840 free
2026-05-17T01:03:48.114+0530 [DEBUG] [org.gradle.workers.internal.WorkerDaemonExpiration] Will attempt to release 1559 of memory
2026-05-17T01:03:48.114+0530 [DEBUG] [org.gradle.process.internal.health.memory.DefaultMemoryManager] 1635715891 physical memory requested, 0 released, 788643840 free
2026-05-17T01:03:53.122+0530 [DEBUG] [org.gradle.process.internal.health.memory.DefaultMemoryManager] 1635715891 physical memory requested, 631361536 free
2026-05-17T01:03:53.122+0530 [DEBUG] [org.gradle.workers.internal.WorkerDaemonExpiration] Will attempt to release 1559 of memory
2026-05-17T01:03:53.122+0530 [DEBUG] [org.gradle.process.internal.health.memory.DefaultMemoryManager] 1635715891 physical memory requested, 0 released, 631361536 free
2026-05-17T01:03:57.253+0530 [DEBUG] [org.gradle.launcher.daemon.server.Daemon] Starting periodic daemon health check.
2026-05-17T01:03:57.257+0530 [DEBUG] [org.gradle.cache.internal.DefaultFileLockManager] Waiting to acquire shared lock on daemon addresses registry.
2026-05-17T01:03:57.257+0530 [DEBUG] [org.gradle.cache.internal.DefaultFileLockManager] Lock acquired on daemon addresses registry.
2026-05-17T01:03:57.258+0530 [DEBUG] [org.gradle.cache.internal.DefaultFileLockManager] Releasing lock on daemon addresses registry.
2026-05-17T01:03:57.263+0530 [DEBUG] [org.gradle.cache.internal.DefaultFileLockManager] Waiting to acquire shared lock on daemon addresses registry.
2026-05-17T01:03:57.263+0530 [DEBUG] [org.gradle.cache.internal.DefaultFileLockManager] Lock acquired on daemon addresses registry.
2026-05-17T01:03:57.280+0530 [DEBUG] [org.gradle.cache.internal.DefaultFileLockManager] Releasing lock on daemon addresses registry.
2026-05-17T01:03:57.281+0530 [DEBUG] [org.gradle.launcher.daemon.server.Daemon] Finished periodic daemon health check.
2026-05-17T01:03:58.122+0530 [DEBUG] [org.gradle.process.internal.health.memory.DefaultMemoryManager] 1635715891 physical memory requested, 737280000 free
2026-05-17T01:03:58.123+0530 [DEBUG] [org.gradle.workers.internal.WorkerDaemonExpiration] Will attempt to release 1559 of memory
2026-05-17T01:03:58.125+0530 [DEBUG] [org.gradle.process.internal.health.memory.DefaultMemoryManager] 1635715891 physical memory requested, 0 released, 737280000 free
2026-05-17T01:04:03.117+0530 [DEBUG] [org.gradle.process.internal.health.memory.DefaultMemoryManager] 1635715891 physical memory requested, 740495360 free
2026-05-17T01:04:03.118+0530 [DEBUG] [org.gradle.workers.internal.WorkerDaemonExpiration] Will attempt to release 1559 of memory
2026-05-17T01:04:03.118+0530 [DEBUG] [org.gradle.process.internal.health.memory.DefaultMemoryManager] 1635715891 physical memory requested, 0 released, 740495360 free
2026-05-17T01:04:07.251+0530 [DEBUG] [org.gradle.launcher.daemon.server.Daemon] Starting periodic daemon health check.
2026-05-17T01:04:07.289+0530 [DEBUG] [org.gradle.cache.internal.DefaultFileLockManager] Waiting to acquire shared lock on daemon addresses registry.
2026-05-17T01:04:07.289+0530 [DEBUG] [org.gradle.cache.internal.DefaultFileLockManager] Lock acquired on daemon addresses registry.
2026-05-17T01:04:07.290+0530 [DEBUG] [org.gradle.cache.internal.DefaultFileLockManager] Releasing lock on daemon addresses registry.
2026-05-17T01:04:07.303+0530 [DEBUG] [org.gradle.cache.internal.DefaultFileLockManager] Waiting to acquire shared lock on daemon addresses registry.
2026-05-17T01:04:07.304+0530 [DEBUG] [org.gradle.cache.internal.DefaultFileLockManager] Lock acquired on daemon addresses registry.
2026-05-17T01:04:07.304+0530 [DEBUG] [org.gradle.cache.internal.DefaultFileLockManager] Releasing lock on daemon addresses registry.
2026-05-17T01:04:07.305+0530 [DEBUG] [org.gradle.launcher.daemon.server.Daemon] Finished periodic daemon health check.
2026-05-17T01:04:17.248+0530 [DEBUG] [org.gradle.launcher.daemon.server.Daemon] Starting periodic daemon health check.
2026-05-17T01:04:17.251+0530 [DEBUG] [org.gradle.cache.internal.DefaultFileLockManager] Waiting to acquire shared lock on daemon addresses registry.
2026-05-17T01:04:17.252+0530 [DEBUG] [org.gradle.cache.internal.DefaultFileLockManager] Lock acquired on daemon addresses registry.
2026-05-17T01:04:17.252+0530 [DEBUG] [org.gradle.cache.internal.DefaultFileLockManager] Releasing lock on daemon addresses registry.
2026-05-17T01:04:17.255+0530 [DEBUG] [org.gradle.cache.internal.DefaultFileLockManager] Waiting to acquire shared lock on daemon addresses registry.
2026-05-17T01:04:17.255+0530 [DEBUG] [org.gradle.cache.internal.DefaultFileLockManager] Lock acquired on daemon addresses registry.
2026-05-17T01:04:17.256+0530 [DEBUG] [org.gradle.cache.internal.DefaultFileLockManager] Releasing lock on daemon addresses registry.
2026-05-17T01:04:17.257+0530 [DEBUG] [org.gradle.launcher.daemon.server.Daemon] Finished periodic daemon health check.
2026-05-17T01:04:27.246+0530 [DEBUG] [org.gradle.launcher.daemon.server.Daemon] Starting periodic daemon health check.
2026-05-17T01:04:27.252+0530 [DEBUG] [org.gradle.cache.internal.DefaultFileLockManager] Waiting to acquire shared lock on daemon addresses registry.
2026-05-17T01:04:27.253+0530 [DEBUG] [org.gradle.cache.internal.DefaultFileLockManager] Lock acquired on daemon addresses registry.
2026-05-17T01:04:27.254+0530 [DEBUG] [org.gradle.cache.internal.DefaultFileLockManager] Releasing lock on daemon addresses registry.
2026-05-17T01:04:27.257+0530 [DEBUG] [org.gradle.cache.internal.DefaultFileLockManager] Waiting to acquire shared lock on daemon addresses registry.
2026-05-17T01:04:27.257+0530 [DEBUG] [org.gradle.cache.internal.DefaultFileLockManager] Lock acquired on daemon addresses registry.
2026-05-17T01:04:27.258+0530 [DEBUG] [org.gradle.cache.internal.DefaultFileLockManager] Releasing lock on daemon addresses registry.
2026-05-17T01:04:27.259+0530 [DEBUG] [org.gradle.launcher.daemon.server.Daemon] Finished periodic daemon health check.
2026-05-17T01:04:29.753+0530 [DEBUG] [org.gradle.internal.remote.internal.inet.TcpIncomingConnector] Accepted connection from /127.0.0.1:49673 to /127.0.0.1:58339.
2026-05-17T01:04:29.792+0530 [DEBUG] [org.gradle.launcher.daemon.server.SynchronizedDispatchConnection] thread 214: received class org.gradle.launcher.daemon.protocol.InvalidateVirtualFileSystemAfterChange
2026-05-17T01:04:29.793+0530 [DEBUG] [org.gradle.launcher.daemon.server.DefaultDaemonConnection] thread 214: Received non-IO message from client: InvalidateVirtualFileSystemAfterChange[id=014c17e5-fff4-4c96-a4d2-17cabe208d19]
2026-05-17T01:04:29.793+0530 [INFO] [org.gradle.launcher.daemon.server.DefaultIncomingConnectionHandler] Received command: InvalidateVirtualFileSystemAfterChange[id=014c17e5-fff4-4c96-a4d2-17cabe208d19].
2026-05-17T01:04:29.793+0530 [DEBUG] [org.gradle.launcher.daemon.server.DefaultIncomingConnectionHandler] Starting executing command: InvalidateVirtualFileSystemAfterChange[id=014c17e5-fff4-4c96-a4d2-17cabe208d19] with connection: socket connection from /127.0.0.1:58339 to /127.0.0.1:49673.
2026-05-17T01:04:29.794+0530 [INFO] [org.gradle.launcher.daemon.server.api.HandleInvalidateVirtualFileSystem] Invalidating [C:\Users\HP\OneDrive\Desktop\kulli file\gradle.properties]
2026-05-17T01:04:29.794+0530 [DEBUG] [org.gradle.internal.vfs.impl.AbstractVirtualFileSystem] Invalidating VFS paths: [C:\Users\HP\OneDrive\Desktop\kulli file\gradle.properties]
2026-05-17T01:04:29.794+0530 [DEBUG] [org.gradle.launcher.daemon.server.SynchronizedDispatchConnection] thread 213: dispatching Success[value=null]
2026-05-17T01:04:29.794+0530 [DEBUG] [org.gradle.launcher.daemon.server.DefaultIncomingConnectionHandler] Finishing executing command: InvalidateVirtualFileSystemAfterChange[id=014c17e5-fff4-4c96-a4d2-17cabe208d19]
2026-05-17T01:04:29.795+0530 [DEBUG] [org.gradle.launcher.daemon.server.SynchronizedDispatchConnection] thread 214: received class org.gradle.launcher.daemon.protocol.Finished
2026-05-17T01:04:29.795+0530 [DEBUG] [org.gradle.launcher.daemon.server.DefaultDaemonConnection] thread 214: Received non-IO message from client: org.gradle.launcher.daemon.protocol.Finished@466fc40c
2026-05-17T01:04:29.795+0530 [DEBUG] [org.gradle.launcher.daemon.server.DefaultIncomingConnectionHandler] Received finished message: org.gradle.launcher.daemon.protocol.Finished@466fc40c
2026-05-17T01:04:29.795+0530 [DEBUG] [org.gradle.launcher.daemon.server.SynchronizedDispatchConnection] thread 213: stopping connection
2026-05-17T01:04:29.795+0530 [DEBUG] [org.gradle.internal.remote.internal.inet.SocketConnection] Discarding EOFException: java.io.EOFException
2026-05-17T01:04:29.796+0530 [DEBUG] [org.gradle.launcher.daemon.server.SynchronizedDispatchConnection] thread 214: received null
2026-05-17T01:04:29.796+0530 [DEBUG] [org.gradle.launcher.daemon.server.DefaultDaemonConnection] thread 214: Received end-of-input from client.
2026-05-17T01:04:29.799+0530 [DEBUG] [org.gradle.launcher.daemon.server.SynchronizedDispatchConnection] thread 213: stopping connection
2026-05-17T01:04:29.803+0530 [DEBUG] [org.gradle.internal.remote.internal.inet.TcpIncomingConnector] Accepted connection from /127.0.0.1:49674 to /127.0.0.1:58339.
2026-05-17T01:04:29.818+0530 [DEBUG] [org.gradle.launcher.daemon.server.SynchronizedDispatchConnection] thread 215: received class org.gradle.launcher.daemon.protocol.Build
2026-05-17T01:04:29.818+0530 [DEBUG] [org.gradle.launcher.daemon.server.DefaultDaemonConnection] thread 215: Received non-IO message from client: Build{id=5021a527-1b47-4b3b-9c99-aef1a1613759, currentDir=C:\Users\HP\OneDrive\Desktop\kulli file}
2026-05-17T01:04:29.818+0530 [INFO] [org.gradle.launcher.daemon.server.DefaultIncomingConnectionHandler] Received command: Build{id=5021a527-1b47-4b3b-9c99-aef1a1613759, currentDir=C:\Users\HP\OneDrive\Desktop\kulli file}.
2026-05-17T01:04:29.820+0530 [DEBUG] [org.gradle.launcher.daemon.server.DefaultIncomingConnectionHandler] Starting executing command: Build{id=5021a527-1b47-4b3b-9c99-aef1a1613759, currentDir=C:\Users\HP\OneDrive\Desktop\kulli file} with connection: socket connection from /127.0.0.1:58339 to /127.0.0.1:49674.
2026-05-17T01:04:29.821+0530 [DEBUG] [org.gradle.launcher.daemon.server.DaemonStateCoordinator] Command execution: started DaemonCommandExecution[command = Build{id=5021a527-1b47-4b3b-9c99-aef1a1613759, currentDir=C:\Users\HP\OneDrive\Desktop\kulli file}, connection = DefaultDaemonConnection: socket connection from /127.0.0.1:58339 to /127.0.0.1:49674] after 1.0042 minutes of idle
2026-05-17T01:04:29.821+0530 [INFO] [org.gradle.launcher.daemon.server.DaemonRegistryUpdater] Marking the daemon as busy, address: [bf9560a8-3386-41da-9b73-86f9d79e54da port:58339, addresses:[localhost/127.0.0.1]]
2026-05-17T01:04:29.821+0530 [DEBUG] [org.gradle.launcher.daemon.registry.PersistentDaemonRegistry] Marking busy by address: [bf9560a8-3386-41da-9b73-86f9d79e54da port:58339, addresses:[localhost/127.0.0.1]]
2026-05-17T01:04:29.824+0530 [DEBUG] [org.gradle.cache.internal.DefaultFileLockManager] Waiting to acquire exclusive lock on daemon addresses registry.
2026-05-17T01:04:29.824+0530 [DEBUG] [org.gradle.cache.internal.DefaultFileLockManager] Lock acquired on daemon addresses registry.
2026-05-17T01:04:29.827+0530 [DEBUG] [org.gradle.cache.internal.DefaultFileLockManager] Releasing lock on daemon addresses registry.
2026-05-17T01:04:29.827+0530 [DEBUG] [org.gradle.launcher.daemon.server.DaemonStateCoordinator] resetting idle timer
2026-05-17T01:04:29.827+0530 [DEBUG] [org.gradle.launcher.daemon.server.DaemonStateCoordinator] daemon is running. Sleeping until state changes.
2026-05-17T01:04:29.828+0530 [INFO] [org.gradle.launcher.daemon.server.exec.StartBuildOrRespondWithBusy] Daemon is about to start building Build{id=5021a527-1b47-4b3b-9c99-aef1a1613759, currentDir=C:\Users\HP\OneDrive\Desktop\kulli file}. Dispatching build started information...
2026-05-17T01:04:29.828+0530 [DEBUG] [org.gradle.launcher.daemon.server.SynchronizedDispatchConnection] thread 217: dispatching org.gradle.launcher.daemon.protocol.BuildStarted@68cdc0d7
2026-05-17T01:04:29.829+0530 [DEBUG] [org.gradle.launcher.daemon.server.exec.EstablishBuildEnvironment] Configuring env variables: [USERDOMAIN_ROAMINGPROFILE, LOCALAPPDATA, PROCESSOR_LEVEL, RegionCode, USERDOMAIN, LOGONSERVER, SESSIONNAME, ALLUSERSPROFILE, PROCESSOR_ARCHITECTURE, AMDRMSDKPATH, PSModulePath, SystemDrive, OneDrive, APPDATA, USERNAME, ProgramFiles(x86), CommonProgramFiles, Path, PATHEXT, DriverData, OS, COMPUTERNAME, OnlineServices, EFC_10680_4126798990, PROCESSOR_REVISION, platformcode, CommonProgramW6432, ComSpec, ProgramData, ProgramW6432, TEMP, HOMEPATH, SystemRoot, PROCESSOR_IDENTIFIER, HOMEDRIVE, USERPROFILE, TMP, CommonProgramFiles(x86), ProgramFiles, PUBLIC, windir, NUMBER_OF_PROCESSORS, EFC_10680_1592913036, =::]
2026-05-17T01:04:29.831+0530 [DEBUG] [org.gradle.launcher.daemon.server.exec.LogToClient] About to start relaying all logs to the client via the connection.
2026-05-17T01:04:29.831+0530 [INFO] [org.gradle.launcher.daemon.server.exec.LogToClient] The client will now receive all logging from the daemon (pid: 28808). The daemon log file: C:\Users\HP\OneDrive\Desktop\Rajesh folder\daemon\9.4.1\daemon-28808.out.log
2026-05-17T01:04:29.832+0530 [INFO] [org.gradle.launcher.daemon.server.exec.LogAndCheckHealth] Starting 4th build in daemon [uptime: 4 mins 52.864 secs, performance: 100%, GC rate: 0.00/s, heap usage: 0% of 2 GiB]
2026-05-17T01:04:29.833+0530 [DEBUG] [org.gradle.launcher.daemon.server.exec.ExecuteBuild] The daemon has started executing the build.
2026-05-17T01:04:29.833+0530 [DEBUG] [org.gradle.launcher.daemon.server.exec.ExecuteBuild] Executing build with daemon context: DefaultDaemonContext[uid=293127d5-5cad-41b6-b559-89d81bf71abb,javaHome=C:\Program Files\Android\Android Studio\jbr,javaVersion=21,javaVendor=JetBrains s.r.o.,daemonRegistryDir=C:\Users\HP\OneDrive\Desktop\Rajesh folder\daemon,pid=28808,idleTimeout=10800000,priority=NORMAL,applyInstrumentationAgent=true,nativeServicesMode=ENABLED,daemonOpts=-Xmx2048m,-Dfile.encoding=UTF-8,-Duser.country=IN,-Duser.language=en,-Duser.variant]
warning: Deprecated 'org.jetbrains.kotlin.android' plugin usageThe 'org.jetbrains.kotlin.android' plugin in project ':app' is no longer required for Kotlin support since AGP 9.0.Solution: Remove both `android.builtInKotlin=true` and `android.newDsl=false` from `gradle.properties`, then migrate to built-in Kotlin.See https://kotl.in/gradle/agp-built-in-kotlin for more details. 

w: Deprecated 'org.jetbrains.kotlin.android' plugin usage
The 'org.jetbrains.kotlin.android' plugin in project ':app' is no longer required for Kotlin support since AGP 9.0.
Solution: Remove both `android.builtInKotlin=true` and `android.newDsl=false` from `gradle.properties`, then migrate to built-in Kotlin.
See https://kotl.in/gradle/agp-built-in-kotlin for more details.


[Incubating] Problems report is available at: file:///C:/Users/HP/OneDrive/Desktop/kulli%20file/build/reports/problems/problems-report.html

BUILD SUCCESSFUL in 3s
2026-05-17T01:04:33.558+0530 [DEBUG] [org.gradle.launcher.daemon.server.exec.ExecuteBuild] The daemon has finished executing the build.
2026-05-17T01:04:33.581+0530 [DEBUG] [org.gradle.launcher.daemon.server.DaemonStateCoordinator] daemon is running. Sleeping until state changes.
2026-05-17T01:04:33.581+0530 [DEBUG] [org.gradle.launcher.daemon.server.DaemonStateCoordinator] Command execution: finished waiting for DaemonCommandExecution[command = Build{id=5021a527-1b47-4b3b-9c99-aef1a1613759, currentDir=C:\Users\HP\OneDrive\Desktop\kulli file}, connection = DefaultDaemonConnection: socket connection from /127.0.0.1:58339 to /127.0.0.1:49674]. Result org.gradle.launcher.daemon.server.DaemonStateCoordinator@67c3e3a7 with state Busy
2026-05-17T01:04:33.581+0530 [DEBUG] [org.gradle.launcher.daemon.server.DaemonStateCoordinator] Command execution: completed DaemonCommandExecution[command = Build{id=5021a527-1b47-4b3b-9c99-aef1a1613759, currentDir=C:\Users\HP\OneDrive\Desktop\kulli file}, connection = DefaultDaemonConnection: socket connection from /127.0.0.1:58339 to /127.0.0.1:49674]
2026-05-17T01:04:33.581+0530 [DEBUG] [org.gradle.launcher.daemon.server.DaemonStateCoordinator] resetting idle timer
2026-05-17T01:04:33.581+0530 [INFO] [org.gradle.launcher.daemon.server.DaemonRegistryUpdater] Marking the daemon as idle, address: [bf9560a8-3386-41da-9b73-86f9d79e54da port:58339, addresses:[localhost/127.0.0.1]]
2026-05-17T01:04:33.581+0530 [DEBUG] [org.gradle.launcher.daemon.registry.PersistentDaemonRegistry] Marking busy by address: [bf9560a8-3386-41da-9b73-86f9d79e54da port:58339, addresses:[localhost/127.0.0.1]]
2026-05-17T01:04:33.584+0530 [DEBUG] [org.gradle.cache.internal.DefaultFileLockManager] Waiting to acquire exclusive lock on daemon addresses registry.
2026-05-17T01:04:33.584+0530 [DEBUG] [org.gradle.cache.internal.DefaultFileLockManager] Lock acquired on daemon addresses registry.
2026-05-17T01:04:33.587+0530 [DEBUG] [org.gradle.cache.internal.DefaultFileLockManager] Releasing lock on daemon addresses registry.
2026-05-17T01:04:33.587+0530 [DEBUG] [org.gradle.launcher.daemon.server.exec.ReturnResult] Daemon is dispatching the build result: Success[value=org.gradle.launcher.exec.BuildActionResult@6bf8c24c]
2026-05-17T01:04:33.587+0530 [DEBUG] [org.gradle.launcher.daemon.server.SynchronizedDispatchConnection] thread 213: dispatching Success[value=org.gradle.launcher.exec.BuildActionResult@6bf8c24c]
2026-05-17T01:04:33.587+0530 [DEBUG] [org.gradle.launcher.daemon.server.DaemonStateCoordinator] daemon is running. Sleeping until state changes.
2026-05-17T01:04:33.588+0530 [DEBUG] [org.gradle.launcher.daemon.server.SynchronizedDispatchConnection] thread 215: received class org.gradle.launcher.daemon.protocol.CloseInput
2026-05-17T01:04:33.591+0530 [DEBUG] [org.gradle.launcher.daemon.server.DefaultDaemonConnection] thread 215: Received IO message from client: org.gradle.launcher.daemon.protocol.CloseInput@e746436
2026-05-17T01:04:33.592+0530 [DEBUG] [org.gradle.launcher.daemon.server.SynchronizedDispatchConnection] thread 215: received class org.gradle.launcher.daemon.protocol.Finished
2026-05-17T01:04:33.592+0530 [DEBUG] [org.gradle.launcher.daemon.server.DefaultDaemonConnection] thread 215: Received non-IO message from client: org.gradle.launcher.daemon.protocol.Finished@b38b88
2026-05-17T01:04:33.593+0530 [DEBUG] [org.gradle.internal.remote.internal.inet.SocketConnection] Discarding EOFException: java.io.EOFException
2026-05-17T01:04:33.593+0530 [DEBUG] [org.gradle.launcher.daemon.server.SynchronizedDispatchConnection] thread 215: received null
2026-05-17T01:04:33.594+0530 [DEBUG] [org.gradle.launcher.daemon.server.DefaultDaemonConnection] thread 215: Received end-of-input from client.
2026-05-17T01:04:33.594+0530 [DEBUG] [org.gradle.launcher.daemon.server.DefaultIncomingConnectionHandler] Finishing executing command: Build{id=5021a527-1b47-4b3b-9c99-aef1a1613759, currentDir=C:\Users\HP\OneDrive\Desktop\kulli file}
2026-05-17T01:04:33.594+0530 [WARN] [org.gradle.launcher.daemon.server.DefaultIncomingConnectionHandler] Timed out waiting for finished message from client socket connection from /127.0.0.1:58339 to /127.0.0.1:49674. Discarding connection.
2026-05-17T01:04:33.594+0530 [DEBUG] [org.gradle.launcher.daemon.server.SynchronizedDispatchConnection] thread 213: stopping connection
2026-05-17T01:04:33.594+0530 [DEBUG] [org.gradle.launcher.daemon.server.exec.CleanUpVirtualFileSystemAfterBuild] Cleaning virtual file system after build finished
2026-05-17T01:04:33.596+0530 [DEBUG] [org.gradle.launcher.daemon.server.SynchronizedDispatchConnection] thread 213: stopping connection
2026-05-17T01:04:37.249+0530 [DEBUG] [org.gradle.launcher.daemon.server.Daemon] Starting periodic daemon health check.
2026-05-17T01:04:37.252+0530 [DEBUG] [org.gradle.cache.internal.DefaultFileLockManager] Waiting to acquire shared lock on daemon addresses registry.
2026-05-17T01:04:37.252+0530 [DEBUG] [org.gradle.cache.internal.DefaultFileLockManager] Lock acquired on daemon addresses registry.
2026-05-17T01:04:37.253+0530 [DEBUG] [org.gradle.cache.internal.DefaultFileLockManager] Releasing lock on daemon addresses registry.
2026-05-17T01:04:37.255+0530 [DEBUG] [org.gradle.cache.internal.DefaultFileLockManager] Waiting to acquire shared lock on daemon addresses registry.
2026-05-17T01:04:37.255+0530 [DEBUG] [org.gradle.cache.internal.DefaultFileLockManager] Lock acquired on daemon addresses registry.
2026-05-17T01:04:37.255+0530 [DEBUG] [org.gradle.cache.internal.DefaultFileLockManager] Releasing lock on daemon addresses registry.
2026-05-17T01:04:37.255+0530 [DEBUG] [org.gradle.launcher.daemon.server.Daemon] Finished periodic daemon health check.
2026-05-17T01:04:47.247+0530 [DEBUG] [org.gradle.launcher.daemon.server.Daemon] Starting periodic daemon health check.
2026-05-17T01:04:47.250+0530 [DEBUG] [org.gradle.cache.internal.DefaultFileLockManager] Waiting to acquire shared lock on daemon addresses registry.
2026-05-17T01:04:47.250+0530 [DEBUG] [org.gradle.cache.internal.DefaultFileLockManager] Lock acquired on daemon addresses registry.
2026-05-17T01:04:47.251+0530 [DEBUG] [org.gradle.cache.internal.DefaultFileLockManager] Releasing lock on daemon addresses registry.
2026-05-17T01:04:47.253+0530 [DEBUG] [org.gradle.cache.internal.DefaultFileLockManager] Waiting to acquire shared lock on daemon addresses registry.
2026-05-17T01:04:47.253+0530 [DEBUG] [org.gradle.cache.internal.DefaultFileLockManager] Lock acquired on daemon addresses registry.
2026-05-17T01:04:47.254+0530 [DEBUG] [org.gradle.cache.internal.DefaultFileLockManager] Releasing lock on daemon addresses registry.
2026-05-17T01:04:47.254+0530 [DEBUG] [org.gradle.launcher.daemon.server.Daemon] Finished periodic daemon health check.
2026-05-17T01:04:48.118+0530 [DEBUG] [org.gradle.process.internal.health.memory.DefaultMemoryManager] 1635715891 physical memory requested, 1545072640 free
2026-05-17T01:04:48.118+0530 [DEBUG] [org.gradle.workers.internal.WorkerDaemonExpiration] Will attempt to release 1559 of memory
2026-05-17T01:04:48.118+0530 [DEBUG] [org.gradle.process.internal.health.memory.DefaultMemoryManager] 1635715891 physical memory requested, 0 released, 1545072640 free
2026-05-17T01:04:53.115+0530 [DEBUG] [org.gradle.process.internal.health.memory.DefaultMemoryManager] 1635715891 physical memory requested, 1580453888 free
2026-05-17T01:04:53.115+0530 [DEBUG] [org.gradle.workers.internal.WorkerDaemonExpiration] Will attempt to release 1559 of memory
2026-05-17T01:04:53.115+0530 [DEBUG] [org.gradle.process.internal.health.memory.DefaultMemoryManager] 1635715891 physical memory requested, 0 released, 1580453888 free
2026-05-17T01:04:57.240+0530 [DEBUG] [org.gradle.launcher.daemon.server.Daemon] Starting periodic daemon health check.
2026-05-17T01:04:57.242+0530 [DEBUG] [org.gradle.cache.internal.DefaultFileLockManager] Waiting to acquire shared lock on daemon addresses registry.
2026-05-17T01:04:57.242+0530 [DEBUG] [org.gradle.cache.internal.DefaultFileLockManager] Lock acquired on daemon addresses registry.
2026-05-17T01:04:57.243+0530 [DEBUG] [org.gradle.cache.internal.DefaultFileLockManager] Releasing lock on daemon addresses registry.
2026-05-17T01:04:57.245+0530 [DEBUG] [org.gradle.cache.internal.DefaultFileLockManager] Waiting to acquire shared lock on daemon addresses registry.
2026-05-17T01:04:57.245+0530 [DEBUG] [org.gradle.cache.internal.DefaultFileLockManager] Lock acquired on daemon addresses registry.
2026-05-17T01:04:57.245+0530 [DEBUG] [org.gradle.cache.internal.DefaultFileLockManager] Releasing lock on daemon addresses registry.
2026-05-17T01:04:57.246+0530 [DEBUG] [org.gradle.launcher.daemon.server.Daemon] Finished periodic daemon health check.
2026-05-17T01:04:58.119+0530 [DEBUG] [org.gradle.process.internal.health.memory.DefaultMemoryManager] 1635715891 physical memory requested, 1507827712 free
2026-05-17T01:04:58.119+0530 [DEBUG] [org.gradle.workers.internal.WorkerDaemonExpiration] Will attempt to release 1559 of memory
2026-05-17T01:04:58.119+0530 [DEBUG] [org.gradle.process.internal.health.memory.DefaultMemoryManager] 1635715891 physical memory requested, 0 released, 1507827712 free
2026-05-17T01:05:03.110+0530 [DEBUG] [org.gradle.process.internal.health.memory.DefaultMemoryManager] 1635715891 physical memory requested, 1494786048 free
2026-05-17T01:05:03.111+0530 [DEBUG] [org.gradle.workers.internal.WorkerDaemonExpiration] Will attempt to release 1559 of memory
2026-05-17T01:05:03.111+0530 [DEBUG] [org.gradle.process.internal.health.memory.DefaultMemoryManager] 1635715891 physical memory requested, 0 released, 1494786048 free
2026-05-17T01:05:07.250+0530 [DEBUG] [org.gradle.launcher.daemon.server.Daemon] Starting periodic daemon health check.
2026-05-17T01:05:07.252+0530 [DEBUG] [org.gradle.cache.internal.DefaultFileLockManager] Waiting to acquire shared lock on daemon addresses registry.
2026-05-17T01:05:07.252+0530 [DEBUG] [org.gradle.cache.internal.DefaultFileLockManager] Lock acquired on daemon addresses registry.
2026-05-17T01:05:07.252+0530 [DEBUG] [org.gradle.cache.internal.DefaultFileLockManager] Releasing lock on daemon addresses registry.
2026-05-17T01:05:07.254+0530 [DEBUG] [org.gradle.cache.internal.DefaultFileLockManager] Waiting to acquire shared lock on daemon addresses registry.
2026-05-17T01:05:07.254+0530 [DEBUG] [org.gradle.cache.internal.DefaultFileLockManager] Lock acquired on daemon addresses registry.
2026-05-17T01:05:07.254+0530 [DEBUG] [org.gradle.cache.internal.DefaultFileLockManager] Releasing lock on daemon addresses registry.
2026-05-17T01:05:07.254+0530 [DEBUG] [org.gradle.launcher.daemon.server.Daemon] Finished periodic daemon health check.
2026-05-17T01:05:08.109+0530 [DEBUG] [org.gradle.process.internal.health.memory.DefaultMemoryManager] 1635715891 physical memory requested, 1380794368 free
2026-05-17T01:05:08.109+0530 [DEBUG] [org.gradle.workers.internal.WorkerDaemonExpiration] Will attempt to release 1559 of memory
2026-05-17T01:05:08.109+0530 [DEBUG] [org.gradle.process.internal.health.memory.DefaultMemoryManager] 1635715891 physical memory requested, 0 released, 1380794368 free
2026-05-17T01:05:13.123+0530 [DEBUG] [org.gradle.process.internal.health.memory.DefaultMemoryManager] 1635715891 physical memory requested, 1368903680 free
2026-05-17T01:05:13.123+0530 [DEBUG] [org.gradle.workers.internal.WorkerDaemonExpiration] Will attempt to release 1559 of memory
2026-05-17T01:05:13.123+0530 [DEBUG] [org.gradle.process.internal.health.memory.DefaultMemoryManager] 1635715891 physical memory requested, 0 released, 1368903680 free
2026-05-17T01:05:17.248+0530 [DEBUG] [org.gradle.launcher.daemon.server.Daemon] Starting periodic daemon health check.
2026-05-17T01:05:17.250+0530 [DEBUG] [org.gradle.cache.internal.DefaultFileLockManager] Waiting to acquire shared lock on daemon addresses registry.
2026-05-17T01:05:17.251+0530 [DEBUG] [org.gradle.cache.internal.DefaultFileLockManager] Lock acquired on daemon addresses registry.
2026-05-17T01:05:17.251+0530 [DEBUG] [org.gradle.cache.internal.DefaultFileLockManager] Releasing lock on daemon addresses registry.
2026-05-17T01:05:17.253+0530 [DEBUG] [org.gradle.cache.internal.DefaultFileLockManager] Waiting to acquire shared lock on daemon addresses registry.
2026-05-17T01:05:17.254+0530 [DEBUG] [org.gradle.cache.internal.DefaultFileLockManager] Lock acquired on daemon addresses registry.
2026-05-17T01:05:17.254+0530 [DEBUG] [org.gradle.cache.internal.DefaultFileLockManager] Releasing lock on daemon addresses registry.
2026-05-17T01:05:17.254+0530 [DEBUG] [org.gradle.launcher.daemon.server.Daemon] Finished periodic daemon health check.
2026-05-17T01:05:18.121+0530 [DEBUG] [org.gradle.process.internal.health.memory.DefaultMemoryManager] 1635715891 physical memory requested, 1382711296 free
2026-05-17T01:05:18.122+0530 [DEBUG] [org.gradle.workers.internal.WorkerDaemonExpiration] Will attempt to release 1559 of memory
2026-05-17T01:05:18.122+0530 [DEBUG] [org.gradle.process.internal.health.memory.DefaultMemoryManager] 1635715891 physical memory requested, 0 released, 1382711296 free
2026-05-17T01:05:23.123+0530 [DEBUG] [org.gradle.process.internal.health.memory.DefaultMemoryManager] 1635715891 physical memory requested, 1380921344 free
2026-05-17T01:05:23.124+0530 [DEBUG] [org.gradle.workers.internal.WorkerDaemonExpiration] Will attempt to release 1559 of memory
2026-05-17T01:05:23.124+0530 [DEBUG] [org.gradle.process.internal.health.memory.DefaultMemoryManager] 1635715891 physical memory requested, 0 released, 1380921344 free
2026-05-17T01:05:27.245+0530 [DEBUG] [org.gradle.launcher.daemon.server.Daemon] Starting periodic daemon health check.
2026-05-17T01:05:27.247+0530 [DEBUG] [org.gradle.cache.internal.DefaultFileLockManager] Waiting to acquire shared lock on daemon addresses registry.
2026-05-17T01:05:27.247+0530 [DEBUG] [org.gradle.cache.internal.DefaultFileLockManager] Lock acquired on daemon addresses registry.
2026-05-17T01:05:27.248+0530 [DEBUG] [org.gradle.cache.internal.DefaultFileLockManager] Releasing lock on daemon addresses registry.
2026-05-17T01:05:27.249+0530 [DEBUG] [org.gradle.cache.internal.DefaultFileLockManager] Waiting to acquire shared lock on daemon addresses registry.
2026-05-17T01:05:27.249+0530 [DEBUG] [org.gradle.cache.internal.DefaultFileLockManager] Lock acquired on daemon addresses registry.
2026-05-17T01:05:27.250+0530 [DEBUG] [org.gradle.cache.internal.DefaultFileLockManager] Releasing lock on daemon addresses registry.
2026-05-17T01:05:27.250+0530 [DEBUG] [org.gradle.launcher.daemon.server.Daemon] Finished periodic daemon health check.
2026-05-17T01:05:28.116+0530 [DEBUG] [org.gradle.process.internal.health.memory.DefaultMemoryManager] 1635715891 physical memory requested, 1414008832 free
2026-05-17T01:05:28.116+0530 [DEBUG] [org.gradle.workers.internal.WorkerDaemonExpiration] Will attempt to release 1559 of memory
2026-05-17T01:05:28.116+0530 [DEBUG] [org.gradle.process.internal.health.memory.DefaultMemoryManager] 1635715891 physical memory requested, 0 released, 1414008832 free
2026-05-17T01:05:33.116+0530 [DEBUG] [org.gradle.process.internal.health.memory.DefaultMemoryManager] 1635715891 physical memory requested, 1430122496 free
2026-05-17T01:05:33.116+0530 [DEBUG] [org.gradle.workers.internal.WorkerDaemonExpiration] Will attempt to release 1559 of memory
2026-05-17T01:05:33.116+0530 [DEBUG] [org.gradle.process.internal.health.memory.DefaultMemoryManager] 1635715891 physical memory requested, 0 released, 1430122496 free
2026-05-17T01:05:34.102+0530 [DEBUG] [org.gradle.internal.remote.internal.inet.TcpIncomingConnector] Accepted connection from /127.0.0.1:51469 to /127.0.0.1:58339.
2026-05-17T01:05:34.107+0530 [DEBUG] [org.gradle.launcher.daemon.server.SynchronizedDispatchConnection] thread 257: received class org.gradle.launcher.daemon.protocol.Build
2026-05-17T01:05:34.107+0530 [DEBUG] [org.gradle.launcher.daemon.server.DefaultDaemonConnection] thread 257: Received non-IO message from client: Build{id=60ac75d8-6a8c-4d93-8e57-7855e4a5856a, currentDir=C:\Users\HP\OneDrive\Desktop\kulli file}
2026-05-17T01:05:34.107+0530 [INFO] [org.gradle.launcher.daemon.server.DefaultIncomingConnectionHandler] Received command: Build{id=60ac75d8-6a8c-4d93-8e57-7855e4a5856a, currentDir=C:\Users\HP\OneDrive\Desktop\kulli file}.
2026-05-17T01:05:34.108+0530 [DEBUG] [org.gradle.launcher.daemon.server.DefaultIncomingConnectionHandler] Starting executing command: Build{id=60ac75d8-6a8c-4d93-8e57-7855e4a5856a, currentDir=C:\Users\HP\OneDrive\Desktop\kulli file} with connection: socket connection from /127.0.0.1:58339 to /127.0.0.1:51469.
2026-05-17T01:05:34.108+0530 [DEBUG] [org.gradle.launcher.daemon.server.DaemonStateCoordinator] Command execution: started DaemonCommandExecution[command = Build{id=60ac75d8-6a8c-4d93-8e57-7855e4a5856a, currentDir=C:\Users\HP\OneDrive\Desktop\kulli file}, connection = DefaultDaemonConnection: socket connection from /127.0.0.1:58339 to /127.0.0.1:51469] after 1.0087666666666668 minutes of idle
2026-05-17T01:05:34.108+0530 [INFO] [org.gradle.launcher.daemon.server.DaemonRegistryUpdater] Marking the daemon as busy, address: [bf9560a8-3386-41da-9b73-86f9d79e54da port:58339, addresses:[localhost/127.0.0.1]]
2026-05-17T01:05:34.108+0530 [DEBUG] [org.gradle.launcher.daemon.registry.PersistentDaemonRegistry] Marking busy by address: [bf9560a8-3386-41da-9b73-86f9d79e54da port:58339, addresses:[localhost/127.0.0.1]]
2026-05-17T01:05:34.109+0530 [DEBUG] [org.gradle.cache.internal.DefaultFileLockManager] Waiting to acquire exclusive lock on daemon addresses registry.
2026-05-17T01:05:34.110+0530 [DEBUG] [org.gradle.cache.internal.DefaultFileLockManager] Lock acquired on daemon addresses registry.
2026-05-17T01:05:34.111+0530 [DEBUG] [org.gradle.cache.internal.DefaultFileLockManager] Releasing lock on daemon addresses registry.
2026-05-17T01:05:34.111+0530 [DEBUG] [org.gradle.launcher.daemon.server.DaemonStateCoordinator] resetting idle timer
2026-05-17T01:05:34.112+0530 [DEBUG] [org.gradle.launcher.daemon.server.DaemonStateCoordinator] daemon is running. Sleeping until state changes.
2026-05-17T01:05:34.112+0530 [INFO] [org.gradle.launcher.daemon.server.exec.StartBuildOrRespondWithBusy] Daemon is about to start building Build{id=60ac75d8-6a8c-4d93-8e57-7855e4a5856a, currentDir=C:\Users\HP\OneDrive\Desktop\kulli file}. Dispatching build started information...
2026-05-17T01:05:34.112+0530 [DEBUG] [org.gradle.launcher.daemon.server.SynchronizedDispatchConnection] thread 259: dispatching org.gradle.launcher.daemon.protocol.BuildStarted@4146353
2026-05-17T01:05:34.114+0530 [DEBUG] [org.gradle.launcher.daemon.server.exec.EstablishBuildEnvironment] Configuring env variables: [USERDOMAIN_ROAMINGPROFILE, LOCALAPPDATA, PROCESSOR_LEVEL, RegionCode, USERDOMAIN, LOGONSERVER, SESSIONNAME, ALLUSERSPROFILE, PROCESSOR_ARCHITECTURE, AMDRMSDKPATH, PSModulePath, SystemDrive, OneDrive, APPDATA, USERNAME, ProgramFiles(x86), CommonProgramFiles, Path, PATHEXT, DriverData, OS, COMPUTERNAME, OnlineServices, EFC_10680_4126798990, PROCESSOR_REVISION, platformcode, CommonProgramW6432, ComSpec, ProgramData, ProgramW6432, TEMP, HOMEPATH, SystemRoot, PROCESSOR_IDENTIFIER, HOMEDRIVE, USERPROFILE, TMP, CommonProgramFiles(x86), ProgramFiles, PUBLIC, windir, NUMBER_OF_PROCESSORS, EFC_10680_1592913036, =::]
2026-05-17T01:05:34.115+0530 [DEBUG] [org.gradle.launcher.daemon.server.exec.LogToClient] About to start relaying all logs to the client via the connection.
2026-05-17T01:05:34.115+0530 [INFO] [org.gradle.launcher.daemon.server.exec.LogToClient] The client will now receive all logging from the daemon (pid: 28808). The daemon log file: C:\Users\HP\OneDrive\Desktop\Rajesh folder\daemon\9.4.1\daemon-28808.out.log
2026-05-17T01:05:34.116+0530 [INFO] [org.gradle.launcher.daemon.server.exec.LogAndCheckHealth] Starting 5th build in daemon [uptime: 5 mins 57.147 secs, performance: 100%, GC rate: 0.00/s, heap usage: 0% of 2 GiB]
2026-05-17T01:05:34.116+0530 [DEBUG] [org.gradle.launcher.daemon.server.exec.ExecuteBuild] The daemon has started executing the build.
2026-05-17T01:05:34.116+0530 [DEBUG] [org.gradle.launcher.daemon.server.exec.ExecuteBuild] Executing build with daemon context: DefaultDaemonContext[uid=293127d5-5cad-41b6-b559-89d81bf71abb,javaHome=C:\Program Files\Android\Android Studio\jbr,javaVersion=21,javaVendor=JetBrains s.r.o.,daemonRegistryDir=C:\Users\HP\OneDrive\Desktop\Rajesh folder\daemon,pid=28808,idleTimeout=10800000,priority=NORMAL,applyInstrumentationAgent=true,nativeServicesMode=ENABLED,daemonOpts=-Xmx2048m,-Dfile.encoding=UTF-8,-Duser.country=IN,-Duser.language=en,-Duser.variant]
Calculating task graph as no cached configuration is available for tasks: :app:assembleDebug
AGPBI: {"kind":"warning","text":"The option setting 'android.builtInKotlin=false' is deprecated.\nThe current default is 'true'.\nIt will be removed in version 10.0 of the Android Gradle plugin.","sources":[{}]}
AGPBI: {"kind":"warning","text":"The option setting 'android.newDsl=false' is deprecated.\nThe current default is 'true'.\nIt will be removed in version 10.0 of the Android Gradle plugin.","sources":[{}]}
AGPBI: {"kind":"warning","text":"API 'applicationVariants' is obsolete and has been replaced with 'AndroidComponentsExtension'.\nIt will be removed in version 10.0 of the Android Gradle plugin.\nThe legacy variant API is disabled by default in AGP 9.0, but can be re-enabled by adding \n    android.newDsl=false\nto this project's gradle.properties file.\nFor more information, see http://developer.android.com/build/r/new-dsl.\n\nTo determine what is calling applicationVariants, use -Pandroid.debug.obsoleteApi=true on the command line to display more information.","sources":[{}]}
AGPBI: {"kind":"warning","text":"API 'testVariants' is obsolete and has been replaced with 'AndroidComponentsExtension'.\nIt will be removed in version 10.0 of the Android Gradle plugin.\nThe legacy variant API is disabled by default in AGP 9.0, but can be re-enabled by adding \n    android.newDsl=false\nto this project's gradle.properties file.\nFor more information, see http://developer.android.com/build/r/new-dsl.\n\nTo determine what is calling testVariants, use -Pandroid.debug.obsoleteApi=true on the command line to display more information.","sources":[{}]}
AGPBI: {"kind":"warning","text":"API 'unitTestVariants' is obsolete and has been replaced with 'AndroidComponentsExtension'.\nIt will be removed in version 10.0 of the Android Gradle plugin.\nThe legacy variant API is disabled by default in AGP 9.0, but can be re-enabled by adding \n    android.newDsl=false\nto this project's gradle.properties file.\nFor more information, see http://developer.android.com/build/r/new-dsl.\n\nTo determine what is calling unitTestVariants, use -Pandroid.debug.obsoleteApi=true on the command line to display more information.","sources":[{}]}
warning: Deprecated 'org.jetbrains.kotlin.android' plugin usageThe 'org.jetbrains.kotlin.android' plugin in project ':app' is no longer required for Kotlin support since AGP 9.0.Solution: Remove both `android.builtInKotlin=true` and `android.newDsl=false` from `gradle.properties`, then migrate to built-in Kotlin.See https://kotl.in/gradle/agp-built-in-kotlin for more details. 

w: Deprecated 'org.jetbrains.kotlin.android' plugin usage
The 'org.jetbrains.kotlin.android' plugin in project ':app' is no longer required for Kotlin support since AGP 9.0.
Solution: Remove both `android.builtInKotlin=true` and `android.newDsl=false` from `gradle.properties`, then migrate to built-in Kotlin.
See https://kotl.in/gradle/agp-built-in-kotlin for more details.

C:\Users\HP\OneDrive\Desktop\kulli file\app\build\tmp\kapt3\stubs\debug\com\gokula\health\data\AppDatabase.java:5: warning: Schema export directory was not provided to the annotation processor so Room cannot export the schema. You can either provide `room.schemaLocation` annotation processor argument by applying the Room Gradle plugin (id 'androidx.room') OR set exportSchema to false.
public abstract class AppDatabase extends androidx.room.RoomDatabase {
                ^

[Incubating] Problems report is available at: file:///C:/Users/HP/OneDrive/Desktop/kulli%20file/build/reports/problems/problems-report.html

BUILD SUCCESSFUL in 1m 16s
40 actionable tasks: 40 executed
Configuration cache entry stored.
2026-05-17T01:06:50.233+0530 [DEBUG] [org.gradle.launcher.daemon.server.exec.ExecuteBuild] The daemon has finished executing the build.
2026-05-17T01:06:50.251+0530 [DEBUG] [org.gradle.launcher.daemon.server.DaemonStateCoordinator] daemon is running. Sleeping until state changes.
2026-05-17T01:06:50.252+0530 [DEBUG] [org.gradle.launcher.daemon.server.DaemonStateCoordinator] Command execution: finished waiting for DaemonCommandExecution[command = Build{id=60ac75d8-6a8c-4d93-8e57-7855e4a5856a, currentDir=C:\Users\HP\OneDrive\Desktop\kulli file}, connection = DefaultDaemonConnection: socket connection from /127.0.0.1:58339 to /127.0.0.1:51469]. Result org.gradle.launcher.daemon.server.DaemonStateCoordinator@67c3e3a7 with state Busy
2026-05-17T01:06:50.252+0530 [DEBUG] [org.gradle.launcher.daemon.server.DaemonStateCoordinator] Command execution: completed DaemonCommandExecution[command = Build{id=60ac75d8-6a8c-4d93-8e57-7855e4a5856a, currentDir=C:\Users\HP\OneDrive\Desktop\kulli file}, connection = DefaultDaemonConnection: socket connection from /127.0.0.1:58339 to /127.0.0.1:51469]
2026-05-17T01:06:50.253+0530 [DEBUG] [org.gradle.launcher.daemon.server.DaemonStateCoordinator] resetting idle timer
2026-05-17T01:06:50.253+0530 [INFO] [org.gradle.launcher.daemon.server.DaemonRegistryUpdater] Marking the daemon as idle, address: [bf9560a8-3386-41da-9b73-86f9d79e54da port:58339, addresses:[localhost/127.0.0.1]]
2026-05-17T01:06:50.253+0530 [DEBUG] [org.gradle.launcher.daemon.registry.PersistentDaemonRegistry] Marking busy by address: [bf9560a8-3386-41da-9b73-86f9d79e54da port:58339, addresses:[localhost/127.0.0.1]]
2026-05-17T01:06:50.255+0530 [DEBUG] [org.gradle.cache.internal.DefaultFileLockManager] Waiting to acquire exclusive lock on daemon addresses registry.
2026-05-17T01:06:50.256+0530 [DEBUG] [org.gradle.cache.internal.DefaultFileLockManager] Lock acquired on daemon addresses registry.
2026-05-17T01:06:50.258+0530 [DEBUG] [org.gradle.cache.internal.DefaultFileLockManager] Releasing lock on daemon addresses registry.
2026-05-17T01:06:50.259+0530 [DEBUG] [org.gradle.launcher.daemon.server.exec.ReturnResult] Daemon is dispatching the build result: Success[value=org.gradle.launcher.exec.BuildActionResult@190d01c4]
2026-05-17T01:06:50.259+0530 [DEBUG] [org.gradle.launcher.daemon.server.DaemonStateCoordinator] daemon is running. Sleeping until state changes.
2026-05-17T01:06:50.260+0530 [DEBUG] [org.gradle.launcher.daemon.server.SynchronizedDispatchConnection] thread 256: dispatching Success[value=org.gradle.launcher.exec.BuildActionResult@190d01c4]
2026-05-17T01:06:50.261+0530 [DEBUG] [org.gradle.launcher.daemon.server.exec.CleanUpVirtualFileSystemAfterBuild] Cleaning virtual file system after build finished
2026-05-17T01:06:50.261+0530 [DEBUG] [org.gradle.launcher.daemon.server.SynchronizedDispatchConnection] thread 257: received class org.gradle.launcher.daemon.protocol.CloseInput
2026-05-17T01:06:50.262+0530 [DEBUG] [org.gradle.launcher.daemon.server.DefaultDaemonConnection] thread 257: Received IO message from client: org.gradle.launcher.daemon.protocol.CloseInput@56107a80
2026-05-17T01:06:50.261+0530 [DEBUG] [org.gradle.launcher.daemon.server.DefaultIncomingConnectionHandler] Finishing executing command: Build{id=60ac75d8-6a8c-4d93-8e57-7855e4a5856a, currentDir=C:\Users\HP\OneDrive\Desktop\kulli file}
2026-05-17T01:06:50.262+0530 [DEBUG] [org.gradle.launcher.daemon.server.SynchronizedDispatchConnection] thread 257: received class org.gradle.launcher.daemon.protocol.Finished
2026-05-17T01:06:50.262+0530 [DEBUG] [org.gradle.launcher.daemon.server.DefaultDaemonConnection] thread 257: Received non-IO message from client: org.gradle.launcher.daemon.protocol.Finished@58d79e32
2026-05-17T01:06:50.263+0530 [DEBUG] [org.gradle.launcher.daemon.server.DefaultIncomingConnectionHandler] Received finished message: org.gradle.launcher.daemon.protocol.Finished@58d79e32
2026-05-17T01:06:50.263+0530 [DEBUG] [org.gradle.internal.remote.internal.inet.SocketConnection] Discarding EOFException: java.io.EOFException
2026-05-17T01:06:50.263+0530 [DEBUG] [org.gradle.launcher.daemon.server.SynchronizedDispatchConnection] thread 257: received null
2026-05-17T01:06:50.263+0530 [DEBUG] [org.gradle.launcher.daemon.server.SynchronizedDispatchConnection] thread 256: stopping connection
2026-05-17T01:06:50.263+0530 [DEBUG] [org.gradle.launcher.daemon.server.DefaultDaemonConnection] thread 257: Received end-of-input from client.
2026-05-17T01:06:50.264+0530 [DEBUG] [org.gradle.launcher.daemon.server.SynchronizedDispatchConnection] thread 256: stopping connection
2026-05-17T01:06:53.179+0530 [DEBUG] [org.gradle.process.internal.health.memory.DefaultMemoryManager] 1635715891 physical memory requested, 941191168 free
2026-05-17T01:06:53.182+0530 [DEBUG] [org.gradle.workers.internal.WorkerDaemonExpiration] Will attempt to release 1559 of memory
2026-05-17T01:06:53.183+0530 [DEBUG] [org.gradle.process.internal.health.memory.DefaultMemoryManager] 1635715891 physical memory requested, 0 released, 941191168 free
2026-05-17T01:06:57.253+0530 [DEBUG] [org.gradle.launcher.daemon.server.Daemon] Starting periodic daemon health check.
2026-05-17T01:06:57.257+0530 [DEBUG] [org.gradle.cache.internal.DefaultFileLockManager] Waiting to acquire shared lock on daemon addresses registry.
2026-05-17T01:06:57.257+0530 [DEBUG] [org.gradle.cache.internal.DefaultFileLockManager] Lock acquired on daemon addresses registry.
2026-05-17T01:06:57.258+0530 [DEBUG] [org.gradle.cache.internal.DefaultFileLockManager] Releasing lock on daemon addresses registry.
2026-05-17T01:06:57.260+0530 [DEBUG] [org.gradle.cache.internal.DefaultFileLockManager] Waiting to acquire shared lock on daemon addresses registry.
2026-05-17T01:06:57.260+0530 [DEBUG] [org.gradle.cache.internal.DefaultFileLockManager] Lock acquired on daemon addresses registry.
2026-05-17T01:06:57.261+0530 [DEBUG] [org.gradle.cache.internal.DefaultFileLockManager] Releasing lock on daemon addresses registry.
2026-05-17T01:06:57.261+0530 [DEBUG] [org.gradle.launcher.daemon.server.Daemon] Finished periodic daemon health check.
2026-05-17T01:06:58.114+0530 [DEBUG] [org.gradle.process.internal.health.memory.DefaultMemoryManager] 1635715891 physical memory requested, 894230528 free
2026-05-17T01:06:58.114+0530 [DEBUG] [org.gradle.workers.internal.WorkerDaemonExpiration] Will attempt to release 1559 of memory
2026-05-17T01:06:58.114+0530 [DEBUG] [org.gradle.process.internal.health.memory.DefaultMemoryManager] 1635715891 physical memory requested, 0 released, 894230528 free
2026-05-17T01:07:03.115+0530 [DEBUG] [org.gradle.process.internal.health.memory.DefaultMemoryManager] 1635715891 physical memory requested, 903610368 free
2026-05-17T01:07:03.115+0530 [DEBUG] [org.gradle.workers.internal.WorkerDaemonExpiration] Will attempt to release 1559 of memory
2026-05-17T01:07:03.115+0530 [DEBUG] [org.gradle.process.internal.health.memory.DefaultMemoryManager] 1635715891 physical memory requested, 0 released, 903610368 free
2026-05-17T01:07:04.437+0530 [DEBUG] [sun.rmi.transport.tcp] RMI Scheduler(0): close connection, socket: Socket[addr=localhost/127.0.0.1,port=17250,localport=51334]
2026-05-17T01:07:07.251+0530 [DEBUG] [org.gradle.launcher.daemon.server.Daemon] Starting periodic daemon health check.
2026-05-17T01:07:07.253+0530 [DEBUG] [org.gradle.cache.internal.DefaultFileLockManager] Waiting to acquire shared lock on daemon addresses registry.
2026-05-17T01:07:07.254+0530 [DEBUG] [org.gradle.cache.internal.DefaultFileLockManager] Lock acquired on daemon addresses registry.
2026-05-17T01:07:07.254+0530 [DEBUG] [org.gradle.cache.internal.DefaultFileLockManager] Releasing lock on daemon addresses registry.
2026-05-17T01:07:07.258+0530 [DEBUG] [org.gradle.cache.internal.DefaultFileLockManager] Waiting to acquire shared lock on daemon addresses registry.
2026-05-17T01:07:07.258+0530 [DEBUG] [org.gradle.cache.internal.DefaultFileLockManager] Lock acquired on daemon addresses registry.
2026-05-17T01:07:07.259+0530 [DEBUG] [org.gradle.cache.internal.DefaultFileLockManager] Releasing lock on daemon addresses registry.
2026-05-17T01:07:07.266+0530 [DEBUG] [org.gradle.launcher.daemon.server.Daemon] Finished periodic daemon health check.
2026-05-17T01:07:08.111+0530 [DEBUG] [org.gradle.process.internal.health.memory.DefaultMemoryManager] 1635715891 physical memory requested, 1340370944 free
2026-05-17T01:07:08.111+0530 [DEBUG] [org.gradle.workers.internal.WorkerDaemonExpiration] Will attempt to release 1559 of memory
2026-05-17T01:07:08.112+0530 [DEBUG] [org.gradle.process.internal.health.memory.DefaultMemoryManager] 1635715891 physical memory requested, 0 released, 1340370944 free
2026-05-17T01:07:08.764+0530 [DEBUG] [sun.rmi.transport.tcp] RMI Scheduler(0): close connection, socket: Socket[addr=localhost/127.0.0.1,port=17250,localport=51356]
2026-05-17T01:07:08.771+0530 [DEBUG] [sun.rmi.transport.tcp] RMI TCP Connection(2)-127.0.0.1: (port 51336) connection closed
2026-05-17T01:07:08.771+0530 [DEBUG] [sun.rmi.transport.tcp] RMI TCP Connection(2)-127.0.0.1: close connection, socket: Socket[addr=/127.0.0.1,port=51354,localport=51336]
2026-05-17T01:07:08.772+0530 [DEBUG] [sun.rmi.transport.tcp] RMI TCP Connection(2)-127.0.0.1: socket close: Socket[addr=/127.0.0.1,port=51354,localport=51336]
2026-05-17T01:07:13.123+0530 [DEBUG] [org.gradle.process.internal.health.memory.DefaultMemoryManager] 1635715891 physical memory requested, 1269018624 free
2026-05-17T01:07:13.123+0530 [DEBUG] [org.gradle.workers.internal.WorkerDaemonExpiration] Will attempt to release 1559 of memory
2026-05-17T01:07:13.123+0530 [DEBUG] [org.gradle.process.internal.health.memory.DefaultMemoryManager] 1635715891 physical memory requested, 0 released, 1269018624 free
2026-05-17T01:07:17.245+0530 [DEBUG] [org.gradle.launcher.daemon.server.Daemon] Starting periodic daemon health check.
2026-05-17T01:07:17.248+0530 [DEBUG] [org.gradle.cache.internal.DefaultFileLockManager] Waiting to acquire shared lock on daemon addresses registry.
2026-05-17T01:07:17.248+0530 [DEBUG] [org.gradle.cache.internal.DefaultFileLockManager] Lock acquired on daemon addresses registry.
2026-05-17T01:07:17.249+0530 [DEBUG] [org.gradle.cache.internal.DefaultFileLockManager] Releasing lock on daemon addresses registry.
2026-05-17T01:07:17.250+0530 [DEBUG] [org.gradle.cache.internal.DefaultFileLockManager] Waiting to acquire shared lock on daemon addresses registry.
2026-05-17T01:07:17.250+0530 [DEBUG] [org.gradle.cache.internal.DefaultFileLockManager] Lock acquired on daemon addresses registry.
2026-05-17T01:07:17.250+0530 [DEBUG] [org.gradle.cache.internal.DefaultFileLockManager] Releasing lock on daemon addresses registry.
2026-05-17T01:07:17.251+0530 [DEBUG] [org.gradle.launcher.daemon.server.Daemon] Finished periodic daemon health check.
2026-05-17T01:07:18.109+0530 [DEBUG] [org.gradle.process.internal.health.memory.DefaultMemoryManager] 1635715891 physical memory requested, 1243033600 free
2026-05-17T01:07:18.109+0530 [DEBUG] [org.gradle.workers.internal.WorkerDaemonExpiration] Will attempt to release 1559 of memory
2026-05-17T01:07:18.109+0530 [DEBUG] [org.gradle.process.internal.health.memory.DefaultMemoryManager] 1635715891 physical memory requested, 0 released, 1243033600 free
2026-05-17T01:07:23.111+0530 [DEBUG] [org.gradle.process.internal.health.memory.DefaultMemoryManager] 1635715891 physical memory requested, 1210085376 free
2026-05-17T01:07:23.111+0530 [DEBUG] [org.gradle.workers.internal.WorkerDaemonExpiration] Will attempt to release 1559 of memory
2026-05-17T01:07:23.111+0530 [DEBUG] [org.gradle.process.internal.health.memory.DefaultMemoryManager] 1635715891 physical memory requested, 0 released, 1210085376 free
2026-05-17T01:07:27.238+0530 [DEBUG] [org.gradle.launcher.daemon.server.Daemon] Starting periodic daemon health check.
2026-05-17T01:07:27.240+0530 [DEBUG] [org.gradle.cache.internal.DefaultFileLockManager] Waiting to acquire shared lock on daemon addresses registry.
2026-05-17T01:07:27.241+0530 [DEBUG] [org.gradle.cache.internal.DefaultFileLockManager] Lock acquired on daemon addresses registry.
2026-05-17T01:07:27.242+0530 [DEBUG] [org.gradle.cache.internal.DefaultFileLockManager] Releasing lock on daemon addresses registry.
2026-05-17T01:07:27.244+0530 [DEBUG] [org.gradle.cache.internal.DefaultFileLockManager] Waiting to acquire shared lock on daemon addresses registry.
2026-05-17T01:07:27.244+0530 [DEBUG] [org.gradle.cache.internal.DefaultFileLockManager] Lock acquired on daemon addresses registry.
2026-05-17T01:07:27.245+0530 [DEBUG] [org.gradle.cache.internal.DefaultFileLockManager] Releasing lock on daemon addresses registry.
2026-05-17T01:07:27.245+0530 [DEBUG] [org.gradle.launcher.daemon.server.Daemon] Finished periodic daemon health check.
2026-05-17T01:07:28.125+0530 [DEBUG] [org.gradle.process.internal.health.memory.DefaultMemoryManager] 1635715891 physical memory requested, 1147015168 free
2026-05-17T01:07:28.125+0530 [DEBUG] [org.gradle.workers.internal.WorkerDaemonExpiration] Will attempt to release 1559 of memory
2026-05-17T01:07:28.125+0530 [DEBUG] [org.gradle.process.internal.health.memory.DefaultMemoryManager] 1635715891 physical memory requested, 0 released, 1147015168 free
2026-05-17T01:07:33.112+0530 [DEBUG] [org.gradle.process.internal.health.memory.DefaultMemoryManager] 1635715891 physical memory requested, 1033396224 free
2026-05-17T01:07:33.112+0530 [DEBUG] [org.gradle.workers.internal.WorkerDaemonExpiration] Will attempt to release 1559 of memory
2026-05-17T01:07:33.113+0530 [DEBUG] [org.gradle.process.internal.health.memory.DefaultMemoryManager] 1635715891 physical memory requested, 0 released, 1033396224 free
2026-05-17T01:07:37.245+0530 [DEBUG] [org.gradle.launcher.daemon.server.Daemon] Starting periodic daemon health check.
2026-05-17T01:07:37.248+0530 [DEBUG] [org.gradle.cache.internal.DefaultFileLockManager] Waiting to acquire shared lock on daemon addresses registry.
2026-05-17T01:07:37.248+0530 [DEBUG] [org.gradle.cache.internal.DefaultFileLockManager] Lock acquired on daemon addresses registry.
2026-05-17T01:07:37.248+0530 [DEBUG] [org.gradle.cache.internal.DefaultFileLockManager] Releasing lock on daemon addresses registry.
2026-05-17T01:07:37.250+0530 [DEBUG] [org.gradle.cache.internal.DefaultFileLockManager] Waiting to acquire shared lock on daemon addresses registry.
2026-05-17T01:07:37.250+0530 [DEBUG] [org.gradle.cache.internal.DefaultFileLockManager] Lock acquired on daemon addresses registry.
2026-05-17T01:07:37.250+0530 [DEBUG] [org.gradle.cache.internal.DefaultFileLockManager] Releasing lock on daemon addresses registry.
2026-05-17T01:07:37.251+0530 [DEBUG] [org.gradle.launcher.daemon.server.Daemon] Finished periodic daemon health check.
2026-05-17T01:07:38.121+0530 [DEBUG] [org.gradle.process.internal.health.memory.DefaultMemoryManager] 1635715891 physical memory requested, 1007398912 free
2026-05-17T01:07:38.121+0530 [DEBUG] [org.gradle.workers.internal.WorkerDaemonExpiration] Will attempt to release 1559 of memory
2026-05-17T01:07:38.122+0530 [DEBUG] [org.gradle.process.internal.health.memory.DefaultMemoryManager] 1635715891 physical memory requested, 0 released, 1007398912 free
2026-05-17T01:07:43.110+0530 [DEBUG] [org.gradle.process.internal.health.memory.DefaultMemoryManager] 1635715891 physical memory requested, 1529733120 free
2026-05-17T01:07:43.110+0530 [DEBUG] [org.gradle.workers.internal.WorkerDaemonExpiration] Will attempt to release 1559 of memory
2026-05-17T01:07:43.110+0530 [DEBUG] [org.gradle.process.internal.health.memory.DefaultMemoryManager] 1635715891 physical memory requested, 0 released, 1529733120 free
2026-05-17T01:07:47.249+0530 [DEBUG] [org.gradle.launcher.daemon.server.Daemon] Starting periodic daemon health check.
2026-05-17T01:07:47.251+0530 [DEBUG] [org.gradle.cache.internal.DefaultFileLockManager] Waiting to acquire shared lock on daemon addresses registry.
2026-05-17T01:07:47.251+0530 [DEBUG] [org.gradle.cache.internal.DefaultFileLockManager] Lock acquired on daemon addresses registry.
2026-05-17T01:07:47.251+0530 [DEBUG] [org.gradle.cache.internal.DefaultFileLockManager] Releasing lock on daemon addresses registry.
2026-05-17T01:07:47.252+0530 [DEBUG] [org.gradle.cache.internal.DefaultFileLockManager] Waiting to acquire shared lock on daemon addresses registry.
2026-05-17T01:07:47.252+0530 [DEBUG] [org.gradle.cache.internal.DefaultFileLockManager] Lock acquired on daemon addresses registry.
2026-05-17T01:07:47.253+0530 [DEBUG] [org.gradle.cache.internal.DefaultFileLockManager] Releasing lock on daemon addresses registry.
2026-05-17T01:07:47.253+0530 [DEBUG] [org.gradle.launcher.daemon.server.Daemon] Finished periodic daemon health check.
2026-05-17T01:07:57.248+0530 [DEBUG] [org.gradle.launcher.daemon.server.Daemon] Starting periodic daemon health check.
2026-05-17T01:07:57.250+0530 [DEBUG] [org.gradle.cache.internal.DefaultFileLockManager] Waiting to acquire shared lock on daemon addresses registry.
2026-05-17T01:07:57.250+0530 [DEBUG] [org.gradle.cache.internal.DefaultFileLockManager] Lock acquired on daemon addresses registry.
2026-05-17T01:07:57.250+0530 [DEBUG] [org.gradle.cache.internal.DefaultFileLockManager] Releasing lock on daemon addresses registry.
2026-05-17T01:07:57.252+0530 [DEBUG] [org.gradle.cache.internal.DefaultFileLockManager] Waiting to acquire shared lock on daemon addresses registry.
2026-05-17T01:07:57.252+0530 [DEBUG] [org.gradle.cache.internal.DefaultFileLockManager] Lock acquired on daemon addresses registry.
2026-05-17T01:07:57.252+0530 [DEBUG] [org.gradle.cache.internal.DefaultFileLockManager] Releasing lock on daemon addresses registry.
2026-05-17T01:07:57.252+0530 [DEBUG] [org.gradle.launcher.daemon.server.Daemon] Finished periodic daemon health check.
2026-05-17T01:08:07.248+0530 [DEBUG] [org.gradle.launcher.daemon.server.Daemon] Starting periodic daemon health check.
2026-05-17T01:08:07.250+0530 [DEBUG] [org.gradle.cache.internal.DefaultFileLockManager] Waiting to acquire shared lock on daemon addresses registry.
2026-05-17T01:08:07.250+0530 [DEBUG] [org.gradle.cache.internal.DefaultFileLockManager] Lock acquired on daemon addresses registry.
2026-05-17T01:08:07.251+0530 [DEBUG] [org.gradle.cache.internal.DefaultFileLockManager] Releasing lock on daemon addresses registry.
2026-05-17T01:08:07.252+0530 [DEBUG] [org.gradle.cache.internal.DefaultFileLockManager] Waiting to acquire shared lock on daemon addresses registry.
2026-05-17T01:08:07.252+0530 [DEBUG] [org.gradle.cache.internal.DefaultFileLockManager] Lock acquired on daemon addresses registry.
2026-05-17T01:08:07.252+0530 [DEBUG] [org.gradle.cache.internal.DefaultFileLockManager] Releasing lock on daemon addresses registry.
2026-05-17T01:08:07.252+0530 [DEBUG] [org.gradle.launcher.daemon.server.Daemon] Finished periodic daemon health check.
2026-05-17T01:08:15.930+0530 [DEBUG] [org.gradle.internal.remote.internal.inet.TcpIncomingConnector] Accepted connection from /127.0.0.1:65492 to /127.0.0.1:58339.
2026-05-17T01:08:15.936+0530 [DEBUG] [org.gradle.launcher.daemon.server.SynchronizedDispatchConnection] thread 397: received class org.gradle.launcher.daemon.protocol.Build
2026-05-17T01:08:15.936+0530 [DEBUG] [org.gradle.launcher.daemon.server.DefaultDaemonConnection] thread 397: Received non-IO message from client: Build{id=149bd69b-bea9-4894-a079-bcb76f01a66f, currentDir=C:\Users\HP\OneDrive\Desktop\kulli file}
2026-05-17T01:08:15.936+0530 [INFO] [org.gradle.launcher.daemon.server.DefaultIncomingConnectionHandler] Received command: Build{id=149bd69b-bea9-4894-a079-bcb76f01a66f, currentDir=C:\Users\HP\OneDrive\Desktop\kulli file}.
2026-05-17T01:08:15.936+0530 [DEBUG] [org.gradle.launcher.daemon.server.DefaultIncomingConnectionHandler] Starting executing command: Build{id=149bd69b-bea9-4894-a079-bcb76f01a66f, currentDir=C:\Users\HP\OneDrive\Desktop\kulli file} with connection: socket connection from /127.0.0.1:58339 to /127.0.0.1:65492.
2026-05-17T01:08:15.936+0530 [DEBUG] [org.gradle.launcher.daemon.server.DaemonStateCoordinator] Command execution: started DaemonCommandExecution[command = Build{id=149bd69b-bea9-4894-a079-bcb76f01a66f, currentDir=C:\Users\HP\OneDrive\Desktop\kulli file}, connection = DefaultDaemonConnection: socket connection from /127.0.0.1:58339 to /127.0.0.1:65492] after 1.42805 minutes of idle
2026-05-17T01:08:15.937+0530 [INFO] [org.gradle.launcher.daemon.server.DaemonRegistryUpdater] Marking the daemon as busy, address: [bf9560a8-3386-41da-9b73-86f9d79e54da port:58339, addresses:[localhost/127.0.0.1]]
2026-05-17T01:08:15.937+0530 [DEBUG] [org.gradle.launcher.daemon.registry.PersistentDaemonRegistry] Marking busy by address: [bf9560a8-3386-41da-9b73-86f9d79e54da port:58339, addresses:[localhost/127.0.0.1]]
2026-05-17T01:08:15.938+0530 [DEBUG] [org.gradle.cache.internal.DefaultFileLockManager] Waiting to acquire exclusive lock on daemon addresses registry.
2026-05-17T01:08:15.939+0530 [DEBUG] [org.gradle.cache.internal.DefaultFileLockManager] Lock acquired on daemon addresses registry.
2026-05-17T01:08:15.940+0530 [DEBUG] [org.gradle.cache.internal.DefaultFileLockManager] Releasing lock on daemon addresses registry.
2026-05-17T01:08:15.940+0530 [DEBUG] [org.gradle.launcher.daemon.server.DaemonStateCoordinator] resetting idle timer
2026-05-17T01:08:15.940+0530 [DEBUG] [org.gradle.launcher.daemon.server.DaemonStateCoordinator] daemon is running. Sleeping until state changes.
2026-05-17T01:08:15.941+0530 [INFO] [org.gradle.launcher.daemon.server.exec.StartBuildOrRespondWithBusy] Daemon is about to start building Build{id=149bd69b-bea9-4894-a079-bcb76f01a66f, currentDir=C:\Users\HP\OneDrive\Desktop\kulli file}. Dispatching build started information...
2026-05-17T01:08:15.941+0530 [DEBUG] [org.gradle.launcher.daemon.server.SynchronizedDispatchConnection] thread 399: dispatching org.gradle.launcher.daemon.protocol.BuildStarted@33a8d0f6
2026-05-17T01:08:15.942+0530 [DEBUG] [org.gradle.launcher.daemon.server.exec.EstablishBuildEnvironment] Configuring env variables: [USERDOMAIN_ROAMINGPROFILE, LOCALAPPDATA, PROCESSOR_LEVEL, RegionCode, USERDOMAIN, LOGONSERVER, SESSIONNAME, ALLUSERSPROFILE, PROCESSOR_ARCHITECTURE, AMDRMSDKPATH, PSModulePath, SystemDrive, OneDrive, APPDATA, USERNAME, ProgramFiles(x86), CommonProgramFiles, Path, PATHEXT, DriverData, OS, COMPUTERNAME, OnlineServices, EFC_10680_4126798990, PROCESSOR_REVISION, platformcode, CommonProgramW6432, ComSpec, ProgramData, ProgramW6432, TEMP, HOMEPATH, SystemRoot, PROCESSOR_IDENTIFIER, HOMEDRIVE, USERPROFILE, TMP, CommonProgramFiles(x86), ProgramFiles, PUBLIC, windir, NUMBER_OF_PROCESSORS, EFC_10680_1592913036, =::]
2026-05-17T01:08:15.943+0530 [DEBUG] [org.gradle.launcher.daemon.server.exec.LogToClient] About to start relaying all logs to the client via the connection.
2026-05-17T01:08:15.943+0530 [INFO] [org.gradle.launcher.daemon.server.exec.LogToClient] The client will now receive all logging from the daemon (pid: 28808). The daemon log file: C:\Users\HP\OneDrive\Desktop\Rajesh folder\daemon\9.4.1\daemon-28808.out.log
2026-05-17T01:08:15.944+0530 [INFO] [org.gradle.launcher.daemon.server.exec.LogAndCheckHealth] Starting 6th build in daemon [uptime: 8 mins 38.974 secs, performance: 99%, GC rate: 0.00/s, heap usage: 0% of 2 GiB]
2026-05-17T01:08:15.944+0530 [DEBUG] [org.gradle.launcher.daemon.server.exec.ExecuteBuild] The daemon has started executing the build.
2026-05-17T01:08:15.944+0530 [DEBUG] [org.gradle.launcher.daemon.server.exec.ExecuteBuild] Executing build with daemon context: DefaultDaemonContext[uid=293127d5-5cad-41b6-b559-89d81bf71abb,javaHome=C:\Program Files\Android\Android Studio\jbr,javaVersion=21,javaVendor=JetBrains s.r.o.,daemonRegistryDir=C:\Users\HP\OneDrive\Desktop\Rajesh folder\daemon,pid=28808,idleTimeout=10800000,priority=NORMAL,applyInstrumentationAgent=true,nativeServicesMode=ENABLED,daemonOpts=-Xmx2048m,-Dfile.encoding=UTF-8,-Duser.country=IN,-Duser.language=en,-Duser.variant]
Reusing configuration cache.

BUILD SUCCESSFUL in 856ms
40 actionable tasks: 40 up-to-date
Configuration cache entry reused.
2026-05-17T01:08:16.822+0530 [DEBUG] [org.gradle.launcher.daemon.server.exec.ExecuteBuild] The daemon has finished executing the build.
2026-05-17T01:08:16.839+0530 [DEBUG] [org.gradle.launcher.daemon.server.DaemonStateCoordinator] daemon is running. Sleeping until state changes.
2026-05-17T01:08:16.840+0530 [DEBUG] [org.gradle.launcher.daemon.server.DaemonStateCoordinator] Command execution: finished waiting for DaemonCommandExecution[command = Build{id=149bd69b-bea9-4894-a079-bcb76f01a66f, currentDir=C:\Users\HP\OneDrive\Desktop\kulli file}, connection = DefaultDaemonConnection: socket connection from /127.0.0.1:58339 to /127.0.0.1:65492]. Result org.gradle.launcher.daemon.server.DaemonStateCoordinator@67c3e3a7 with state Busy
2026-05-17T01:08:16.840+0530 [DEBUG] [org.gradle.launcher.daemon.server.DaemonStateCoordinator] Command execution: completed DaemonCommandExecution[command = Build{id=149bd69b-bea9-4894-a079-bcb76f01a66f, currentDir=C:\Users\HP\OneDrive\Desktop\kulli file}, connection = DefaultDaemonConnection: socket connection from /127.0.0.1:58339 to /127.0.0.1:65492]
2026-05-17T01:08:16.840+0530 [DEBUG] [org.gradle.launcher.daemon.server.DaemonStateCoordinator] resetting idle timer
2026-05-17T01:08:16.840+0530 [INFO] [org.gradle.launcher.daemon.server.DaemonRegistryUpdater] Marking the daemon as idle, address: [bf9560a8-3386-41da-9b73-86f9d79e54da port:58339, addresses:[localhost/127.0.0.1]]
2026-05-17T01:08:16.840+0530 [DEBUG] [org.gradle.launcher.daemon.registry.PersistentDaemonRegistry] Marking busy by address: [bf9560a8-3386-41da-9b73-86f9d79e54da port:58339, addresses:[localhost/127.0.0.1]]
2026-05-17T01:08:16.842+0530 [DEBUG] [org.gradle.cache.internal.DefaultFileLockManager] Waiting to acquire exclusive lock on daemon addresses registry.
2026-05-17T01:08:16.842+0530 [DEBUG] [org.gradle.cache.internal.DefaultFileLockManager] Lock acquired on daemon addresses registry.
2026-05-17T01:08:16.845+0530 [DEBUG] [org.gradle.cache.internal.DefaultFileLockManager] Releasing lock on daemon addresses registry.
2026-05-17T01:08:16.845+0530 [DEBUG] [org.gradle.launcher.daemon.server.exec.ReturnResult] Daemon is dispatching the build result: Success[value=org.gradle.launcher.exec.BuildActionResult@702e4061]
2026-05-17T01:08:16.846+0530 [DEBUG] [org.gradle.launcher.daemon.server.SynchronizedDispatchConnection] thread 396: dispatching Success[value=org.gradle.launcher.exec.BuildActionResult@702e4061]
2026-05-17T01:08:16.846+0530 [DEBUG] [org.gradle.launcher.daemon.server.DaemonStateCoordinator] daemon is running. Sleeping until state changes.
2026-05-17T01:08:16.846+0530 [DEBUG] [org.gradle.launcher.daemon.server.SynchronizedDispatchConnection] thread 397: received class org.gradle.launcher.daemon.protocol.CloseInput
2026-05-17T01:08:16.847+0530 [DEBUG] [org.gradle.launcher.daemon.server.DefaultDaemonConnection] thread 397: Received IO message from client: org.gradle.launcher.daemon.protocol.CloseInput@7aeff6bd
2026-05-17T01:08:16.847+0530 [DEBUG] [org.gradle.launcher.daemon.server.SynchronizedDispatchConnection] thread 397: received class org.gradle.launcher.daemon.protocol.Finished
2026-05-17T01:08:16.847+0530 [DEBUG] [org.gradle.launcher.daemon.server.DefaultDaemonConnection] thread 397: Received non-IO message from client: org.gradle.launcher.daemon.protocol.Finished@74281790
2026-05-17T01:08:16.847+0530 [DEBUG] [org.gradle.launcher.daemon.server.DefaultIncomingConnectionHandler] Finishing executing command: Build{id=149bd69b-bea9-4894-a079-bcb76f01a66f, currentDir=C:\Users\HP\OneDrive\Desktop\kulli file}
2026-05-17T01:08:16.847+0530 [DEBUG] [org.gradle.launcher.daemon.server.DefaultIncomingConnectionHandler] Received finished message: org.gradle.launcher.daemon.protocol.Finished@74281790
2026-05-17T01:08:16.847+0530 [DEBUG] [org.gradle.launcher.daemon.server.SynchronizedDispatchConnection] thread 396: stopping connection
2026-05-17T01:08:16.847+0530 [DEBUG] [org.gradle.internal.remote.internal.inet.SocketConnection] Discarding EOFException: java.io.EOFException
2026-05-17T01:08:16.848+0530 [DEBUG] [org.gradle.launcher.daemon.server.SynchronizedDispatchConnection] thread 397: received null
2026-05-17T01:08:16.848+0530 [DEBUG] [org.gradle.launcher.daemon.server.DefaultDaemonConnection] thread 397: Received end-of-input from client.
2026-05-17T01:08:16.849+0530 [DEBUG] [org.gradle.launcher.daemon.server.SynchronizedDispatchConnection] thread 396: stopping connection
2026-05-17T01:08:16.848+0530 [DEBUG] [org.gradle.launcher.daemon.server.exec.CleanUpVirtualFileSystemAfterBuild] Cleaning virtual file system after build finished
2026-05-17T01:08:17.244+0530 [DEBUG] [org.gradle.launcher.daemon.server.Daemon] Starting periodic daemon health check.
2026-05-17T01:08:17.246+0530 [DEBUG] [org.gradle.cache.internal.DefaultFileLockManager] Waiting to acquire shared lock on daemon addresses registry.
2026-05-17T01:08:17.246+0530 [DEBUG] [org.gradle.cache.internal.DefaultFileLockManager] Lock acquired on daemon addresses registry.
2026-05-17T01:08:17.246+0530 [DEBUG] [org.gradle.cache.internal.DefaultFileLockManager] Releasing lock on daemon addresses registry.
2026-05-17T01:08:17.248+0530 [DEBUG] [org.gradle.cache.internal.DefaultFileLockManager] Waiting to acquire shared lock on daemon addresses registry.
2026-05-17T01:08:17.248+0530 [DEBUG] [org.gradle.cache.internal.DefaultFileLockManager] Lock acquired on daemon addresses registry.
2026-05-17T01:08:17.248+0530 [DEBUG] [org.gradle.cache.internal.DefaultFileLockManager] Releasing lock on daemon addresses registry.
2026-05-17T01:08:17.248+0530 [DEBUG] [org.gradle.launcher.daemon.server.Daemon] Finished periodic daemon health check.
2026-05-17T01:08:26.011+0530 [DEBUG] [org.gradle.internal.remote.internal.inet.TcpIncomingConnector] Accepted connection from /127.0.0.1:65499 to /127.0.0.1:58339.
2026-05-17T01:08:26.016+0530 [DEBUG] [org.gradle.launcher.daemon.server.SynchronizedDispatchConnection] thread 428: received class org.gradle.launcher.daemon.protocol.Build
2026-05-17T01:08:26.016+0530 [DEBUG] [org.gradle.launcher.daemon.server.DefaultDaemonConnection] thread 428: Received non-IO message from client: Build{id=6279a4e5-1c67-423c-9e32-e817fb6dce67, currentDir=C:\Users\HP\OneDrive\Desktop\kulli file}
2026-05-17T01:08:26.016+0530 [INFO] [org.gradle.launcher.daemon.server.DefaultIncomingConnectionHandler] Received command: Build{id=6279a4e5-1c67-423c-9e32-e817fb6dce67, currentDir=C:\Users\HP\OneDrive\Desktop\kulli file}.
2026-05-17T01:08:26.017+0530 [DEBUG] [org.gradle.launcher.daemon.server.DefaultIncomingConnectionHandler] Starting executing command: Build{id=6279a4e5-1c67-423c-9e32-e817fb6dce67, currentDir=C:\Users\HP\OneDrive\Desktop\kulli file} with connection: socket connection from /127.0.0.1:58339 to /127.0.0.1:65499.
2026-05-17T01:08:26.017+0530 [DEBUG] [org.gradle.launcher.daemon.server.DaemonStateCoordinator] Command execution: started DaemonCommandExecution[command = Build{id=6279a4e5-1c67-423c-9e32-e817fb6dce67, currentDir=C:\Users\HP\OneDrive\Desktop\kulli file}, connection = DefaultDaemonConnection: socket connection from /127.0.0.1:58339 to /127.0.0.1:65499] after 0.15295 minutes of idle
2026-05-17T01:08:26.017+0530 [INFO] [org.gradle.launcher.daemon.server.DaemonRegistryUpdater] Marking the daemon as busy, address: [bf9560a8-3386-41da-9b73-86f9d79e54da port:58339, addresses:[localhost/127.0.0.1]]
2026-05-17T01:08:26.017+0530 [DEBUG] [org.gradle.launcher.daemon.registry.PersistentDaemonRegistry] Marking busy by address: [bf9560a8-3386-41da-9b73-86f9d79e54da port:58339, addresses:[localhost/127.0.0.1]]
2026-05-17T01:08:26.018+0530 [DEBUG] [org.gradle.cache.internal.DefaultFileLockManager] Waiting to acquire exclusive lock on daemon addresses registry.
2026-05-17T01:08:26.019+0530 [DEBUG] [org.gradle.cache.internal.DefaultFileLockManager] Lock acquired on daemon addresses registry.
2026-05-17T01:08:26.020+0530 [DEBUG] [org.gradle.cache.internal.DefaultFileLockManager] Releasing lock on daemon addresses registry.
2026-05-17T01:08:26.020+0530 [DEBUG] [org.gradle.launcher.daemon.server.DaemonStateCoordinator] resetting idle timer
2026-05-17T01:08:26.021+0530 [DEBUG] [org.gradle.launcher.daemon.server.DaemonStateCoordinator] daemon is running. Sleeping until state changes.
2026-05-17T01:08:26.021+0530 [INFO] [org.gradle.launcher.daemon.server.exec.StartBuildOrRespondWithBusy] Daemon is about to start building Build{id=6279a4e5-1c67-423c-9e32-e817fb6dce67, currentDir=C:\Users\HP\OneDrive\Desktop\kulli file}. Dispatching build started information...
2026-05-17T01:08:26.021+0530 [DEBUG] [org.gradle.launcher.daemon.server.SynchronizedDispatchConnection] thread 399: dispatching org.gradle.launcher.daemon.protocol.BuildStarted@1f31c8d3
2026-05-17T01:08:26.021+0530 [DEBUG] [org.gradle.launcher.daemon.server.exec.EstablishBuildEnvironment] Configuring env variables: [USERDOMAIN_ROAMINGPROFILE, LOCALAPPDATA, PROCESSOR_LEVEL, RegionCode, USERDOMAIN, LOGONSERVER, SESSIONNAME, ALLUSERSPROFILE, PROCESSOR_ARCHITECTURE, AMDRMSDKPATH, PSModulePath, SystemDrive, OneDrive, APPDATA, USERNAME, ProgramFiles(x86), CommonProgramFiles, Path, PATHEXT, DriverData, OS, COMPUTERNAME, OnlineServices, EFC_10680_4126798990, PROCESSOR_REVISION, platformcode, CommonProgramW6432, ComSpec, ProgramData, ProgramW6432, TEMP, HOMEPATH, SystemRoot, PROCESSOR_IDENTIFIER, HOMEDRIVE, USERPROFILE, TMP, CommonProgramFiles(x86), ProgramFiles, PUBLIC, windir, NUMBER_OF_PROCESSORS, EFC_10680_1592913036, =::]
2026-05-17T01:08:26.022+0530 [DEBUG] [org.gradle.launcher.daemon.server.exec.LogToClient] About to start relaying all logs to the client via the connection.
2026-05-17T01:08:26.022+0530 [INFO] [org.gradle.launcher.daemon.server.exec.LogToClient] The client will now receive all logging from the daemon (pid: 28808). The daemon log file: C:\Users\HP\OneDrive\Desktop\Rajesh folder\daemon\9.4.1\daemon-28808.out.log
2026-05-17T01:08:26.023+0530 [INFO] [org.gradle.launcher.daemon.server.exec.LogAndCheckHealth] Starting 7th build in daemon [uptime: 8 mins 49.054 secs, performance: 99%, GC rate: 0.00/s, heap usage: 0% of 2 GiB]
2026-05-17T01:08:26.023+0530 [DEBUG] [org.gradle.launcher.daemon.server.exec.ExecuteBuild] The daemon has started executing the build.
2026-05-17T01:08:26.023+0530 [DEBUG] [org.gradle.launcher.daemon.server.exec.ExecuteBuild] Executing build with daemon context: DefaultDaemonContext[uid=293127d5-5cad-41b6-b559-89d81bf71abb,javaHome=C:\Program Files\Android\Android Studio\jbr,javaVersion=21,javaVendor=JetBrains s.r.o.,daemonRegistryDir=C:\Users\HP\OneDrive\Desktop\Rajesh folder\daemon,pid=28808,idleTimeout=10800000,priority=NORMAL,applyInstrumentationAgent=true,nativeServicesMode=ENABLED,daemonOpts=-Xmx2048m,-Dfile.encoding=UTF-8,-Duser.country=IN,-Duser.language=en,-Duser.variant]
Reusing configuration cache.

BUILD SUCCESSFUL in 500ms
40 actionable tasks: 40 up-to-date
Configuration cache entry reused.
2026-05-17T01:08:26.538+0530 [DEBUG] [org.gradle.launcher.daemon.server.exec.ExecuteBuild] The daemon has finished executing the build.
2026-05-17T01:08:26.554+0530 [DEBUG] [org.gradle.launcher.daemon.server.DaemonStateCoordinator] daemon is running. Sleeping until state changes.
2026-05-17T01:08:26.554+0530 [DEBUG] [org.gradle.launcher.daemon.server.DaemonStateCoordinator] Command execution: finished waiting for DaemonCommandExecution[command = Build{id=6279a4e5-1c67-423c-9e32-e817fb6dce67, currentDir=C:\Users\HP\OneDrive\Desktop\kulli file}, connection = DefaultDaemonConnection: socket connection from /127.0.0.1:58339 to /127.0.0.1:65499]. Result org.gradle.launcher.daemon.server.DaemonStateCoordinator@67c3e3a7 with state Busy
2026-05-17T01:08:26.554+0530 [DEBUG] [org.gradle.launcher.daemon.server.DaemonStateCoordinator] Command execution: completed DaemonCommandExecution[command = Build{id=6279a4e5-1c67-423c-9e32-e817fb6dce67, currentDir=C:\Users\HP\OneDrive\Desktop\kulli file}, connection = DefaultDaemonConnection: socket connection from /127.0.0.1:58339 to /127.0.0.1:65499]
2026-05-17T01:08:26.554+0530 [DEBUG] [org.gradle.launcher.daemon.server.DaemonStateCoordinator] resetting idle timer
2026-05-17T01:08:26.554+0530 [INFO] [org.gradle.launcher.daemon.server.DaemonRegistryUpdater] Marking the daemon as idle, address: [bf9560a8-3386-41da-9b73-86f9d79e54da port:58339, addresses:[localhost/127.0.0.1]]
2026-05-17T01:08:26.554+0530 [DEBUG] [org.gradle.launcher.daemon.registry.PersistentDaemonRegistry] Marking busy by address: [bf9560a8-3386-41da-9b73-86f9d79e54da port:58339, addresses:[localhost/127.0.0.1]]
2026-05-17T01:08:26.556+0530 [DEBUG] [org.gradle.cache.internal.DefaultFileLockManager] Waiting to acquire exclusive lock on daemon addresses registry.
2026-05-17T01:08:26.556+0530 [DEBUG] [org.gradle.cache.internal.DefaultFileLockManager] Lock acquired on daemon addresses registry.
2026-05-17T01:08:26.558+0530 [DEBUG] [org.gradle.cache.internal.DefaultFileLockManager] Releasing lock on daemon addresses registry.
2026-05-17T01:08:26.558+0530 [DEBUG] [org.gradle.launcher.daemon.server.exec.ReturnResult] Daemon is dispatching the build result: Success[value=org.gradle.launcher.exec.BuildActionResult@717b1b89]
2026-05-17T01:08:26.558+0530 [DEBUG] [org.gradle.launcher.daemon.server.SynchronizedDispatchConnection] thread 396: dispatching Success[value=org.gradle.launcher.exec.BuildActionResult@717b1b89]
2026-05-17T01:08:26.558+0530 [DEBUG] [org.gradle.launcher.daemon.server.DaemonStateCoordinator] daemon is running. Sleeping until state changes.
2026-05-17T01:08:26.559+0530 [DEBUG] [org.gradle.launcher.daemon.server.exec.CleanUpVirtualFileSystemAfterBuild] Cleaning virtual file system after build finished
2026-05-17T01:08:26.559+0530 [DEBUG] [org.gradle.launcher.daemon.server.SynchronizedDispatchConnection] thread 428: received class org.gradle.launcher.daemon.protocol.CloseInput
2026-05-17T01:08:26.559+0530 [DEBUG] [org.gradle.launcher.daemon.server.DefaultDaemonConnection] thread 428: Received IO message from client: org.gradle.launcher.daemon.protocol.CloseInput@eaea375
2026-05-17T01:08:26.559+0530 [DEBUG] [org.gradle.launcher.daemon.server.DefaultIncomingConnectionHandler] Finishing executing command: Build{id=6279a4e5-1c67-423c-9e32-e817fb6dce67, currentDir=C:\Users\HP\OneDrive\Desktop\kulli file}
2026-05-17T01:08:26.559+0530 [DEBUG] [org.gradle.launcher.daemon.server.SynchronizedDispatchConnection] thread 428: received class org.gradle.launcher.daemon.protocol.Finished
2026-05-17T01:08:26.560+0530 [DEBUG] [org.gradle.launcher.daemon.server.DefaultDaemonConnection] thread 428: Received non-IO message from client: org.gradle.launcher.daemon.protocol.Finished@695cd0
2026-05-17T01:08:26.560+0530 [DEBUG] [org.gradle.internal.remote.internal.inet.SocketConnection] Discarding EOFException: java.io.EOFException
2026-05-17T01:08:26.560+0530 [DEBUG] [org.gradle.launcher.daemon.server.SynchronizedDispatchConnection] thread 428: received null
2026-05-17T01:08:26.560+0530 [DEBUG] [org.gradle.launcher.daemon.server.DefaultDaemonConnection] thread 428: Received end-of-input from client.
2026-05-17T01:08:26.560+0530 [DEBUG] [org.gradle.launcher.daemon.server.DefaultIncomingConnectionHandler] Received finished message: org.gradle.launcher.daemon.protocol.Finished@695cd0
2026-05-17T01:08:26.560+0530 [DEBUG] [org.gradle.launcher.daemon.server.SynchronizedDispatchConnection] thread 396: stopping connection
2026-05-17T01:08:26.561+0530 [DEBUG] [org.gradle.launcher.daemon.server.SynchronizedDispatchConnection] thread 396: stopping connection
2026-05-17T01:08:27.240+0530 [DEBUG] [org.gradle.launcher.daemon.server.Daemon] Starting periodic daemon health check.
2026-05-17T01:08:27.241+0530 [DEBUG] [org.gradle.cache.internal.DefaultFileLockManager] Waiting to acquire shared lock on daemon addresses registry.
2026-05-17T01:08:27.241+0530 [DEBUG] [org.gradle.cache.internal.DefaultFileLockManager] Lock acquired on daemon addresses registry.
2026-05-17T01:08:27.241+0530 [DEBUG] [org.gradle.cache.internal.DefaultFileLockManager] Releasing lock on daemon addresses registry.
2026-05-17T01:08:27.243+0530 [DEBUG] [org.gradle.cache.internal.DefaultFileLockManager] Waiting to acquire shared lock on daemon addresses registry.
2026-05-17T01:08:27.243+0530 [DEBUG] [org.gradle.cache.internal.DefaultFileLockManager] Lock acquired on daemon addresses registry.
2026-05-17T01:08:27.243+0530 [DEBUG] [org.gradle.cache.internal.DefaultFileLockManager] Releasing lock on daemon addresses registry.
2026-05-17T01:08:27.243+0530 [DEBUG] [org.gradle.launcher.daemon.server.Daemon] Finished periodic daemon health check.
2026-05-17T01:08:37.245+0530 [DEBUG] [org.gradle.launcher.daemon.server.Daemon] Starting periodic daemon health check.
2026-05-17T01:08:37.246+0530 [DEBUG] [org.gradle.cache.internal.DefaultFileLockManager] Waiting to acquire shared lock on daemon addresses registry.
2026-05-17T01:08:37.247+0530 [DEBUG] [org.gradle.cache.internal.DefaultFileLockManager] Lock acquired on daemon addresses registry.
2026-05-17T01:08:37.247+0530 [DEBUG] [org.gradle.cache.internal.DefaultFileLockManager] Releasing lock on daemon addresses registry.
2026-05-17T01:08:37.248+0530 [DEBUG] [org.gradle.cache.internal.DefaultFileLockManager] Waiting to acquire shared lock on daemon addresses registry.
2026-05-17T01:08:37.249+0530 [DEBUG] [org.gradle.cache.internal.DefaultFileLockManager] Lock acquired on daemon addresses registry.
2026-05-17T01:08:37.249+0530 [DEBUG] [org.gradle.cache.internal.DefaultFileLockManager] Releasing lock on daemon addresses registry.
2026-05-17T01:08:37.249+0530 [DEBUG] [org.gradle.launcher.daemon.server.Daemon] Finished periodic daemon health check.
2026-05-17T01:08:47.246+0530 [DEBUG] [org.gradle.launcher.daemon.server.Daemon] Starting periodic daemon health check.
2026-05-17T01:08:47.247+0530 [DEBUG] [org.gradle.cache.internal.DefaultFileLockManager] Waiting to acquire shared lock on daemon addresses registry.
2026-05-17T01:08:47.247+0530 [DEBUG] [org.gradle.cache.internal.DefaultFileLockManager] Lock acquired on daemon addresses registry.
2026-05-17T01:08:47.247+0530 [DEBUG] [org.gradle.cache.internal.DefaultFileLockManager] Releasing lock on daemon addresses registry.
2026-05-17T01:08:47.248+0530 [DEBUG] [org.gradle.cache.internal.DefaultFileLockManager] Waiting to acquire shared lock on daemon addresses registry.
2026-05-17T01:08:47.248+0530 [DEBUG] [org.gradle.cache.internal.DefaultFileLockManager] Lock acquired on daemon addresses registry.
2026-05-17T01:08:47.249+0530 [DEBUG] [org.gradle.cache.internal.DefaultFileLockManager] Releasing lock on daemon addresses registry.
2026-05-17T01:08:47.249+0530 [DEBUG] [org.gradle.launcher.daemon.server.Daemon] Finished periodic daemon health check.
2026-05-17T01:08:57.249+0530 [DEBUG] [org.gradle.launcher.daemon.server.Daemon] Starting periodic daemon health check.
2026-05-17T01:08:57.251+0530 [DEBUG] [org.gradle.cache.internal.DefaultFileLockManager] Waiting to acquire shared lock on daemon addresses registry.
2026-05-17T01:08:57.251+0530 [DEBUG] [org.gradle.cache.internal.DefaultFileLockManager] Lock acquired on daemon addresses registry.
2026-05-17T01:08:57.252+0530 [DEBUG] [org.gradle.cache.internal.DefaultFileLockManager] Releasing lock on daemon addresses registry.
2026-05-17T01:08:57.253+0530 [DEBUG] [org.gradle.cache.internal.DefaultFileLockManager] Waiting to acquire shared lock on daemon addresses registry.
2026-05-17T01:08:57.253+0530 [DEBUG] [org.gradle.cache.internal.DefaultFileLockManager] Lock acquired on daemon addresses registry.
2026-05-17T01:08:57.253+0530 [DEBUG] [org.gradle.cache.internal.DefaultFileLockManager] Releasing lock on daemon addresses registry.
2026-05-17T01:08:57.254+0530 [DEBUG] [org.gradle.launcher.daemon.server.Daemon] Finished periodic daemon health check.
2026-05-17T01:09:07.241+0530 [DEBUG] [org.gradle.launcher.daemon.server.Daemon] Starting periodic daemon health check.
2026-05-17T01:09:07.243+0530 [DEBUG] [org.gradle.cache.internal.DefaultFileLockManager] Waiting to acquire shared lock on daemon addresses registry.
2026-05-17T01:09:07.243+0530 [DEBUG] [org.gradle.cache.internal.DefaultFileLockManager] Lock acquired on daemon addresses registry.
2026-05-17T01:09:07.244+0530 [DEBUG] [org.gradle.cache.internal.DefaultFileLockManager] Releasing lock on daemon addresses registry.
2026-05-17T01:09:07.245+0530 [DEBUG] [org.gradle.cache.internal.DefaultFileLockManager] Waiting to acquire shared lock on daemon addresses registry.
2026-05-17T01:09:07.245+0530 [DEBUG] [org.gradle.cache.internal.DefaultFileLockManager] Lock acquired on daemon addresses registry.
2026-05-17T01:09:07.246+0530 [DEBUG] [org.gradle.cache.internal.DefaultFileLockManager] Releasing lock on daemon addresses registry.
2026-05-17T01:09:07.246+0530 [DEBUG] [org.gradle.launcher.daemon.server.Daemon] Finished periodic daemon health check.
2026-05-17T01:09:17.246+0530 [DEBUG] [org.gradle.launcher.daemon.server.Daemon] Starting periodic daemon health check.
2026-05-17T01:09:17.248+0530 [DEBUG] [org.gradle.cache.internal.DefaultFileLockManager] Waiting to acquire shared lock on daemon addresses registry.
2026-05-17T01:09:17.248+0530 [DEBUG] [org.gradle.cache.internal.DefaultFileLockManager] Lock acquired on daemon addresses registry.
2026-05-17T01:09:17.248+0530 [DEBUG] [org.gradle.cache.internal.DefaultFileLockManager] Releasing lock on daemon addresses registry.
2026-05-17T01:09:17.250+0530 [DEBUG] [org.gradle.cache.internal.DefaultFileLockManager] Waiting to acquire shared lock on daemon addresses registry.
2026-05-17T01:09:17.250+0530 [DEBUG] [org.gradle.cache.internal.DefaultFileLockManager] Lock acquired on daemon addresses registry.
2026-05-17T01:09:17.250+0530 [DEBUG] [org.gradle.cache.internal.DefaultFileLockManager] Releasing lock on daemon addresses registry.
2026-05-17T01:09:17.250+0530 [DEBUG] [org.gradle.launcher.daemon.server.Daemon] Finished periodic daemon health check.
2026-05-17T01:09:27.250+0530 [DEBUG] [org.gradle.launcher.daemon.server.Daemon] Starting periodic daemon health check.
2026-05-17T01:09:27.251+0530 [DEBUG] [org.gradle.cache.internal.DefaultFileLockManager] Waiting to acquire shared lock on daemon addresses registry.
2026-05-17T01:09:27.251+0530 [DEBUG] [org.gradle.cache.internal.DefaultFileLockManager] Lock acquired on daemon addresses registry.
2026-05-17T01:09:27.252+0530 [DEBUG] [org.gradle.cache.internal.DefaultFileLockManager] Releasing lock on daemon addresses registry.
2026-05-17T01:09:27.253+0530 [DEBUG] [org.gradle.cache.internal.DefaultFileLockManager] Waiting to acquire shared lock on daemon addresses registry.
2026-05-17T01:09:27.253+0530 [DEBUG] [org.gradle.cache.internal.DefaultFileLockManager] Lock acquired on daemon addresses registry.
2026-05-17T01:09:27.254+0530 [DEBUG] [org.gradle.cache.internal.DefaultFileLockManager] Releasing lock on daemon addresses registry.
2026-05-17T01:09:27.254+0530 [DEBUG] [org.gradle.launcher.daemon.server.Daemon] Finished periodic daemon health check.
2026-05-17T01:09:37.241+0530 [DEBUG] [org.gradle.launcher.daemon.server.Daemon] Starting periodic daemon health check.
2026-05-17T01:09:37.242+0530 [DEBUG] [org.gradle.cache.internal.DefaultFileLockManager] Waiting to acquire shared lock on daemon addresses registry.
2026-05-17T01:09:37.243+0530 [DEBUG] [org.gradle.cache.internal.DefaultFileLockManager] Lock acquired on daemon addresses registry.
2026-05-17T01:09:37.243+0530 [DEBUG] [org.gradle.cache.internal.DefaultFileLockManager] Releasing lock on daemon addresses registry.
2026-05-17T01:09:37.247+0530 [DEBUG] [org.gradle.cache.internal.DefaultFileLockManager] Waiting to acquire shared lock on daemon addresses registry.
2026-05-17T01:09:37.247+0530 [DEBUG] [org.gradle.cache.internal.DefaultFileLockManager] Lock acquired on daemon addresses registry.
2026-05-17T01:09:37.248+0530 [DEBUG] [org.gradle.cache.internal.DefaultFileLockManager] Releasing lock on daemon addresses registry.
2026-05-17T01:09:37.249+0530 [DEBUG] [org.gradle.launcher.daemon.server.Daemon] Finished periodic daemon health check.
2026-05-17T01:09:47.247+0530 [DEBUG] [org.gradle.launcher.daemon.server.Daemon] Starting periodic daemon health check.
2026-05-17T01:09:47.249+0530 [DEBUG] [org.gradle.cache.internal.DefaultFileLockManager] Waiting to acquire shared lock on daemon addresses registry.
2026-05-17T01:09:47.249+0530 [DEBUG] [org.gradle.cache.internal.DefaultFileLockManager] Lock acquired on daemon addresses registry.
2026-05-17T01:09:47.250+0530 [DEBUG] [org.gradle.cache.internal.DefaultFileLockManager] Releasing lock on daemon addresses registry.
2026-05-17T01:09:47.251+0530 [DEBUG] [org.gradle.cache.internal.DefaultFileLockManager] Waiting to acquire shared lock on daemon addresses registry.
2026-05-17T01:09:47.251+0530 [DEBUG] [org.gradle.cache.internal.DefaultFileLockManager] Lock acquired on daemon addresses registry.
2026-05-17T01:09:47.251+0530 [DEBUG] [org.gradle.cache.internal.DefaultFileLockManager] Releasing lock on daemon addresses registry.
2026-05-17T01:09:47.251+0530 [DEBUG] [org.gradle.launcher.daemon.server.Daemon] Finished periodic daemon health check.
2026-05-17T01:09:57.240+0530 [DEBUG] [org.gradle.launcher.daemon.server.Daemon] Starting periodic daemon health check.
2026-05-17T01:09:57.242+0530 [DEBUG] [org.gradle.cache.internal.DefaultFileLockManager] Waiting to acquire shared lock on daemon addresses registry.
2026-05-17T01:09:57.242+0530 [DEBUG] [org.gradle.cache.internal.DefaultFileLockManager] Lock acquired on daemon addresses registry.
2026-05-17T01:09:57.242+0530 [DEBUG] [org.gradle.cache.internal.DefaultFileLockManager] Releasing lock on daemon addresses registry.
2026-05-17T01:09:57.243+0530 [DEBUG] [org.gradle.cache.internal.DefaultFileLockManager] Waiting to acquire shared lock on daemon addresses registry.
2026-05-17T01:09:57.244+0530 [DEBUG] [org.gradle.cache.internal.DefaultFileLockManager] Lock acquired on daemon addresses registry.
2026-05-17T01:09:57.244+0530 [DEBUG] [org.gradle.cache.internal.DefaultFileLockManager] Releasing lock on daemon addresses registry.
2026-05-17T01:09:57.244+0530 [DEBUG] [org.gradle.launcher.daemon.server.Daemon] Finished periodic daemon health check.
2026-05-17T01:10:07.245+0530 [DEBUG] [org.gradle.launcher.daemon.server.Daemon] Starting periodic daemon health check.
2026-05-17T01:10:07.247+0530 [DEBUG] [org.gradle.cache.internal.DefaultFileLockManager] Waiting to acquire shared lock on daemon addresses registry.
2026-05-17T01:10:07.247+0530 [DEBUG] [org.gradle.cache.internal.DefaultFileLockManager] Lock acquired on daemon addresses registry.
2026-05-17T01:10:07.247+0530 [DEBUG] [org.gradle.cache.internal.DefaultFileLockManager] Releasing lock on daemon addresses registry.
2026-05-17T01:10:07.248+0530 [DEBUG] [org.gradle.cache.internal.DefaultFileLockManager] Waiting to acquire shared lock on daemon addresses registry.
2026-05-17T01:10:07.249+0530 [DEBUG] [org.gradle.cache.internal.DefaultFileLockManager] Lock acquired on daemon addresses registry.
2026-05-17T01:10:07.249+0530 [DEBUG] [org.gradle.cache.internal.DefaultFileLockManager] Releasing lock on daemon addresses registry.
2026-05-17T01:10:07.249+0530 [DEBUG] [org.gradle.launcher.daemon.server.Daemon] Finished periodic daemon health check.
2026-05-17T01:10:08.116+0530 [DEBUG] [org.gradle.process.internal.health.memory.DefaultMemoryManager] 1635715891 physical memory requested, 1632403456 free
2026-05-17T01:10:08.116+0530 [DEBUG] [org.gradle.workers.internal.WorkerDaemonExpiration] Will attempt to release 1559 of memory
2026-05-17T01:10:08.117+0530 [DEBUG] [org.gradle.process.internal.health.memory.DefaultMemoryManager] 1635715891 physical memory requested, 0 released, 1632403456 free
2026-05-17T01:10:15.084+0530 [DEBUG] [org.gradle.internal.remote.internal.inet.TcpIncomingConnector] Accepted connection from /127.0.0.1:49685 to /127.0.0.1:58339.
2026-05-17T01:10:15.089+0530 [DEBUG] [org.gradle.launcher.daemon.server.SynchronizedDispatchConnection] thread 458: received class org.gradle.launcher.daemon.protocol.Build
2026-05-17T01:10:15.090+0530 [DEBUG] [org.gradle.launcher.daemon.server.DefaultDaemonConnection] thread 458: Received non-IO message from client: Build{id=ce774cea-e0cb-49f3-8399-4feb24098e3b, currentDir=C:\Users\HP\OneDrive\Desktop\kulli file}
2026-05-17T01:10:15.090+0530 [INFO] [org.gradle.launcher.daemon.server.DefaultIncomingConnectionHandler] Received command: Build{id=ce774cea-e0cb-49f3-8399-4feb24098e3b, currentDir=C:\Users\HP\OneDrive\Desktop\kulli file}.
2026-05-17T01:10:15.090+0530 [DEBUG] [org.gradle.launcher.daemon.server.DefaultIncomingConnectionHandler] Starting executing command: Build{id=ce774cea-e0cb-49f3-8399-4feb24098e3b, currentDir=C:\Users\HP\OneDrive\Desktop\kulli file} with connection: socket connection from /127.0.0.1:58339 to /127.0.0.1:49685.
2026-05-17T01:10:15.090+0530 [DEBUG] [org.gradle.launcher.daemon.server.DaemonStateCoordinator] Command execution: started DaemonCommandExecution[command = Build{id=ce774cea-e0cb-49f3-8399-4feb24098e3b, currentDir=C:\Users\HP\OneDrive\Desktop\kulli file}, connection = DefaultDaemonConnection: socket connection from /127.0.0.1:58339 to /127.0.0.1:49685] after 1.8089333333333333 minutes of idle
2026-05-17T01:10:15.090+0530 [INFO] [org.gradle.launcher.daemon.server.DaemonRegistryUpdater] Marking the daemon as busy, address: [bf9560a8-3386-41da-9b73-86f9d79e54da port:58339, addresses:[localhost/127.0.0.1]]
2026-05-17T01:10:15.090+0530 [DEBUG] [org.gradle.launcher.daemon.registry.PersistentDaemonRegistry] Marking busy by address: [bf9560a8-3386-41da-9b73-86f9d79e54da port:58339, addresses:[localhost/127.0.0.1]]
2026-05-17T01:10:15.091+0530 [DEBUG] [org.gradle.cache.internal.DefaultFileLockManager] Waiting to acquire exclusive lock on daemon addresses registry.
2026-05-17T01:10:15.092+0530 [DEBUG] [org.gradle.cache.internal.DefaultFileLockManager] Lock acquired on daemon addresses registry.
2026-05-17T01:10:15.093+0530 [DEBUG] [org.gradle.cache.internal.DefaultFileLockManager] Releasing lock on daemon addresses registry.
2026-05-17T01:10:15.093+0530 [DEBUG] [org.gradle.launcher.daemon.server.DaemonStateCoordinator] resetting idle timer
2026-05-17T01:10:15.093+0530 [DEBUG] [org.gradle.launcher.daemon.server.DaemonStateCoordinator] daemon is running. Sleeping until state changes.
2026-05-17T01:10:15.094+0530 [INFO] [org.gradle.launcher.daemon.server.exec.StartBuildOrRespondWithBusy] Daemon is about to start building Build{id=ce774cea-e0cb-49f3-8399-4feb24098e3b, currentDir=C:\Users\HP\OneDrive\Desktop\kulli file}. Dispatching build started information...
2026-05-17T01:10:15.094+0530 [DEBUG] [org.gradle.launcher.daemon.server.SynchronizedDispatchConnection] thread 460: dispatching org.gradle.launcher.daemon.protocol.BuildStarted@388bcfb
2026-05-17T01:10:15.095+0530 [DEBUG] [org.gradle.launcher.daemon.server.exec.EstablishBuildEnvironment] Configuring env variables: [USERDOMAIN_ROAMINGPROFILE, LOCALAPPDATA, PROCESSOR_LEVEL, RegionCode, USERDOMAIN, LOGONSERVER, SESSIONNAME, ALLUSERSPROFILE, PROCESSOR_ARCHITECTURE, AMDRMSDKPATH, PSModulePath, SystemDrive, OneDrive, APPDATA, USERNAME, ProgramFiles(x86), CommonProgramFiles, Path, PATHEXT, DriverData, OS, COMPUTERNAME, OnlineServices, EFC_10680_4126798990, PROCESSOR_REVISION, platformcode, CommonProgramW6432, ComSpec, ProgramData, ProgramW6432, TEMP, HOMEPATH, SystemRoot, PROCESSOR_IDENTIFIER, HOMEDRIVE, USERPROFILE, TMP, CommonProgramFiles(x86), ProgramFiles, PUBLIC, windir, NUMBER_OF_PROCESSORS, EFC_10680_1592913036, =::]
2026-05-17T01:10:15.096+0530 [DEBUG] [org.gradle.launcher.daemon.server.exec.LogToClient] About to start relaying all logs to the client via the connection.
2026-05-17T01:10:15.096+0530 [INFO] [org.gradle.launcher.daemon.server.exec.LogToClient] The client will now receive all logging from the daemon (pid: 28808). The daemon log file: C:\Users\HP\OneDrive\Desktop\Rajesh folder\daemon\9.4.1\daemon-28808.out.log
2026-05-17T01:10:15.096+0530 [INFO] [org.gradle.launcher.daemon.server.exec.LogAndCheckHealth] Starting 8th build in daemon [uptime: 10 mins 38.128 secs, performance: 99%, GC rate: 0.00/s, heap usage: 0% of 2 GiB]
2026-05-17T01:10:15.096+0530 [DEBUG] [org.gradle.launcher.daemon.server.exec.ExecuteBuild] The daemon has started executing the build.
2026-05-17T01:10:15.097+0530 [DEBUG] [org.gradle.launcher.daemon.server.exec.ExecuteBuild] Executing build with daemon context: DefaultDaemonContext[uid=293127d5-5cad-41b6-b559-89d81bf71abb,javaHome=C:\Program Files\Android\Android Studio\jbr,javaVersion=21,javaVendor=JetBrains s.r.o.,daemonRegistryDir=C:\Users\HP\OneDrive\Desktop\Rajesh folder\daemon,pid=28808,idleTimeout=10800000,priority=NORMAL,applyInstrumentationAgent=true,nativeServicesMode=ENABLED,daemonOpts=-Xmx2048m,-Dfile.encoding=UTF-8,-Duser.country=IN,-Duser.language=en,-Duser.variant]
warning: Deprecated 'org.jetbrains.kotlin.android' plugin usageThe 'org.jetbrains.kotlin.android' plugin in project ':app' is no longer required for Kotlin support since AGP 9.0.Solution: Remove both `android.builtInKotlin=true` and `android.newDsl=false` from `gradle.properties`, then migrate to built-in Kotlin.See https://kotl.in/gradle/agp-built-in-kotlin for more details. 

w: Deprecated 'org.jetbrains.kotlin.android' plugin usage
The 'org.jetbrains.kotlin.android' plugin in project ':app' is no longer required for Kotlin support since AGP 9.0.
Solution: Remove both `android.builtInKotlin=true` and `android.newDsl=false` from `gradle.properties`, then migrate to built-in Kotlin.
See https://kotl.in/gradle/agp-built-in-kotlin for more details.


[Incubating] Problems report is available at: file:///C:/Users/HP/OneDrive/Desktop/kulli%20file/build/reports/problems/problems-report.html

BUILD SUCCESSFUL in 2s
2026-05-17T01:10:17.689+0530 [DEBUG] [org.gradle.launcher.daemon.server.exec.ExecuteBuild] The daemon has finished executing the build.
2026-05-17T01:10:17.707+0530 [DEBUG] [org.gradle.launcher.daemon.server.DaemonStateCoordinator] daemon is running. Sleeping until state changes.
2026-05-17T01:10:17.708+0530 [DEBUG] [org.gradle.launcher.daemon.server.DaemonStateCoordinator] Command execution: finished waiting for DaemonCommandExecution[command = Build{id=ce774cea-e0cb-49f3-8399-4feb24098e3b, currentDir=C:\Users\HP\OneDrive\Desktop\kulli file}, connection = DefaultDaemonConnection: socket connection from /127.0.0.1:58339 to /127.0.0.1:49685]. Result org.gradle.launcher.daemon.server.DaemonStateCoordinator@67c3e3a7 with state Busy
2026-05-17T01:10:17.708+0530 [DEBUG] [org.gradle.launcher.daemon.server.DaemonStateCoordinator] Command execution: completed DaemonCommandExecution[command = Build{id=ce774cea-e0cb-49f3-8399-4feb24098e3b, currentDir=C:\Users\HP\OneDrive\Desktop\kulli file}, connection = DefaultDaemonConnection: socket connection from /127.0.0.1:58339 to /127.0.0.1:49685]
2026-05-17T01:10:17.708+0530 [DEBUG] [org.gradle.launcher.daemon.server.DaemonStateCoordinator] resetting idle timer
2026-05-17T01:10:17.708+0530 [INFO] [org.gradle.launcher.daemon.server.DaemonRegistryUpdater] Marking the daemon as idle, address: [bf9560a8-3386-41da-9b73-86f9d79e54da port:58339, addresses:[localhost/127.0.0.1]]
2026-05-17T01:10:17.708+0530 [DEBUG] [org.gradle.launcher.daemon.registry.PersistentDaemonRegistry] Marking busy by address: [bf9560a8-3386-41da-9b73-86f9d79e54da port:58339, addresses:[localhost/127.0.0.1]]
2026-05-17T01:10:17.710+0530 [DEBUG] [org.gradle.cache.internal.DefaultFileLockManager] Waiting to acquire exclusive lock on daemon addresses registry.
2026-05-17T01:10:17.710+0530 [DEBUG] [org.gradle.cache.internal.DefaultFileLockManager] Lock acquired on daemon addresses registry.
2026-05-17T01:10:17.712+0530 [DEBUG] [org.gradle.cache.internal.DefaultFileLockManager] Releasing lock on daemon addresses registry.
2026-05-17T01:10:17.712+0530 [DEBUG] [org.gradle.launcher.daemon.server.exec.ReturnResult] Daemon is dispatching the build result: Success[value=org.gradle.launcher.exec.BuildActionResult@339d9ebe]
2026-05-17T01:10:17.712+0530 [DEBUG] [org.gradle.launcher.daemon.server.SynchronizedDispatchConnection] thread 457: dispatching Success[value=org.gradle.launcher.exec.BuildActionResult@339d9ebe]
2026-05-17T01:10:17.713+0530 [DEBUG] [org.gradle.launcher.daemon.server.DaemonStateCoordinator] daemon is running. Sleeping until state changes.
2026-05-17T01:10:17.713+0530 [DEBUG] [org.gradle.launcher.daemon.server.SynchronizedDispatchConnection] thread 458: received class org.gradle.launcher.daemon.protocol.CloseInput
2026-05-17T01:10:17.713+0530 [DEBUG] [org.gradle.launcher.daemon.server.DefaultDaemonConnection] thread 458: Received IO message from client: org.gradle.launcher.daemon.protocol.CloseInput@368c9136
2026-05-17T01:10:17.713+0530 [DEBUG] [org.gradle.launcher.daemon.server.SynchronizedDispatchConnection] thread 458: received class org.gradle.launcher.daemon.protocol.Finished
2026-05-17T01:10:17.713+0530 [DEBUG] [org.gradle.launcher.daemon.server.DefaultDaemonConnection] thread 458: Received non-IO message from client: org.gradle.launcher.daemon.protocol.Finished@384b7997
2026-05-17T01:10:17.713+0530 [DEBUG] [org.gradle.internal.remote.internal.inet.SocketConnection] Discarding EOFException: java.io.EOFException
2026-05-17T01:10:17.714+0530 [DEBUG] [org.gradle.launcher.daemon.server.SynchronizedDispatchConnection] thread 458: received null
2026-05-17T01:10:17.714+0530 [DEBUG] [org.gradle.launcher.daemon.server.DefaultDaemonConnection] thread 458: Received end-of-input from client.
2026-05-17T01:10:17.714+0530 [DEBUG] [org.gradle.launcher.daemon.server.DefaultIncomingConnectionHandler] Finishing executing command: Build{id=ce774cea-e0cb-49f3-8399-4feb24098e3b, currentDir=C:\Users\HP\OneDrive\Desktop\kulli file}
2026-05-17T01:10:17.714+0530 [DEBUG] [org.gradle.launcher.daemon.server.exec.CleanUpVirtualFileSystemAfterBuild] Cleaning virtual file system after build finished
2026-05-17T01:10:17.714+0530 [WARN] [org.gradle.launcher.daemon.server.DefaultIncomingConnectionHandler] Timed out waiting for finished message from client socket connection from /127.0.0.1:58339 to /127.0.0.1:49685. Discarding connection.
2026-05-17T01:10:17.715+0530 [DEBUG] [org.gradle.launcher.daemon.server.SynchronizedDispatchConnection] thread 457: stopping connection
2026-05-17T01:10:17.716+0530 [DEBUG] [org.gradle.launcher.daemon.server.SynchronizedDispatchConnection] thread 457: stopping connection
2026-05-17T01:10:27.247+0530 [DEBUG] [org.gradle.launcher.daemon.server.Daemon] Starting periodic daemon health check.
2026-05-17T01:10:27.249+0530 [DEBUG] [org.gradle.cache.internal.DefaultFileLockManager] Waiting to acquire shared lock on daemon addresses registry.
2026-05-17T01:10:27.249+0530 [DEBUG] [org.gradle.cache.internal.DefaultFileLockManager] Lock acquired on daemon addresses registry.
2026-05-17T01:10:27.249+0530 [DEBUG] [org.gradle.cache.internal.DefaultFileLockManager] Releasing lock on daemon addresses registry.
2026-05-17T01:10:27.251+0530 [DEBUG] [org.gradle.cache.internal.DefaultFileLockManager] Waiting to acquire shared lock on daemon addresses registry.
2026-05-17T01:10:27.251+0530 [DEBUG] [org.gradle.cache.internal.DefaultFileLockManager] Lock acquired on daemon addresses registry.
2026-05-17T01:10:27.251+0530 [DEBUG] [org.gradle.cache.internal.DefaultFileLockManager] Releasing lock on daemon addresses registry.
2026-05-17T01:10:27.251+0530 [DEBUG] [org.gradle.launcher.daemon.server.Daemon] Finished periodic daemon health check.
2026-05-17T01:10:37.245+0530 [DEBUG] [org.gradle.launcher.daemon.server.Daemon] Starting periodic daemon health check.
2026-05-17T01:10:37.247+0530 [DEBUG] [org.gradle.cache.internal.DefaultFileLockManager] Waiting to acquire shared lock on daemon addresses registry.
2026-05-17T01:10:37.248+0530 [DEBUG] [org.gradle.cache.internal.DefaultFileLockManager] Lock acquired on daemon addresses registry.
2026-05-17T01:10:37.248+0530 [DEBUG] [org.gradle.cache.internal.DefaultFileLockManager] Releasing lock on daemon addresses registry.
2026-05-17T01:10:37.249+0530 [DEBUG] [org.gradle.cache.internal.DefaultFileLockManager] Waiting to acquire shared lock on daemon addresses registry.
2026-05-17T01:10:37.249+0530 [DEBUG] [org.gradle.cache.internal.DefaultFileLockManager] Lock acquired on daemon addresses registry.
2026-05-17T01:10:37.250+0530 [DEBUG] [org.gradle.cache.internal.DefaultFileLockManager] Releasing lock on daemon addresses registry.
2026-05-17T01:10:37.250+0530 [DEBUG] [org.gradle.launcher.daemon.server.Daemon] Finished periodic daemon health check.
2026-05-17T01:10:47.249+0530 [DEBUG] [org.gradle.launcher.daemon.server.Daemon] Starting periodic daemon health check.
2026-05-17T01:10:47.251+0530 [DEBUG] [org.gradle.cache.internal.DefaultFileLockManager] Waiting to acquire shared lock on daemon addresses registry.
2026-05-17T01:10:47.251+0530 [DEBUG] [org.gradle.cache.internal.DefaultFileLockManager] Lock acquired on daemon addresses registry.
2026-05-17T01:10:47.251+0530 [DEBUG] [org.gradle.cache.internal.DefaultFileLockManager] Releasing lock on daemon addresses registry.
2026-05-17T01:10:47.253+0530 [DEBUG] [org.gradle.cache.internal.DefaultFileLockManager] Waiting to acquire shared lock on daemon addresses registry.
2026-05-17T01:10:47.253+0530 [DEBUG] [org.gradle.cache.internal.DefaultFileLockManager] Lock acquired on daemon addresses registry.
2026-05-17T01:10:47.253+0530 [DEBUG] [org.gradle.cache.internal.DefaultFileLockManager] Releasing lock on daemon addresses registry.
2026-05-17T01:10:47.253+0530 [DEBUG] [org.gradle.launcher.daemon.server.Daemon] Finished periodic daemon health check.
2026-05-17T01:10:47.814+0530 [DEBUG] [org.gradle.internal.remote.internal.inet.TcpIncomingConnector] Accepted connection from /127.0.0.1:49709 to /127.0.0.1:58339.
2026-05-17T01:10:47.822+0530 [DEBUG] [org.gradle.launcher.daemon.server.SynchronizedDispatchConnection] thread 499: received class org.gradle.launcher.daemon.protocol.Build
2026-05-17T01:10:47.822+0530 [DEBUG] [org.gradle.launcher.daemon.server.DefaultDaemonConnection] thread 499: Received non-IO message from client: Build{id=303234b8-1c5e-4e97-953b-e498fc039f69, currentDir=C:\Users\HP\OneDrive\Desktop\kulli file}
2026-05-17T01:10:47.822+0530 [INFO] [org.gradle.launcher.daemon.server.DefaultIncomingConnectionHandler] Received command: Build{id=303234b8-1c5e-4e97-953b-e498fc039f69, currentDir=C:\Users\HP\OneDrive\Desktop\kulli file}.
2026-05-17T01:10:47.822+0530 [DEBUG] [org.gradle.launcher.daemon.server.DefaultIncomingConnectionHandler] Starting executing command: Build{id=303234b8-1c5e-4e97-953b-e498fc039f69, currentDir=C:\Users\HP\OneDrive\Desktop\kulli file} with connection: socket connection from /127.0.0.1:58339 to /127.0.0.1:49709.
2026-05-17T01:10:47.823+0530 [DEBUG] [org.gradle.launcher.daemon.server.DaemonStateCoordinator] Command execution: started DaemonCommandExecution[command = Build{id=303234b8-1c5e-4e97-953b-e498fc039f69, currentDir=C:\Users\HP\OneDrive\Desktop\kulli file}, connection = DefaultDaemonConnection: socket connection from /127.0.0.1:58339 to /127.0.0.1:49709] after 0.5019 minutes of idle
2026-05-17T01:10:47.823+0530 [INFO] [org.gradle.launcher.daemon.server.DaemonRegistryUpdater] Marking the daemon as busy, address: [bf9560a8-3386-41da-9b73-86f9d79e54da port:58339, addresses:[localhost/127.0.0.1]]
2026-05-17T01:10:47.823+0530 [DEBUG] [org.gradle.launcher.daemon.registry.PersistentDaemonRegistry] Marking busy by address: [bf9560a8-3386-41da-9b73-86f9d79e54da port:58339, addresses:[localhost/127.0.0.1]]
2026-05-17T01:10:47.824+0530 [DEBUG] [org.gradle.cache.internal.DefaultFileLockManager] Waiting to acquire exclusive lock on daemon addresses registry.
2026-05-17T01:10:47.825+0530 [DEBUG] [org.gradle.cache.internal.DefaultFileLockManager] Lock acquired on daemon addresses registry.
2026-05-17T01:10:47.826+0530 [DEBUG] [org.gradle.cache.internal.DefaultFileLockManager] Releasing lock on daemon addresses registry.
2026-05-17T01:10:47.827+0530 [DEBUG] [org.gradle.launcher.daemon.server.DaemonStateCoordinator] resetting idle timer
2026-05-17T01:10:47.827+0530 [DEBUG] [org.gradle.launcher.daemon.server.DaemonStateCoordinator] daemon is running. Sleeping until state changes.
2026-05-17T01:10:47.827+0530 [INFO] [org.gradle.launcher.daemon.server.exec.StartBuildOrRespondWithBusy] Daemon is about to start building Build{id=303234b8-1c5e-4e97-953b-e498fc039f69, currentDir=C:\Users\HP\OneDrive\Desktop\kulli file}. Dispatching build started information...
2026-05-17T01:10:47.827+0530 [DEBUG] [org.gradle.launcher.daemon.server.SynchronizedDispatchConnection] thread 460: dispatching org.gradle.launcher.daemon.protocol.BuildStarted@1901db96
2026-05-17T01:10:47.828+0530 [DEBUG] [org.gradle.launcher.daemon.server.exec.EstablishBuildEnvironment] Configuring env variables: [USERDOMAIN_ROAMINGPROFILE, LOCALAPPDATA, PROCESSOR_LEVEL, RegionCode, USERDOMAIN, LOGONSERVER, SESSIONNAME, ALLUSERSPROFILE, PROCESSOR_ARCHITECTURE, AMDRMSDKPATH, PSModulePath, SystemDrive, OneDrive, APPDATA, USERNAME, ProgramFiles(x86), CommonProgramFiles, Path, PATHEXT, DriverData, OS, COMPUTERNAME, OnlineServices, EFC_10680_4126798990, PROCESSOR_REVISION, platformcode, CommonProgramW6432, ComSpec, ProgramData, ProgramW6432, TEMP, HOMEPATH, SystemRoot, PROCESSOR_IDENTIFIER, HOMEDRIVE, USERPROFILE, TMP, CommonProgramFiles(x86), ProgramFiles, PUBLIC, windir, NUMBER_OF_PROCESSORS, EFC_10680_1592913036, =::]
2026-05-17T01:10:47.829+0530 [DEBUG] [org.gradle.launcher.daemon.server.exec.LogToClient] About to start relaying all logs to the client via the connection.
2026-05-17T01:10:47.829+0530 [INFO] [org.gradle.launcher.daemon.server.exec.LogToClient] The client will now receive all logging from the daemon (pid: 28808). The daemon log file: C:\Users\HP\OneDrive\Desktop\Rajesh folder\daemon\9.4.1\daemon-28808.out.log
2026-05-17T01:10:47.830+0530 [INFO] [org.gradle.launcher.daemon.server.exec.LogAndCheckHealth] Starting 9th build in daemon [uptime: 11 mins 10.861 secs, performance: 99%, GC rate: 0.00/s, heap usage: 0% of 2 GiB]
2026-05-17T01:10:47.830+0530 [DEBUG] [org.gradle.launcher.daemon.server.exec.ExecuteBuild] The daemon has started executing the build.
2026-05-17T01:10:47.830+0530 [DEBUG] [org.gradle.launcher.daemon.server.exec.ExecuteBuild] Executing build with daemon context: DefaultDaemonContext[uid=293127d5-5cad-41b6-b559-89d81bf71abb,javaHome=C:\Program Files\Android\Android Studio\jbr,javaVersion=21,javaVendor=JetBrains s.r.o.,daemonRegistryDir=C:\Users\HP\OneDrive\Desktop\Rajesh folder\daemon,pid=28808,idleTimeout=10800000,priority=NORMAL,applyInstrumentationAgent=true,nativeServicesMode=ENABLED,daemonOpts=-Xmx2048m,-Dfile.encoding=UTF-8,-Duser.country=IN,-Duser.language=en,-Duser.variant]
warning: Deprecated 'org.jetbrains.kotlin.android' plugin usageThe 'org.jetbrains.kotlin.android' plugin in project ':app' is no longer required for Kotlin support since AGP 9.0.Solution: Remove both `android.builtInKotlin=true` and `android.newDsl=false` from `gradle.properties`, then migrate to built-in Kotlin.See https://kotl.in/gradle/agp-built-in-kotlin for more details. 

w: Deprecated 'org.jetbrains.kotlin.android' plugin usage
The 'org.jetbrains.kotlin.android' plugin in project ':app' is no longer required for Kotlin support since AGP 9.0.
Solution: Remove both `android.builtInKotlin=true` and `android.newDsl=false` from `gradle.properties`, then migrate to built-in Kotlin.
See https://kotl.in/gradle/agp-built-in-kotlin for more details.


[Incubating] Problems report is available at: file:///C:/Users/HP/OneDrive/Desktop/kulli%20file/build/reports/problems/problems-report.html

BUILD SUCCESSFUL in 1s
2026-05-17T01:10:49.318+0530 [DEBUG] [org.gradle.launcher.daemon.server.exec.ExecuteBuild] The daemon has finished executing the build.
2026-05-17T01:10:49.335+0530 [DEBUG] [org.gradle.launcher.daemon.server.DaemonStateCoordinator] daemon is running. Sleeping until state changes.
2026-05-17T01:10:49.336+0530 [DEBUG] [org.gradle.launcher.daemon.server.DaemonStateCoordinator] Command execution: finished waiting for DaemonCommandExecution[command = Build{id=303234b8-1c5e-4e97-953b-e498fc039f69, currentDir=C:\Users\HP\OneDrive\Desktop\kulli file}, connection = DefaultDaemonConnection: socket connection from /127.0.0.1:58339 to /127.0.0.1:49709]. Result org.gradle.launcher.daemon.server.DaemonStateCoordinator@67c3e3a7 with state Busy
2026-05-17T01:10:49.336+0530 [DEBUG] [org.gradle.launcher.daemon.server.DaemonStateCoordinator] Command execution: completed DaemonCommandExecution[command = Build{id=303234b8-1c5e-4e97-953b-e498fc039f69, currentDir=C:\Users\HP\OneDrive\Desktop\kulli file}, connection = DefaultDaemonConnection: socket connection from /127.0.0.1:58339 to /127.0.0.1:49709]
2026-05-17T01:10:49.336+0530 [DEBUG] [org.gradle.launcher.daemon.server.DaemonStateCoordinator] resetting idle timer
2026-05-17T01:10:49.336+0530 [INFO] [org.gradle.launcher.daemon.server.DaemonRegistryUpdater] Marking the daemon as idle, address: [bf9560a8-3386-41da-9b73-86f9d79e54da port:58339, addresses:[localhost/127.0.0.1]]
2026-05-17T01:10:49.336+0530 [DEBUG] [org.gradle.launcher.daemon.registry.PersistentDaemonRegistry] Marking busy by address: [bf9560a8-3386-41da-9b73-86f9d79e54da port:58339, addresses:[localhost/127.0.0.1]]
2026-05-17T01:10:49.338+0530 [DEBUG] [org.gradle.cache.internal.DefaultFileLockManager] Waiting to acquire exclusive lock on daemon addresses registry.
2026-05-17T01:10:49.339+0530 [DEBUG] [org.gradle.cache.internal.DefaultFileLockManager] Lock acquired on daemon addresses registry.
2026-05-17T01:10:49.340+0530 [DEBUG] [org.gradle.cache.internal.DefaultFileLockManager] Releasing lock on daemon addresses registry.
2026-05-17T01:10:49.341+0530 [DEBUG] [org.gradle.launcher.daemon.server.DaemonStateCoordinator] daemon is running. Sleeping until state changes.
2026-05-17T01:10:49.341+0530 [DEBUG] [org.gradle.launcher.daemon.server.exec.ReturnResult] Daemon is dispatching the build result: Success[value=org.gradle.launcher.exec.BuildActionResult@29adfbb9]
2026-05-17T01:10:49.341+0530 [DEBUG] [org.gradle.launcher.daemon.server.SynchronizedDispatchConnection] thread 457: dispatching Success[value=org.gradle.launcher.exec.BuildActionResult@29adfbb9]
2026-05-17T01:10:49.342+0530 [DEBUG] [org.gradle.launcher.daemon.server.exec.CleanUpVirtualFileSystemAfterBuild] Cleaning virtual file system after build finished
2026-05-17T01:10:49.342+0530 [DEBUG] [org.gradle.launcher.daemon.server.SynchronizedDispatchConnection] thread 499: received class org.gradle.launcher.daemon.protocol.CloseInput
2026-05-17T01:10:49.342+0530 [DEBUG] [org.gradle.launcher.daemon.server.DefaultDaemonConnection] thread 499: Received IO message from client: org.gradle.launcher.daemon.protocol.CloseInput@63c5eab0
2026-05-17T01:10:49.342+0530 [DEBUG] [org.gradle.launcher.daemon.server.SynchronizedDispatchConnection] thread 499: received class org.gradle.launcher.daemon.protocol.Finished
2026-05-17T01:10:49.342+0530 [DEBUG] [org.gradle.launcher.daemon.server.DefaultDaemonConnection] thread 499: Received non-IO message from client: org.gradle.launcher.daemon.protocol.Finished@6d0208b8
2026-05-17T01:10:49.342+0530 [DEBUG] [org.gradle.launcher.daemon.server.DefaultIncomingConnectionHandler] Finishing executing command: Build{id=303234b8-1c5e-4e97-953b-e498fc039f69, currentDir=C:\Users\HP\OneDrive\Desktop\kulli file}
2026-05-17T01:10:49.342+0530 [DEBUG] [org.gradle.internal.remote.internal.inet.SocketConnection] Discarding EOFException: java.io.EOFException
2026-05-17T01:10:49.343+0530 [DEBUG] [org.gradle.launcher.daemon.server.SynchronizedDispatchConnection] thread 499: received null
2026-05-17T01:10:49.343+0530 [DEBUG] [org.gradle.launcher.daemon.server.DefaultDaemonConnection] thread 499: Received end-of-input from client.
2026-05-17T01:10:49.343+0530 [DEBUG] [org.gradle.launcher.daemon.server.DefaultIncomingConnectionHandler] Received finished message: org.gradle.launcher.daemon.protocol.Finished@6d0208b8
2026-05-17T01:10:49.343+0530 [DEBUG] [org.gradle.launcher.daemon.server.SynchronizedDispatchConnection] thread 457: stopping connection
2026-05-17T01:10:49.344+0530 [DEBUG] [org.gradle.launcher.daemon.server.SynchronizedDispatchConnection] thread 457: stopping connection
2026-05-17T01:10:55.111+0530 [DEBUG] [org.gradle.internal.remote.internal.inet.TcpIncomingConnector] Accepted connection from /127.0.0.1:49716 to /127.0.0.1:58339.
2026-05-17T01:10:55.118+0530 [DEBUG] [org.gradle.launcher.daemon.server.SynchronizedDispatchConnection] thread 538: received class org.gradle.launcher.daemon.protocol.Build
2026-05-17T01:10:55.118+0530 [DEBUG] [org.gradle.launcher.daemon.server.DefaultDaemonConnection] thread 538: Received non-IO message from client: Build{id=2137c2e0-41d9-4e44-b67a-a9b0320491dd, currentDir=C:\Users\HP\OneDrive\Desktop\kulli file}
2026-05-17T01:10:55.119+0530 [INFO] [org.gradle.launcher.daemon.server.DefaultIncomingConnectionHandler] Received command: Build{id=2137c2e0-41d9-4e44-b67a-a9b0320491dd, currentDir=C:\Users\HP\OneDrive\Desktop\kulli file}.
2026-05-17T01:10:55.119+0530 [DEBUG] [org.gradle.launcher.daemon.server.DefaultIncomingConnectionHandler] Starting executing command: Build{id=2137c2e0-41d9-4e44-b67a-a9b0320491dd, currentDir=C:\Users\HP\OneDrive\Desktop\kulli file} with connection: socket connection from /127.0.0.1:58339 to /127.0.0.1:49716.
2026-05-17T01:10:55.119+0530 [DEBUG] [org.gradle.launcher.daemon.server.DaemonStateCoordinator] Command execution: started DaemonCommandExecution[command = Build{id=2137c2e0-41d9-4e44-b67a-a9b0320491dd, currentDir=C:\Users\HP\OneDrive\Desktop\kulli file}, connection = DefaultDaemonConnection: socket connection from /127.0.0.1:58339 to /127.0.0.1:49716] after 0.0964 minutes of idle
2026-05-17T01:10:55.119+0530 [INFO] [org.gradle.launcher.daemon.server.DaemonRegistryUpdater] Marking the daemon as busy, address: [bf9560a8-3386-41da-9b73-86f9d79e54da port:58339, addresses:[localhost/127.0.0.1]]
2026-05-17T01:10:55.120+0530 [DEBUG] [org.gradle.launcher.daemon.registry.PersistentDaemonRegistry] Marking busy by address: [bf9560a8-3386-41da-9b73-86f9d79e54da port:58339, addresses:[localhost/127.0.0.1]]
2026-05-17T01:10:55.121+0530 [DEBUG] [org.gradle.cache.internal.DefaultFileLockManager] Waiting to acquire exclusive lock on daemon addresses registry.
2026-05-17T01:10:55.122+0530 [DEBUG] [org.gradle.cache.internal.DefaultFileLockManager] Lock acquired on daemon addresses registry.
2026-05-17T01:10:55.124+0530 [DEBUG] [org.gradle.cache.internal.DefaultFileLockManager] Releasing lock on daemon addresses registry.
2026-05-17T01:10:55.124+0530 [DEBUG] [org.gradle.launcher.daemon.server.DaemonStateCoordinator] resetting idle timer
2026-05-17T01:10:55.124+0530 [DEBUG] [org.gradle.launcher.daemon.server.DaemonStateCoordinator] daemon is running. Sleeping until state changes.
2026-05-17T01:10:55.124+0530 [INFO] [org.gradle.launcher.daemon.server.exec.StartBuildOrRespondWithBusy] Daemon is about to start building Build{id=2137c2e0-41d9-4e44-b67a-a9b0320491dd, currentDir=C:\Users\HP\OneDrive\Desktop\kulli file}. Dispatching build started information...
2026-05-17T01:10:55.124+0530 [DEBUG] [org.gradle.launcher.daemon.server.SynchronizedDispatchConnection] thread 460: dispatching org.gradle.launcher.daemon.protocol.BuildStarted@5137ef74
2026-05-17T01:10:55.125+0530 [DEBUG] [org.gradle.launcher.daemon.server.exec.EstablishBuildEnvironment] Configuring env variables: [USERDOMAIN_ROAMINGPROFILE, LOCALAPPDATA, PROCESSOR_LEVEL, RegionCode, USERDOMAIN, LOGONSERVER, SESSIONNAME, ALLUSERSPROFILE, PROCESSOR_ARCHITECTURE, AMDRMSDKPATH, PSModulePath, SystemDrive, OneDrive, APPDATA, USERNAME, ProgramFiles(x86), CommonProgramFiles, Path, PATHEXT, DriverData, OS, COMPUTERNAME, OnlineServices, EFC_10680_4126798990, PROCESSOR_REVISION, platformcode, CommonProgramW6432, ComSpec, ProgramData, ProgramW6432, TEMP, HOMEPATH, SystemRoot, PROCESSOR_IDENTIFIER, HOMEDRIVE, USERPROFILE, TMP, CommonProgramFiles(x86), ProgramFiles, PUBLIC, windir, NUMBER_OF_PROCESSORS, EFC_10680_1592913036, =::]
2026-05-17T01:10:55.126+0530 [DEBUG] [org.gradle.launcher.daemon.server.exec.LogToClient] About to start relaying all logs to the client via the connection.
2026-05-17T01:10:55.126+0530 [INFO] [org.gradle.launcher.daemon.server.exec.LogToClient] The client will now receive all logging from the daemon (pid: 28808). The daemon log file: C:\Users\HP\OneDrive\Desktop\Rajesh folder\daemon\9.4.1\daemon-28808.out.log
2026-05-17T01:10:55.126+0530 [INFO] [org.gradle.launcher.daemon.server.exec.LogAndCheckHealth] Starting 10th build in daemon [uptime: 11 mins 18.158 secs, performance: 99%, GC rate: 0.00/s, heap usage: 0% of 2 GiB]
2026-05-17T01:10:55.127+0530 [DEBUG] [org.gradle.launcher.daemon.server.exec.ExecuteBuild] The daemon has started executing the build.
2026-05-17T01:10:55.127+0530 [DEBUG] [org.gradle.launcher.daemon.server.exec.ExecuteBuild] Executing build with daemon context: DefaultDaemonContext[uid=293127d5-5cad-41b6-b559-89d81bf71abb,javaHome=C:\Program Files\Android\Android Studio\jbr,javaVersion=21,javaVendor=JetBrains s.r.o.,daemonRegistryDir=C:\Users\HP\OneDrive\Desktop\Rajesh folder\daemon,pid=28808,idleTimeout=10800000,priority=NORMAL,applyInstrumentationAgent=true,nativeServicesMode=ENABLED,daemonOpts=-Xmx2048m,-Dfile.encoding=UTF-8,-Duser.country=IN,-Duser.language=en,-Duser.variant]
warning: Deprecated 'org.jetbrains.kotlin.android' plugin usageThe 'org.jetbrains.kotlin.android' plugin in project ':app' is no longer required for Kotlin support since AGP 9.0.Solution: Remove both `android.builtInKotlin=true` and `android.newDsl=false` from `gradle.properties`, then migrate to built-in Kotlin.See https://kotl.in/gradle/agp-built-in-kotlin for more details. 

w: Deprecated 'org.jetbrains.kotlin.android' plugin usage
The 'org.jetbrains.kotlin.android' plugin in project ':app' is no longer required for Kotlin support since AGP 9.0.
Solution: Remove both `android.builtInKotlin=true` and `android.newDsl=false` from `gradle.properties`, then migrate to built-in Kotlin.
See https://kotl.in/gradle/agp-built-in-kotlin for more details.


[Incubating] Problems report is available at: file:///C:/Users/HP/OneDrive/Desktop/kulli%20file/build/reports/problems/problems-report.html

BUILD SUCCESSFUL in 1s
2026-05-17T01:10:56.323+0530 [DEBUG] [org.gradle.launcher.daemon.server.exec.ExecuteBuild] The daemon has finished executing the build.
2026-05-17T01:10:56.339+0530 [DEBUG] [org.gradle.launcher.daemon.server.DaemonStateCoordinator] daemon is running. Sleeping until state changes.
2026-05-17T01:10:56.339+0530 [DEBUG] [org.gradle.launcher.daemon.server.DaemonStateCoordinator] Command execution: finished waiting for DaemonCommandExecution[command = Build{id=2137c2e0-41d9-4e44-b67a-a9b0320491dd, currentDir=C:\Users\HP\OneDrive\Desktop\kulli file}, connection = DefaultDaemonConnection: socket connection from /127.0.0.1:58339 to /127.0.0.1:49716]. Result org.gradle.launcher.daemon.server.DaemonStateCoordinator@67c3e3a7 with state Busy
2026-05-17T01:10:56.339+0530 [DEBUG] [org.gradle.launcher.daemon.server.DaemonStateCoordinator] Command execution: completed DaemonCommandExecution[command = Build{id=2137c2e0-41d9-4e44-b67a-a9b0320491dd, currentDir=C:\Users\HP\OneDrive\Desktop\kulli file}, connection = DefaultDaemonConnection: socket connection from /127.0.0.1:58339 to /127.0.0.1:49716]
2026-05-17T01:10:56.339+0530 [DEBUG] [org.gradle.launcher.daemon.server.DaemonStateCoordinator] resetting idle timer
2026-05-17T01:10:56.339+0530 [INFO] [org.gradle.launcher.daemon.server.DaemonRegistryUpdater] Marking the daemon as idle, address: [bf9560a8-3386-41da-9b73-86f9d79e54da port:58339, addresses:[localhost/127.0.0.1]]
2026-05-17T01:10:56.339+0530 [DEBUG] [org.gradle.launcher.daemon.registry.PersistentDaemonRegistry] Marking busy by address: [bf9560a8-3386-41da-9b73-86f9d79e54da port:58339, addresses:[localhost/127.0.0.1]]
2026-05-17T01:10:56.341+0530 [DEBUG] [org.gradle.cache.internal.DefaultFileLockManager] Waiting to acquire exclusive lock on daemon addresses registry.
2026-05-17T01:10:56.341+0530 [DEBUG] [org.gradle.cache.internal.DefaultFileLockManager] Lock acquired on daemon addresses registry.
2026-05-17T01:10:56.343+0530 [DEBUG] [org.gradle.cache.internal.DefaultFileLockManager] Releasing lock on daemon addresses registry.
2026-05-17T01:10:56.343+0530 [DEBUG] [org.gradle.launcher.daemon.server.exec.ReturnResult] Daemon is dispatching the build result: Success[value=org.gradle.launcher.exec.BuildActionResult@a56d32]
2026-05-17T01:10:56.343+0530 [DEBUG] [org.gradle.launcher.daemon.server.SynchronizedDispatchConnection] thread 457: dispatching Success[value=org.gradle.launcher.exec.BuildActionResult@a56d32]
2026-05-17T01:10:56.343+0530 [DEBUG] [org.gradle.launcher.daemon.server.DaemonStateCoordinator] daemon is running. Sleeping until state changes.
2026-05-17T01:10:56.344+0530 [DEBUG] [org.gradle.launcher.daemon.server.exec.CleanUpVirtualFileSystemAfterBuild] Cleaning virtual file system after build finished
2026-05-17T01:10:56.344+0530 [DEBUG] [org.gradle.launcher.daemon.server.DefaultIncomingConnectionHandler] Finishing executing command: Build{id=2137c2e0-41d9-4e44-b67a-a9b0320491dd, currentDir=C:\Users\HP\OneDrive\Desktop\kulli file}
2026-05-17T01:10:56.344+0530 [DEBUG] [org.gradle.launcher.daemon.server.SynchronizedDispatchConnection] thread 538: received class org.gradle.launcher.daemon.protocol.CloseInput
2026-05-17T01:10:56.344+0530 [DEBUG] [org.gradle.launcher.daemon.server.DefaultDaemonConnection] thread 538: Received IO message from client: org.gradle.launcher.daemon.protocol.CloseInput@75c186cb
2026-05-17T01:10:56.344+0530 [DEBUG] [org.gradle.launcher.daemon.server.SynchronizedDispatchConnection] thread 538: received class org.gradle.launcher.daemon.protocol.Finished
2026-05-17T01:10:56.344+0530 [DEBUG] [org.gradle.launcher.daemon.server.DefaultDaemonConnection] thread 538: Received non-IO message from client: org.gradle.launcher.daemon.protocol.Finished@71fe0cab
2026-05-17T01:10:56.344+0530 [DEBUG] [org.gradle.internal.remote.internal.inet.SocketConnection] Discarding EOFException: java.io.EOFException
2026-05-17T01:10:56.345+0530 [DEBUG] [org.gradle.launcher.daemon.server.SynchronizedDispatchConnection] thread 538: received null
2026-05-17T01:10:56.345+0530 [DEBUG] [org.gradle.launcher.daemon.server.DefaultDaemonConnection] thread 538: Received end-of-input from client.
2026-05-17T01:10:56.345+0530 [DEBUG] [org.gradle.launcher.daemon.server.DefaultIncomingConnectionHandler] Received finished message: org.gradle.launcher.daemon.protocol.Finished@71fe0cab
2026-05-17T01:10:56.345+0530 [DEBUG] [org.gradle.launcher.daemon.server.SynchronizedDispatchConnection] thread 457: stopping connection
2026-05-17T01:10:56.346+0530 [DEBUG] [org.gradle.launcher.daemon.server.SynchronizedDispatchConnection] thread 457: stopping connection
2026-05-17T01:10:57.250+0530 [DEBUG] [org.gradle.launcher.daemon.server.Daemon] Starting periodic daemon health check.
2026-05-17T01:10:57.255+0530 [DEBUG] [org.gradle.cache.internal.DefaultFileLockManager] Waiting to acquire shared lock on daemon addresses registry.
2026-05-17T01:10:57.255+0530 [DEBUG] [org.gradle.cache.internal.DefaultFileLockManager] Lock acquired on daemon addresses registry.
2026-05-17T01:10:57.256+0530 [DEBUG] [org.gradle.cache.internal.DefaultFileLockManager] Releasing lock on daemon addresses registry.
2026-05-17T01:10:57.259+0530 [DEBUG] [org.gradle.cache.internal.DefaultFileLockManager] Waiting to acquire shared lock on daemon addresses registry.
2026-05-17T01:10:57.260+0530 [DEBUG] [org.gradle.cache.internal.DefaultFileLockManager] Lock acquired on daemon addresses registry.
2026-05-17T01:10:57.261+0530 [DEBUG] [org.gradle.cache.internal.DefaultFileLockManager] Releasing lock on daemon addresses registry.
2026-05-17T01:10:57.261+0530 [DEBUG] [org.gradle.launcher.daemon.server.Daemon] Finished periodic daemon health check.
2026-05-17T01:11:07.239+0530 [DEBUG] [org.gradle.launcher.daemon.server.Daemon] Starting periodic daemon health check.
2026-05-17T01:11:07.241+0530 [DEBUG] [org.gradle.cache.internal.DefaultFileLockManager] Waiting to acquire shared lock on daemon addresses registry.
2026-05-17T01:11:07.241+0530 [DEBUG] [org.gradle.cache.internal.DefaultFileLockManager] Lock acquired on daemon addresses registry.
2026-05-17T01:11:07.242+0530 [DEBUG] [org.gradle.cache.internal.DefaultFileLockManager] Releasing lock on daemon addresses registry.
2026-05-17T01:11:07.243+0530 [DEBUG] [org.gradle.cache.internal.DefaultFileLockManager] Waiting to acquire shared lock on daemon addresses registry.
2026-05-17T01:11:07.244+0530 [DEBUG] [org.gradle.cache.internal.DefaultFileLockManager] Lock acquired on daemon addresses registry.
2026-05-17T01:11:07.244+0530 [DEBUG] [org.gradle.cache.internal.DefaultFileLockManager] Releasing lock on daemon addresses registry.
2026-05-17T01:11:07.244+0530 [DEBUG] [org.gradle.launcher.daemon.server.Daemon] Finished periodic daemon health check.
2026-05-17T01:11:08.124+0530 [DEBUG] [org.gradle.process.internal.health.memory.DefaultMemoryManager] 1635715891 physical memory requested, 1582673920 free
2026-05-17T01:11:08.124+0530 [DEBUG] [org.gradle.workers.internal.WorkerDaemonExpiration] Will attempt to release 1559 of memory
2026-05-17T01:11:08.124+0530 [DEBUG] [org.gradle.process.internal.health.memory.DefaultMemoryManager] 1635715891 physical memory requested, 0 released, 1582673920 free
2026-05-17T01:11:13.122+0530 [DEBUG] [org.gradle.process.internal.health.memory.DefaultMemoryManager] 1635715891 physical memory requested, 1565908992 free
2026-05-17T01:11:13.122+0530 [DEBUG] [org.gradle.workers.internal.WorkerDaemonExpiration] Will attempt to release 1559 of memory
2026-05-17T01:11:13.122+0530 [DEBUG] [org.gradle.process.internal.health.memory.DefaultMemoryManager] 1635715891 physical memory requested, 0 released, 1565908992 free
2026-05-17T01:11:17.237+0530 [DEBUG] [org.gradle.launcher.daemon.server.Daemon] Starting periodic daemon health check.
2026-05-17T01:11:17.239+0530 [DEBUG] [org.gradle.cache.internal.DefaultFileLockManager] Waiting to acquire shared lock on daemon addresses registry.
2026-05-17T01:11:17.239+0530 [DEBUG] [org.gradle.cache.internal.DefaultFileLockManager] Lock acquired on daemon addresses registry.
2026-05-17T01:11:17.239+0530 [DEBUG] [org.gradle.cache.internal.DefaultFileLockManager] Releasing lock on daemon addresses registry.
2026-05-17T01:11:17.241+0530 [DEBUG] [org.gradle.cache.internal.DefaultFileLockManager] Waiting to acquire shared lock on daemon addresses registry.
2026-05-17T01:11:17.241+0530 [DEBUG] [org.gradle.cache.internal.DefaultFileLockManager] Lock acquired on daemon addresses registry.
2026-05-17T01:11:17.241+0530 [DEBUG] [org.gradle.cache.internal.DefaultFileLockManager] Releasing lock on daemon addresses registry.
2026-05-17T01:11:17.241+0530 [DEBUG] [org.gradle.launcher.daemon.server.Daemon] Finished periodic daemon health check.
2026-05-17T01:11:18.110+0530 [DEBUG] [org.gradle.process.internal.health.memory.DefaultMemoryManager] 1635715891 physical memory requested, 1559531520 free
2026-05-17T01:11:18.110+0530 [DEBUG] [org.gradle.workers.internal.WorkerDaemonExpiration] Will attempt to release 1559 of memory
2026-05-17T01:11:18.110+0530 [DEBUG] [org.gradle.process.internal.health.memory.DefaultMemoryManager] 1635715891 physical memory requested, 0 released, 1559531520 free
2026-05-17T01:11:19.611+0530 [DEBUG] [sun.rmi.transport.tcp] RMI TCP Connection(3)-127.0.0.1: accepted socket from [127.0.0.1:52140]
2026-05-17T01:11:19.611+0530 [DEBUG] [sun.rmi.transport.tcp] RMI TCP Connection(3)-127.0.0.1: (port 51336) op = 80
2026-05-17T01:11:19.612+0530 [DEBUG] [sun.rmi.loader] RMI TCP Connection(3)-127.0.0.1: name = "[Ljava.rmi.server.ObjID;", codebase = "", defaultLoader = jdk.internal.loader.ClassLoaders$PlatformClassLoader@53242ab5
2026-05-17T01:11:19.612+0530 [DEBUG] [sun.rmi.loader] RMI TCP Connection(3)-127.0.0.1: name = "java.rmi.dgc.Lease", codebase = "", defaultLoader = jdk.internal.loader.ClassLoaders$PlatformClassLoader@53242ab5
2026-05-17T01:11:19.613+0530 [DEBUG] [sun.rmi.loader] RMI TCP Connection(3)-127.0.0.1: name = "java.rmi.dgc.VMID", codebase = "", defaultLoader = jdk.internal.loader.ClassLoaders$PlatformClassLoader@53242ab5
2026-05-17T01:11:19.613+0530 [DEBUG] [sun.rmi.loader] RMI TCP Connection(3)-127.0.0.1: name = "[B", codebase = "", defaultLoader = jdk.internal.loader.ClassLoaders$PlatformClassLoader@53242ab5
2026-05-17T01:11:19.613+0530 [DEBUG] [sun.rmi.loader] RMI TCP Connection(3)-127.0.0.1: name = "java.rmi.server.UID", codebase = "", defaultLoader = jdk.internal.loader.ClassLoaders$PlatformClassLoader@53242ab5
2026-05-17T01:11:23.110+0530 [DEBUG] [org.gradle.process.internal.health.memory.DefaultMemoryManager] 1635715891 physical memory requested, 1559486464 free
2026-05-17T01:11:23.110+0530 [DEBUG] [org.gradle.workers.internal.WorkerDaemonExpiration] Will attempt to release 1559 of memory
2026-05-17T01:11:23.110+0530 [DEBUG] [org.gradle.process.internal.health.memory.DefaultMemoryManager] 1635715891 physical memory requested, 0 released, 1559486464 free
2026-05-17T01:11:27.240+0530 [DEBUG] [org.gradle.launcher.daemon.server.Daemon] Starting periodic daemon health check.
2026-05-17T01:11:27.242+0530 [DEBUG] [org.gradle.cache.internal.DefaultFileLockManager] Waiting to acquire shared lock on daemon addresses registry.
2026-05-17T01:11:27.242+0530 [DEBUG] [org.gradle.cache.internal.DefaultFileLockManager] Lock acquired on daemon addresses registry.
2026-05-17T01:11:27.242+0530 [DEBUG] [org.gradle.cache.internal.DefaultFileLockManager] Releasing lock on daemon addresses registry.
2026-05-17T01:11:27.244+0530 [DEBUG] [org.gradle.cache.internal.DefaultFileLockManager] Waiting to acquire shared lock on daemon addresses registry.
2026-05-17T01:11:27.244+0530 [DEBUG] [org.gradle.cache.internal.DefaultFileLockManager] Lock acquired on daemon addresses registry.
2026-05-17T01:11:27.244+0530 [DEBUG] [org.gradle.cache.internal.DefaultFileLockManager] Releasing lock on daemon addresses registry.
2026-05-17T01:11:27.245+0530 [DEBUG] [org.gradle.launcher.daemon.server.Daemon] Finished periodic daemon health check.
2026-05-17T01:11:28.116+0530 [DEBUG] [org.gradle.process.internal.health.memory.DefaultMemoryManager] 1635715891 physical memory requested, 1548685312 free
2026-05-17T01:11:28.116+0530 [DEBUG] [org.gradle.workers.internal.WorkerDaemonExpiration] Will attempt to release 1559 of memory
2026-05-17T01:11:28.116+0530 [DEBUG] [org.gradle.process.internal.health.memory.DefaultMemoryManager] 1635715891 physical memory requested, 0 released, 1548685312 free
2026-05-17T01:11:33.124+0530 [DEBUG] [org.gradle.process.internal.health.memory.DefaultMemoryManager] 1635715891 physical memory requested, 1558921216 free
2026-05-17T01:11:33.124+0530 [DEBUG] [org.gradle.workers.internal.WorkerDaemonExpiration] Will attempt to release 1559 of memory
2026-05-17T01:11:33.124+0530 [DEBUG] [org.gradle.process.internal.health.memory.DefaultMemoryManager] 1635715891 physical memory requested, 0 released, 1558921216 free
2026-05-17T01:11:34.615+0530 [DEBUG] [sun.rmi.transport.tcp] RMI TCP Connection(3)-127.0.0.1: (port 51336) connection closed
2026-05-17T01:11:34.615+0530 [DEBUG] [sun.rmi.transport.tcp] RMI TCP Connection(3)-127.0.0.1: close connection, socket: Socket[addr=/127.0.0.1,port=52140,localport=51336]
2026-05-17T01:11:34.616+0530 [DEBUG] [sun.rmi.transport.tcp] RMI TCP Connection(3)-127.0.0.1: socket close: Socket[addr=/127.0.0.1,port=52140,localport=51336]
2026-05-17T01:11:37.244+0530 [DEBUG] [org.gradle.launcher.daemon.server.Daemon] Starting periodic daemon health check.
2026-05-17T01:11:37.246+0530 [DEBUG] [org.gradle.cache.internal.DefaultFileLockManager] Waiting to acquire shared lock on daemon addresses registry.
2026-05-17T01:11:37.246+0530 [DEBUG] [org.gradle.cache.internal.DefaultFileLockManager] Lock acquired on daemon addresses registry.
2026-05-17T01:11:37.247+0530 [DEBUG] [org.gradle.cache.internal.DefaultFileLockManager] Releasing lock on daemon addresses registry.
2026-05-17T01:11:37.248+0530 [DEBUG] [org.gradle.cache.internal.DefaultFileLockManager] Waiting to acquire shared lock on daemon addresses registry.
2026-05-17T01:11:37.248+0530 [DEBUG] [org.gradle.cache.internal.DefaultFileLockManager] Lock acquired on daemon addresses registry.
2026-05-17T01:11:37.249+0530 [DEBUG] [org.gradle.cache.internal.DefaultFileLockManager] Releasing lock on daemon addresses registry.
2026-05-17T01:11:37.249+0530 [DEBUG] [org.gradle.launcher.daemon.server.Daemon] Finished periodic daemon health check.
2026-05-17T01:11:38.117+0530 [DEBUG] [org.gradle.process.internal.health.memory.DefaultMemoryManager] 1635715891 physical memory requested, 1557778432 free
2026-05-17T01:11:38.117+0530 [DEBUG] [org.gradle.workers.internal.WorkerDaemonExpiration] Will attempt to release 1559 of memory
2026-05-17T01:11:38.117+0530 [DEBUG] [org.gradle.process.internal.health.memory.DefaultMemoryManager] 1635715891 physical memory requested, 0 released, 1557778432 free
2026-05-17T01:11:38.767+0530 [DEBUG] [sun.rmi.transport.tcp] RMI TCP Connection(4)-127.0.0.1: accepted socket from [127.0.0.1:52153]
2026-05-17T01:11:38.768+0530 [DEBUG] [sun.rmi.transport.tcp] RMI TCP Connection(4)-127.0.0.1: (port 51336) op = 80
2026-05-17T01:11:38.768+0530 [DEBUG] [sun.rmi.loader] RMI TCP Connection(4)-127.0.0.1: name = "[Ljava.rmi.server.ObjID;", codebase = "", defaultLoader = jdk.internal.loader.ClassLoaders$PlatformClassLoader@53242ab5
2026-05-17T01:11:38.768+0530 [DEBUG] [sun.rmi.loader] RMI TCP Connection(4)-127.0.0.1: name = "java.rmi.dgc.Lease", codebase = "", defaultLoader = jdk.internal.loader.ClassLoaders$PlatformClassLoader@53242ab5
2026-05-17T01:11:38.768+0530 [DEBUG] [sun.rmi.loader] RMI TCP Connection(4)-127.0.0.1: name = "java.rmi.dgc.VMID", codebase = "", defaultLoader = jdk.internal.loader.ClassLoaders$PlatformClassLoader@53242ab5
2026-05-17T01:11:38.768+0530 [DEBUG] [sun.rmi.loader] RMI TCP Connection(4)-127.0.0.1: name = "[B", codebase = "", defaultLoader = jdk.internal.loader.ClassLoaders$PlatformClassLoader@53242ab5
2026-05-17T01:11:38.768+0530 [DEBUG] [sun.rmi.loader] RMI TCP Connection(4)-127.0.0.1: name = "java.rmi.server.UID", codebase = "", defaultLoader = jdk.internal.loader.ClassLoaders$PlatformClassLoader@53242ab5
2026-05-17T01:11:43.115+0530 [DEBUG] [org.gradle.process.internal.health.memory.DefaultMemoryManager] 1635715891 physical memory requested, 1561972736 free
2026-05-17T01:11:43.116+0530 [DEBUG] [org.gradle.workers.internal.WorkerDaemonExpiration] Will attempt to release 1559 of memory
2026-05-17T01:11:43.116+0530 [DEBUG] [org.gradle.process.internal.health.memory.DefaultMemoryManager] 1635715891 physical memory requested, 0 released, 1561972736 free
2026-05-17T01:11:47.252+0530 [DEBUG] [org.gradle.launcher.daemon.server.Daemon] Starting periodic daemon health check.
2026-05-17T01:11:47.254+0530 [DEBUG] [org.gradle.cache.internal.DefaultFileLockManager] Waiting to acquire shared lock on daemon addresses registry.
2026-05-17T01:11:47.254+0530 [DEBUG] [org.gradle.cache.internal.DefaultFileLockManager] Lock acquired on daemon addresses registry.
2026-05-17T01:11:47.254+0530 [DEBUG] [org.gradle.cache.internal.DefaultFileLockManager] Releasing lock on daemon addresses registry.
2026-05-17T01:11:47.256+0530 [DEBUG] [org.gradle.cache.internal.DefaultFileLockManager] Waiting to acquire shared lock on daemon addresses registry.
2026-05-17T01:11:47.256+0530 [DEBUG] [org.gradle.cache.internal.DefaultFileLockManager] Lock acquired on daemon addresses registry.
2026-05-17T01:11:47.256+0530 [DEBUG] [org.gradle.cache.internal.DefaultFileLockManager] Releasing lock on daemon addresses registry.
2026-05-17T01:11:47.256+0530 [DEBUG] [org.gradle.launcher.daemon.server.Daemon] Finished periodic daemon health check.
2026-05-17T01:11:48.124+0530 [DEBUG] [org.gradle.process.internal.health.memory.DefaultMemoryManager] 1635715891 physical memory requested, 1536483328 free
2026-05-17T01:11:48.124+0530 [DEBUG] [org.gradle.workers.internal.WorkerDaemonExpiration] Will attempt to release 1559 of memory
2026-05-17T01:11:48.124+0530 [DEBUG] [org.gradle.process.internal.health.memory.DefaultMemoryManager] 1635715891 physical memory requested, 0 released, 1536483328 free
2026-05-17T01:11:53.119+0530 [DEBUG] [org.gradle.process.internal.health.memory.DefaultMemoryManager] 1635715891 physical memory requested, 1208389632 free
2026-05-17T01:11:53.119+0530 [DEBUG] [org.gradle.workers.internal.WorkerDaemonExpiration] Will attempt to release 1559 of memory
2026-05-17T01:11:53.119+0530 [DEBUG] [org.gradle.process.internal.health.memory.DefaultMemoryManager] 1635715891 physical memory requested, 0 released, 1208389632 free
2026-05-17T01:11:53.771+0530 [DEBUG] [sun.rmi.transport.tcp] RMI TCP Connection(4)-127.0.0.1: (port 51336) connection closed
2026-05-17T01:11:53.771+0530 [DEBUG] [sun.rmi.transport.tcp] RMI TCP Connection(4)-127.0.0.1: close connection, socket: Socket[addr=/127.0.0.1,port=52153,localport=51336]
2026-05-17T01:11:53.771+0530 [DEBUG] [sun.rmi.transport.tcp] RMI TCP Connection(4)-127.0.0.1: socket close: Socket[addr=/127.0.0.1,port=52153,localport=51336]
2026-05-17T01:11:57.239+0530 [DEBUG] [org.gradle.launcher.daemon.server.Daemon] Starting periodic daemon health check.
2026-05-17T01:11:57.240+0530 [DEBUG] [org.gradle.cache.internal.DefaultFileLockManager] Waiting to acquire shared lock on daemon addresses registry.
2026-05-17T01:11:57.240+0530 [DEBUG] [org.gradle.cache.internal.DefaultFileLockManager] Lock acquired on daemon addresses registry.
2026-05-17T01:11:57.240+0530 [DEBUG] [org.gradle.cache.internal.DefaultFileLockManager] Releasing lock on daemon addresses registry.
2026-05-17T01:11:57.242+0530 [DEBUG] [org.gradle.cache.internal.DefaultFileLockManager] Waiting to acquire shared lock on daemon addresses registry.
2026-05-17T01:11:57.242+0530 [DEBUG] [org.gradle.cache.internal.DefaultFileLockManager] Lock acquired on daemon addresses registry.
2026-05-17T01:11:57.242+0530 [DEBUG] [org.gradle.cache.internal.DefaultFileLockManager] Releasing lock on daemon addresses registry.
2026-05-17T01:11:57.243+0530 [DEBUG] [org.gradle.launcher.daemon.server.Daemon] Finished periodic daemon health check.
2026-05-17T01:11:58.112+0530 [DEBUG] [org.gradle.process.internal.health.memory.DefaultMemoryManager] 1635715891 physical memory requested, 1358483456 free
2026-05-17T01:11:58.113+0530 [DEBUG] [org.gradle.workers.internal.WorkerDaemonExpiration] Will attempt to release 1559 of memory
2026-05-17T01:11:58.113+0530 [DEBUG] [org.gradle.process.internal.health.memory.DefaultMemoryManager] 1635715891 physical memory requested, 0 released, 1358483456 free
2026-05-17T01:12:03.117+0530 [DEBUG] [org.gradle.process.internal.health.memory.DefaultMemoryManager] 1635715891 physical memory requested, 1354096640 free
2026-05-17T01:12:03.117+0530 [DEBUG] [org.gradle.workers.internal.WorkerDaemonExpiration] Will attempt to release 1559 of memory
2026-05-17T01:12:03.117+0530 [DEBUG] [org.gradle.process.internal.health.memory.DefaultMemoryManager] 1635715891 physical memory requested, 0 released, 1354096640 free
2026-05-17T01:12:07.250+0530 [DEBUG] [org.gradle.launcher.daemon.server.Daemon] Starting periodic daemon health check.
2026-05-17T01:12:07.252+0530 [DEBUG] [org.gradle.cache.internal.DefaultFileLockManager] Waiting to acquire shared lock on daemon addresses registry.
2026-05-17T01:12:07.252+0530 [DEBUG] [org.gradle.cache.internal.DefaultFileLockManager] Lock acquired on daemon addresses registry.
2026-05-17T01:12:07.252+0530 [DEBUG] [org.gradle.cache.internal.DefaultFileLockManager] Releasing lock on daemon addresses registry.
2026-05-17T01:12:07.253+0530 [DEBUG] [org.gradle.cache.internal.DefaultFileLockManager] Waiting to acquire shared lock on daemon addresses registry.
2026-05-17T01:12:07.254+0530 [DEBUG] [org.gradle.cache.internal.DefaultFileLockManager] Lock acquired on daemon addresses registry.
2026-05-17T01:12:07.254+0530 [DEBUG] [org.gradle.cache.internal.DefaultFileLockManager] Releasing lock on daemon addresses registry.
2026-05-17T01:12:07.254+0530 [DEBUG] [org.gradle.launcher.daemon.server.Daemon] Finished periodic daemon health check.
2026-05-17T01:12:08.122+0530 [DEBUG] [org.gradle.process.internal.health.memory.DefaultMemoryManager] 1635715891 physical memory requested, 1242701824 free
2026-05-17T01:12:08.122+0530 [DEBUG] [org.gradle.workers.internal.WorkerDaemonExpiration] Will attempt to release 1559 of memory
2026-05-17T01:12:08.122+0530 [DEBUG] [org.gradle.process.internal.health.memory.DefaultMemoryManager] 1635715891 physical memory requested, 0 released, 1242701824 free
2026-05-17T01:12:13.118+0530 [DEBUG] [org.gradle.process.internal.health.memory.DefaultMemoryManager] 1635715891 physical memory requested, 1205272576 free
2026-05-17T01:12:13.119+0530 [DEBUG] [org.gradle.workers.internal.WorkerDaemonExpiration] Will attempt to release 1559 of memory
2026-05-17T01:12:13.119+0530 [DEBUG] [org.gradle.process.internal.health.memory.DefaultMemoryManager] 1635715891 physical memory requested, 0 released, 1205272576 free
2026-05-17T01:12:17.237+0530 [DEBUG] [org.gradle.launcher.daemon.server.Daemon] Starting periodic daemon health check.
2026-05-17T01:12:17.239+0530 [DEBUG] [org.gradle.cache.internal.DefaultFileLockManager] Waiting to acquire shared lock on daemon addresses registry.
2026-05-17T01:12:17.239+0530 [DEBUG] [org.gradle.cache.internal.DefaultFileLockManager] Lock acquired on daemon addresses registry.
2026-05-17T01:12:17.239+0530 [DEBUG] [org.gradle.cache.internal.DefaultFileLockManager] Releasing lock on daemon addresses registry.
2026-05-17T01:12:17.241+0530 [DEBUG] [org.gradle.cache.internal.DefaultFileLockManager] Waiting to acquire shared lock on daemon addresses registry.
2026-05-17T01:12:17.241+0530 [DEBUG] [org.gradle.cache.internal.DefaultFileLockManager] Lock acquired on daemon addresses registry.
2026-05-17T01:12:17.242+0530 [DEBUG] [org.gradle.cache.internal.DefaultFileLockManager] Releasing lock on daemon addresses registry.
2026-05-17T01:12:17.242+0530 [DEBUG] [org.gradle.launcher.daemon.server.Daemon] Finished periodic daemon health check.
2026-05-17T01:12:18.115+0530 [DEBUG] [org.gradle.process.internal.health.memory.DefaultMemoryManager] 1635715891 physical memory requested, 1161756672 free
2026-05-17T01:12:18.115+0530 [DEBUG] [org.gradle.workers.internal.WorkerDaemonExpiration] Will attempt to release 1559 of memory
2026-05-17T01:12:18.115+0530 [DEBUG] [org.gradle.process.internal.health.memory.DefaultMemoryManager] 1635715891 physical memory requested, 0 released, 1161756672 free
2026-05-17T01:12:23.118+0530 [DEBUG] [org.gradle.process.internal.health.memory.DefaultMemoryManager] 1635715891 physical memory requested, 1242882048 free
2026-05-17T01:12:23.118+0530 [DEBUG] [org.gradle.workers.internal.WorkerDaemonExpiration] Will attempt to release 1559 of memory
2026-05-17T01:12:23.119+0530 [DEBUG] [org.gradle.process.internal.health.memory.DefaultMemoryManager] 1635715891 physical memory requested, 0 released, 1242882048 free
2026-05-17T01:12:27.237+0530 [DEBUG] [org.gradle.launcher.daemon.server.Daemon] Starting periodic daemon health check.
2026-05-17T01:12:27.239+0530 [DEBUG] [org.gradle.cache.internal.DefaultFileLockManager] Waiting to acquire shared lock on daemon addresses registry.
2026-05-17T01:12:27.239+0530 [DEBUG] [org.gradle.cache.internal.DefaultFileLockManager] Lock acquired on daemon addresses registry.
2026-05-17T01:12:27.240+0530 [DEBUG] [org.gradle.cache.internal.DefaultFileLockManager] Releasing lock on daemon addresses registry.
2026-05-17T01:12:27.241+0530 [DEBUG] [org.gradle.cache.internal.DefaultFileLockManager] Waiting to acquire shared lock on daemon addresses registry.
2026-05-17T01:12:27.241+0530 [DEBUG] [org.gradle.cache.internal.DefaultFileLockManager] Lock acquired on daemon addresses registry.
2026-05-17T01:12:27.242+0530 [DEBUG] [org.gradle.cache.internal.DefaultFileLockManager] Releasing lock on daemon addresses registry.
2026-05-17T01:12:27.242+0530 [DEBUG] [org.gradle.launcher.daemon.server.Daemon] Finished periodic daemon health check.
2026-05-17T01:12:28.111+0530 [DEBUG] [org.gradle.process.internal.health.memory.DefaultMemoryManager] 1635715891 physical memory requested, 1198456832 free
2026-05-17T01:12:28.111+0530 [DEBUG] [org.gradle.workers.internal.WorkerDaemonExpiration] Will attempt to release 1559 of memory
2026-05-17T01:12:28.111+0530 [DEBUG] [org.gradle.process.internal.health.memory.DefaultMemoryManager] 1635715891 physical memory requested, 0 released, 1198456832 free
2026-05-17T01:12:33.113+0530 [DEBUG] [org.gradle.process.internal.health.memory.DefaultMemoryManager] 1635715891 physical memory requested, 1207693312 free
2026-05-17T01:12:33.113+0530 [DEBUG] [org.gradle.workers.internal.WorkerDaemonExpiration] Will attempt to release 1559 of memory
2026-05-17T01:12:33.114+0530 [DEBUG] [org.gradle.process.internal.health.memory.DefaultMemoryManager] 1635715891 physical memory requested, 0 released, 1207693312 free
2026-05-17T01:12:37.240+0530 [DEBUG] [org.gradle.launcher.daemon.server.Daemon] Starting periodic daemon health check.
2026-05-17T01:12:37.242+0530 [DEBUG] [org.gradle.cache.internal.DefaultFileLockManager] Waiting to acquire shared lock on daemon addresses registry.
2026-05-17T01:12:37.242+0530 [DEBUG] [org.gradle.cache.internal.DefaultFileLockManager] Lock acquired on daemon addresses registry.
2026-05-17T01:12:37.243+0530 [DEBUG] [org.gradle.cache.internal.DefaultFileLockManager] Releasing lock on daemon addresses registry.
2026-05-17T01:12:37.244+0530 [DEBUG] [org.gradle.cache.internal.DefaultFileLockManager] Waiting to acquire shared lock on daemon addresses registry.
2026-05-17T01:12:37.244+0530 [DEBUG] [org.gradle.cache.internal.DefaultFileLockManager] Lock acquired on daemon addresses registry.
2026-05-17T01:12:37.244+0530 [DEBUG] [org.gradle.cache.internal.DefaultFileLockManager] Releasing lock on daemon addresses registry.
2026-05-17T01:12:37.245+0530 [DEBUG] [org.gradle.launcher.daemon.server.Daemon] Finished periodic daemon health check.
2026-05-17T01:12:38.112+0530 [DEBUG] [org.gradle.process.internal.health.memory.DefaultMemoryManager] 1635715891 physical memory requested, 1165074432 free
2026-05-17T01:12:38.112+0530 [DEBUG] [org.gradle.workers.internal.WorkerDaemonExpiration] Will attempt to release 1559 of memory
2026-05-17T01:12:38.112+0530 [DEBUG] [org.gradle.process.internal.health.memory.DefaultMemoryManager] 1635715891 physical memory requested, 0 released, 1165074432 free
2026-05-17T01:12:43.119+0530 [DEBUG] [org.gradle.process.internal.health.memory.DefaultMemoryManager] 1635715891 physical memory requested, 1023008768 free
2026-05-17T01:12:43.119+0530 [DEBUG] [org.gradle.workers.internal.WorkerDaemonExpiration] Will attempt to release 1559 of memory
2026-05-17T01:12:43.119+0530 [DEBUG] [org.gradle.process.internal.health.memory.DefaultMemoryManager] 1635715891 physical memory requested, 0 released, 1023008768 free
2026-05-17T01:12:47.247+0530 [DEBUG] [org.gradle.launcher.daemon.server.Daemon] Starting periodic daemon health check.
2026-05-17T01:12:47.249+0530 [DEBUG] [org.gradle.cache.internal.DefaultFileLockManager] Waiting to acquire shared lock on daemon addresses registry.
2026-05-17T01:12:47.249+0530 [DEBUG] [org.gradle.cache.internal.DefaultFileLockManager] Lock acquired on daemon addresses registry.
2026-05-17T01:12:47.250+0530 [DEBUG] [org.gradle.cache.internal.DefaultFileLockManager] Releasing lock on daemon addresses registry.
2026-05-17T01:12:47.251+0530 [DEBUG] [org.gradle.cache.internal.DefaultFileLockManager] Waiting to acquire shared lock on daemon addresses registry.
2026-05-17T01:12:47.251+0530 [DEBUG] [org.gradle.cache.internal.DefaultFileLockManager] Lock acquired on daemon addresses registry.
2026-05-17T01:12:47.252+0530 [DEBUG] [org.gradle.cache.internal.DefaultFileLockManager] Releasing lock on daemon addresses registry.
2026-05-17T01:12:47.252+0530 [DEBUG] [org.gradle.launcher.daemon.server.Daemon] Finished periodic daemon health check.
2026-05-17T01:12:57.247+0530 [DEBUG] [org.gradle.launcher.daemon.server.Daemon] Starting periodic daemon health check.
2026-05-17T01:12:57.249+0530 [DEBUG] [org.gradle.cache.internal.DefaultFileLockManager] Waiting to acquire shared lock on daemon addresses registry.
2026-05-17T01:12:57.249+0530 [DEBUG] [org.gradle.cache.internal.DefaultFileLockManager] Lock acquired on daemon addresses registry.
2026-05-17T01:12:57.249+0530 [DEBUG] [org.gradle.cache.internal.DefaultFileLockManager] Releasing lock on daemon addresses registry.
2026-05-17T01:12:57.251+0530 [DEBUG] [org.gradle.cache.internal.DefaultFileLockManager] Waiting to acquire shared lock on daemon addresses registry.
2026-05-17T01:12:57.251+0530 [DEBUG] [org.gradle.cache.internal.DefaultFileLockManager] Lock acquired on daemon addresses registry.
2026-05-17T01:12:57.252+0530 [DEBUG] [org.gradle.cache.internal.DefaultFileLockManager] Releasing lock on daemon addresses registry.
2026-05-17T01:12:57.252+0530 [DEBUG] [org.gradle.launcher.daemon.server.Daemon] Finished periodic daemon health check.
2026-05-17T01:12:58.120+0530 [DEBUG] [org.gradle.process.internal.health.memory.DefaultMemoryManager] 1635715891 physical memory requested, 1506635776 free
2026-05-17T01:12:58.120+0530 [DEBUG] [org.gradle.workers.internal.WorkerDaemonExpiration] Will attempt to release 1559 of memory
2026-05-17T01:12:58.120+0530 [DEBUG] [org.gradle.process.internal.health.memory.DefaultMemoryManager] 1635715891 physical memory requested, 0 released, 1506635776 free
2026-05-17T01:13:03.113+0530 [DEBUG] [org.gradle.process.internal.health.memory.DefaultMemoryManager] 1635715891 physical memory requested, 1236549632 free
2026-05-17T01:13:03.114+0530 [DEBUG] [org.gradle.workers.internal.WorkerDaemonExpiration] Will attempt to release 1559 of memory
2026-05-17T01:13:03.114+0530 [DEBUG] [org.gradle.process.internal.health.memory.DefaultMemoryManager] 1635715891 physical memory requested, 0 released, 1236549632 free
2026-05-17T01:13:07.239+0530 [DEBUG] [org.gradle.launcher.daemon.server.Daemon] Starting periodic daemon health check.
2026-05-17T01:13:07.266+0530 [DEBUG] [org.gradle.cache.internal.DefaultFileLockManager] Waiting to acquire shared lock on daemon addresses registry.
2026-05-17T01:13:07.266+0530 [DEBUG] [org.gradle.cache.internal.DefaultFileLockManager] Lock acquired on daemon addresses registry.
2026-05-17T01:13:07.267+0530 [DEBUG] [org.gradle.cache.internal.DefaultFileLockManager] Releasing lock on daemon addresses registry.
2026-05-17T01:13:07.271+0530 [DEBUG] [org.gradle.cache.internal.DefaultFileLockManager] Waiting to acquire shared lock on daemon addresses registry.
2026-05-17T01:13:07.271+0530 [DEBUG] [org.gradle.cache.internal.DefaultFileLockManager] Lock acquired on daemon addresses registry.
2026-05-17T01:13:07.272+0530 [DEBUG] [org.gradle.cache.internal.DefaultFileLockManager] Releasing lock on daemon addresses registry.
2026-05-17T01:13:07.272+0530 [DEBUG] [org.gradle.launcher.daemon.server.Daemon] Finished periodic daemon health check.
2026-05-17T01:13:08.112+0530 [DEBUG] [org.gradle.process.internal.health.memory.DefaultMemoryManager] 1635715891 physical memory requested, 1358553088 free
2026-05-17T01:13:08.112+0530 [DEBUG] [org.gradle.workers.internal.WorkerDaemonExpiration] Will attempt to release 1559 of memory
2026-05-17T01:13:08.112+0530 [DEBUG] [org.gradle.process.internal.health.memory.DefaultMemoryManager] 1635715891 physical memory requested, 0 released, 1358553088 free
2026-05-17T01:13:13.114+0530 [DEBUG] [org.gradle.process.internal.health.memory.DefaultMemoryManager] 1635715891 physical memory requested, 1310978048 free
2026-05-17T01:13:13.114+0530 [DEBUG] [org.gradle.workers.internal.WorkerDaemonExpiration] Will attempt to release 1559 of memory
2026-05-17T01:13:13.114+0530 [DEBUG] [org.gradle.process.internal.health.memory.DefaultMemoryManager] 1635715891 physical memory requested, 0 released, 1310978048 free
2026-05-17T01:13:17.249+0530 [DEBUG] [org.gradle.launcher.daemon.server.Daemon] Starting periodic daemon health check.
2026-05-17T01:13:17.251+0530 [DEBUG] [org.gradle.cache.internal.DefaultFileLockManager] Waiting to acquire shared lock on daemon addresses registry.
2026-05-17T01:13:17.251+0530 [DEBUG] [org.gradle.cache.internal.DefaultFileLockManager] Lock acquired on daemon addresses registry.
2026-05-17T01:13:17.252+0530 [DEBUG] [org.gradle.cache.internal.DefaultFileLockManager] Releasing lock on daemon addresses registry.
2026-05-17T01:13:17.253+0530 [DEBUG] [org.gradle.cache.internal.DefaultFileLockManager] Waiting to acquire shared lock on daemon addresses registry.
2026-05-17T01:13:17.253+0530 [DEBUG] [org.gradle.cache.internal.DefaultFileLockManager] Lock acquired on daemon addresses registry.
2026-05-17T01:13:17.254+0530 [DEBUG] [org.gradle.cache.internal.DefaultFileLockManager] Releasing lock on daemon addresses registry.
2026-05-17T01:13:17.254+0530 [DEBUG] [org.gradle.launcher.daemon.server.Daemon] Finished periodic daemon health check.
2026-05-17T01:13:18.122+0530 [DEBUG] [org.gradle.process.internal.health.memory.DefaultMemoryManager] 1635715891 physical memory requested, 1374330880 free
2026-05-17T01:13:18.123+0530 [DEBUG] [org.gradle.workers.internal.WorkerDaemonExpiration] Will attempt to release 1559 of memory
2026-05-17T01:13:18.123+0530 [DEBUG] [org.gradle.process.internal.health.memory.DefaultMemoryManager] 1635715891 physical memory requested, 0 released, 1374330880 free
2026-05-17T01:13:23.112+0530 [DEBUG] [org.gradle.process.internal.health.memory.DefaultMemoryManager] 1635715891 physical memory requested, 1264644096 free
2026-05-17T01:13:23.113+0530 [DEBUG] [org.gradle.workers.internal.WorkerDaemonExpiration] Will attempt to release 1559 of memory
2026-05-17T01:13:23.113+0530 [DEBUG] [org.gradle.process.internal.health.memory.DefaultMemoryManager] 1635715891 physical memory requested, 0 released, 1264644096 free
2026-05-17T01:13:27.239+0530 [DEBUG] [org.gradle.launcher.daemon.server.Daemon] Starting periodic daemon health check.
2026-05-17T01:13:27.241+0530 [DEBUG] [org.gradle.cache.internal.DefaultFileLockManager] Waiting to acquire shared lock on daemon addresses registry.
2026-05-17T01:13:27.241+0530 [DEBUG] [org.gradle.cache.internal.DefaultFileLockManager] Lock acquired on daemon addresses registry.
2026-05-17T01:13:27.241+0530 [DEBUG] [org.gradle.cache.internal.DefaultFileLockManager] Releasing lock on daemon addresses registry.
2026-05-17T01:13:27.243+0530 [DEBUG] [org.gradle.cache.internal.DefaultFileLockManager] Waiting to acquire shared lock on daemon addresses registry.
2026-05-17T01:13:27.243+0530 [DEBUG] [org.gradle.cache.internal.DefaultFileLockManager] Lock acquired on daemon addresses registry.
2026-05-17T01:13:27.244+0530 [DEBUG] [org.gradle.cache.internal.DefaultFileLockManager] Releasing lock on daemon addresses registry.
2026-05-17T01:13:27.244+0530 [DEBUG] [org.gradle.launcher.daemon.server.Daemon] Finished periodic daemon health check.
2026-05-17T01:13:28.114+0530 [DEBUG] [org.gradle.process.internal.health.memory.DefaultMemoryManager] 1635715891 physical memory requested, 1279377408 free
2026-05-17T01:13:28.114+0530 [DEBUG] [org.gradle.workers.internal.WorkerDaemonExpiration] Will attempt to release 1559 of memory
2026-05-17T01:13:28.114+0530 [DEBUG] [org.gradle.process.internal.health.memory.DefaultMemoryManager] 1635715891 physical memory requested, 0 released, 1279377408 free
2026-05-17T01:13:33.115+0530 [DEBUG] [org.gradle.process.internal.health.memory.DefaultMemoryManager] 1635715891 physical memory requested, 1375281152 free
2026-05-17T01:13:33.115+0530 [DEBUG] [org.gradle.workers.internal.WorkerDaemonExpiration] Will attempt to release 1559 of memory
2026-05-17T01:13:33.115+0530 [DEBUG] [org.gradle.process.internal.health.memory.DefaultMemoryManager] 1635715891 physical memory requested, 0 released, 1375281152 free
2026-05-17T01:13:37.241+0530 [DEBUG] [org.gradle.launcher.daemon.server.Daemon] Starting periodic daemon health check.
2026-05-17T01:13:37.244+0530 [DEBUG] [org.gradle.cache.internal.DefaultFileLockManager] Waiting to acquire shared lock on daemon addresses registry.
2026-05-17T01:13:37.244+0530 [DEBUG] [org.gradle.cache.internal.DefaultFileLockManager] Lock acquired on daemon addresses registry.
2026-05-17T01:13:37.245+0530 [DEBUG] [org.gradle.cache.internal.DefaultFileLockManager] Releasing lock on daemon addresses registry.
2026-05-17T01:13:37.247+0530 [DEBUG] [org.gradle.cache.internal.DefaultFileLockManager] Waiting to acquire shared lock on daemon addresses registry.
2026-05-17T01:13:37.248+0530 [DEBUG] [org.gradle.cache.internal.DefaultFileLockManager] Lock acquired on daemon addresses registry.
2026-05-17T01:13:37.248+0530 [DEBUG] [org.gradle.cache.internal.DefaultFileLockManager] Releasing lock on daemon addresses registry.
2026-05-17T01:13:37.248+0530 [DEBUG] [org.gradle.launcher.daemon.server.Daemon] Finished periodic daemon health check.
2026-05-17T01:13:38.115+0530 [DEBUG] [org.gradle.process.internal.health.memory.DefaultMemoryManager] 1635715891 physical memory requested, 1555636224 free
2026-05-17T01:13:38.115+0530 [DEBUG] [org.gradle.workers.internal.WorkerDaemonExpiration] Will attempt to release 1559 of memory
2026-05-17T01:13:38.115+0530 [DEBUG] [org.gradle.process.internal.health.memory.DefaultMemoryManager] 1635715891 physical memory requested, 0 released, 1555636224 free
2026-05-17T01:13:43.121+0530 [DEBUG] [org.gradle.process.internal.health.memory.DefaultMemoryManager] 1635715891 physical memory requested, 1425072128 free
2026-05-17T01:13:43.121+0530 [DEBUG] [org.gradle.workers.internal.WorkerDaemonExpiration] Will attempt to release 1559 of memory
2026-05-17T01:13:43.121+0530 [DEBUG] [org.gradle.process.internal.health.memory.DefaultMemoryManager] 1635715891 physical memory requested, 0 released, 1425072128 free
2026-05-17T01:13:47.241+0530 [DEBUG] [org.gradle.launcher.daemon.server.Daemon] Starting periodic daemon health check.
2026-05-17T01:13:47.243+0530 [DEBUG] [org.gradle.cache.internal.DefaultFileLockManager] Waiting to acquire shared lock on daemon addresses registry.
2026-05-17T01:13:47.243+0530 [DEBUG] [org.gradle.cache.internal.DefaultFileLockManager] Lock acquired on daemon addresses registry.
2026-05-17T01:13:47.243+0530 [DEBUG] [org.gradle.cache.internal.DefaultFileLockManager] Releasing lock on daemon addresses registry.
2026-05-17T01:13:47.245+0530 [DEBUG] [org.gradle.cache.internal.DefaultFileLockManager] Waiting to acquire shared lock on daemon addresses registry.
2026-05-17T01:13:47.246+0530 [DEBUG] [org.gradle.cache.internal.DefaultFileLockManager] Lock acquired on daemon addresses registry.
2026-05-17T01:13:47.246+0530 [DEBUG] [org.gradle.cache.internal.DefaultFileLockManager] Releasing lock on daemon addresses registry.
2026-05-17T01:13:47.246+0530 [DEBUG] [org.gradle.launcher.daemon.server.Daemon] Finished periodic daemon health check.
2026-05-17T01:13:48.114+0530 [DEBUG] [org.gradle.process.internal.health.memory.DefaultMemoryManager] 1635715891 physical memory requested, 1400397824 free
2026-05-17T01:13:48.114+0530 [DEBUG] [org.gradle.workers.internal.WorkerDaemonExpiration] Will attempt to release 1559 of memory
2026-05-17T01:13:48.115+0530 [DEBUG] [org.gradle.process.internal.health.memory.DefaultMemoryManager] 1635715891 physical memory requested, 0 released, 1400397824 free
2026-05-17T01:13:53.113+0530 [DEBUG] [org.gradle.process.internal.health.memory.DefaultMemoryManager] 1635715891 physical memory requested, 1273020416 free
2026-05-17T01:13:53.113+0530 [DEBUG] [org.gradle.workers.internal.WorkerDaemonExpiration] Will attempt to release 1559 of memory
2026-05-17T01:13:53.113+0530 [DEBUG] [org.gradle.process.internal.health.memory.DefaultMemoryManager] 1635715891 physical memory requested, 0 released, 1273020416 free
2026-05-17T01:13:57.249+0530 [DEBUG] [org.gradle.launcher.daemon.server.Daemon] Starting periodic daemon health check.
2026-05-17T01:13:57.251+0530 [DEBUG] [org.gradle.cache.internal.DefaultFileLockManager] Waiting to acquire shared lock on daemon addresses registry.
2026-05-17T01:13:57.251+0530 [DEBUG] [org.gradle.cache.internal.DefaultFileLockManager] Lock acquired on daemon addresses registry.
2026-05-17T01:13:57.252+0530 [DEBUG] [org.gradle.cache.internal.DefaultFileLockManager] Releasing lock on daemon addresses registry.
2026-05-17T01:13:57.253+0530 [DEBUG] [org.gradle.cache.internal.DefaultFileLockManager] Waiting to acquire shared lock on daemon addresses registry.
2026-05-17T01:13:57.253+0530 [DEBUG] [org.gradle.cache.internal.DefaultFileLockManager] Lock acquired on daemon addresses registry.
2026-05-17T01:13:57.254+0530 [DEBUG] [org.gradle.cache.internal.DefaultFileLockManager] Releasing lock on daemon addresses registry.
2026-05-17T01:13:57.254+0530 [DEBUG] [org.gradle.launcher.daemon.server.Daemon] Finished periodic daemon health check.
2026-05-17T01:13:58.123+0530 [DEBUG] [org.gradle.process.internal.health.memory.DefaultMemoryManager] 1635715891 physical memory requested, 1278263296 free
2026-05-17T01:13:58.123+0530 [DEBUG] [org.gradle.workers.internal.WorkerDaemonExpiration] Will attempt to release 1559 of memory
2026-05-17T01:13:58.123+0530 [DEBUG] [org.gradle.process.internal.health.memory.DefaultMemoryManager] 1635715891 physical memory requested, 0 released, 1278263296 free
2026-05-17T01:14:03.112+0530 [DEBUG] [org.gradle.process.internal.health.memory.DefaultMemoryManager] 1635715891 physical memory requested, 1290588160 free
2026-05-17T01:14:03.112+0530 [DEBUG] [org.gradle.workers.internal.WorkerDaemonExpiration] Will attempt to release 1559 of memory
2026-05-17T01:14:03.112+0530 [DEBUG] [org.gradle.process.internal.health.memory.DefaultMemoryManager] 1635715891 physical memory requested, 0 released, 1290588160 free
2026-05-17T01:14:07.237+0530 [DEBUG] [org.gradle.launcher.daemon.server.Daemon] Starting periodic daemon health check.
2026-05-17T01:14:07.239+0530 [DEBUG] [org.gradle.cache.internal.DefaultFileLockManager] Waiting to acquire shared lock on daemon addresses registry.
2026-05-17T01:14:07.240+0530 [DEBUG] [org.gradle.cache.internal.DefaultFileLockManager] Lock acquired on daemon addresses registry.
2026-05-17T01:14:07.240+0530 [DEBUG] [org.gradle.cache.internal.DefaultFileLockManager] Releasing lock on daemon addresses registry.
2026-05-17T01:14:07.241+0530 [DEBUG] [org.gradle.cache.internal.DefaultFileLockManager] Waiting to acquire shared lock on daemon addresses registry.
2026-05-17T01:14:07.242+0530 [DEBUG] [org.gradle.cache.internal.DefaultFileLockManager] Lock acquired on daemon addresses registry.
2026-05-17T01:14:07.242+0530 [DEBUG] [org.gradle.cache.internal.DefaultFileLockManager] Releasing lock on daemon addresses registry.
2026-05-17T01:14:07.242+0530 [DEBUG] [org.gradle.launcher.daemon.server.Daemon] Finished periodic daemon health check.
2026-05-17T01:14:08.110+0530 [DEBUG] [org.gradle.process.internal.health.memory.DefaultMemoryManager] 1635715891 physical memory requested, 1431314432 free
2026-05-17T01:14:08.110+0530 [DEBUG] [org.gradle.workers.internal.WorkerDaemonExpiration] Will attempt to release 1559 of memory
2026-05-17T01:14:08.110+0530 [DEBUG] [org.gradle.process.internal.health.memory.DefaultMemoryManager] 1635715891 physical memory requested, 0 released, 1431314432 free
2026-05-17T01:14:13.120+0530 [DEBUG] [org.gradle.process.internal.health.memory.DefaultMemoryManager] 1635715891 physical memory requested, 1300054016 free
2026-05-17T01:14:13.120+0530 [DEBUG] [org.gradle.workers.internal.WorkerDaemonExpiration] Will attempt to release 1559 of memory
2026-05-17T01:14:13.120+0530 [DEBUG] [org.gradle.process.internal.health.memory.DefaultMemoryManager] 1635715891 physical memory requested, 0 released, 1300054016 free
2026-05-17T01:14:17.243+0530 [DEBUG] [org.gradle.launcher.daemon.server.Daemon] Starting periodic daemon health check.
2026-05-17T01:14:17.245+0530 [DEBUG] [org.gradle.cache.internal.DefaultFileLockManager] Waiting to acquire shared lock on daemon addresses registry.
2026-05-17T01:14:17.246+0530 [DEBUG] [org.gradle.cache.internal.DefaultFileLockManager] Lock acquired on daemon addresses registry.
2026-05-17T01:14:17.246+0530 [DEBUG] [org.gradle.cache.internal.DefaultFileLockManager] Releasing lock on daemon addresses registry.
2026-05-17T01:14:17.248+0530 [DEBUG] [org.gradle.cache.internal.DefaultFileLockManager] Waiting to acquire shared lock on daemon addresses registry.
2026-05-17T01:14:17.248+0530 [DEBUG] [org.gradle.cache.internal.DefaultFileLockManager] Lock acquired on daemon addresses registry.
2026-05-17T01:14:17.249+0530 [DEBUG] [org.gradle.cache.internal.DefaultFileLockManager] Releasing lock on daemon addresses registry.
2026-05-17T01:14:17.249+0530 [DEBUG] [org.gradle.launcher.daemon.server.Daemon] Finished periodic daemon health check.
2026-05-17T01:14:18.122+0530 [DEBUG] [org.gradle.process.internal.health.memory.DefaultMemoryManager] 1635715891 physical memory requested, 1316491264 free
2026-05-17T01:14:18.122+0530 [DEBUG] [org.gradle.workers.internal.WorkerDaemonExpiration] Will attempt to release 1559 of memory
2026-05-17T01:14:18.122+0530 [DEBUG] [org.gradle.process.internal.health.memory.DefaultMemoryManager] 1635715891 physical memory requested, 0 released, 1316491264 free
2026-05-17T01:14:23.120+0530 [DEBUG] [org.gradle.process.internal.health.memory.DefaultMemoryManager] 1635715891 physical memory requested, 1334267904 free
2026-05-17T01:14:23.120+0530 [DEBUG] [org.gradle.workers.internal.WorkerDaemonExpiration] Will attempt to release 1559 of memory
2026-05-17T01:14:23.121+0530 [DEBUG] [org.gradle.process.internal.health.memory.DefaultMemoryManager] 1635715891 physical memory requested, 0 released, 1334267904 free
2026-05-17T01:14:27.242+0530 [DEBUG] [org.gradle.launcher.daemon.server.Daemon] Starting periodic daemon health check.
2026-05-17T01:14:27.246+0530 [DEBUG] [org.gradle.cache.internal.DefaultFileLockManager] Waiting to acquire shared lock on daemon addresses registry.
2026-05-17T01:14:27.247+0530 [DEBUG] [org.gradle.cache.internal.DefaultFileLockManager] Lock acquired on daemon addresses registry.
2026-05-17T01:14:27.247+0530 [DEBUG] [org.gradle.cache.internal.DefaultFileLockManager] Releasing lock on daemon addresses registry.
2026-05-17T01:14:27.249+0530 [DEBUG] [org.gradle.cache.internal.DefaultFileLockManager] Waiting to acquire shared lock on daemon addresses registry.
2026-05-17T01:14:27.249+0530 [DEBUG] [org.gradle.cache.internal.DefaultFileLockManager] Lock acquired on daemon addresses registry.
2026-05-17T01:14:27.249+0530 [DEBUG] [org.gradle.cache.internal.DefaultFileLockManager] Releasing lock on daemon addresses registry.
2026-05-17T01:14:27.250+0530 [DEBUG] [org.gradle.launcher.daemon.server.Daemon] Finished periodic daemon health check.
2026-05-17T01:14:28.114+0530 [DEBUG] [org.gradle.process.internal.health.memory.DefaultMemoryManager] 1635715891 physical memory requested, 1325760512 free
2026-05-17T01:14:28.114+0530 [DEBUG] [org.gradle.workers.internal.WorkerDaemonExpiration] Will attempt to release 1559 of memory
2026-05-17T01:14:28.114+0530 [DEBUG] [org.gradle.process.internal.health.memory.DefaultMemoryManager] 1635715891 physical memory requested, 0 released, 1325760512 free
2026-05-17T01:14:33.117+0530 [DEBUG] [org.gradle.process.internal.health.memory.DefaultMemoryManager] 1635715891 physical memory requested, 1382445056 free
2026-05-17T01:14:33.117+0530 [DEBUG] [org.gradle.workers.internal.WorkerDaemonExpiration] Will attempt to release 1559 of memory
2026-05-17T01:14:33.117+0530 [DEBUG] [org.gradle.process.internal.health.memory.DefaultMemoryManager] 1635715891 physical memory requested, 0 released, 1382445056 free
2026-05-17T01:14:37.246+0530 [DEBUG] [org.gradle.launcher.daemon.server.Daemon] Starting periodic daemon health check.
2026-05-17T01:14:37.248+0530 [DEBUG] [org.gradle.cache.internal.DefaultFileLockManager] Waiting to acquire shared lock on daemon addresses registry.
2026-05-17T01:14:37.248+0530 [DEBUG] [org.gradle.cache.internal.DefaultFileLockManager] Lock acquired on daemon addresses registry.
2026-05-17T01:14:37.248+0530 [DEBUG] [org.gradle.cache.internal.DefaultFileLockManager] Releasing lock on daemon addresses registry.
2026-05-17T01:14:37.250+0530 [DEBUG] [org.gradle.cache.internal.DefaultFileLockManager] Waiting to acquire shared lock on daemon addresses registry.
2026-05-17T01:14:37.250+0530 [DEBUG] [org.gradle.cache.internal.DefaultFileLockManager] Lock acquired on daemon addresses registry.
2026-05-17T01:14:37.250+0530 [DEBUG] [org.gradle.cache.internal.DefaultFileLockManager] Releasing lock on daemon addresses registry.
2026-05-17T01:14:37.250+0530 [DEBUG] [org.gradle.launcher.daemon.server.Daemon] Finished periodic daemon health check.
2026-05-17T01:14:38.123+0530 [DEBUG] [org.gradle.process.internal.health.memory.DefaultMemoryManager] 1635715891 physical memory requested, 1360478208 free
2026-05-17T01:14:38.123+0530 [DEBUG] [org.gradle.workers.internal.WorkerDaemonExpiration] Will attempt to release 1559 of memory
2026-05-17T01:14:38.123+0530 [DEBUG] [org.gradle.process.internal.health.memory.DefaultMemoryManager] 1635715891 physical memory requested, 0 released, 1360478208 free
2026-05-17T01:14:43.110+0530 [DEBUG] [org.gradle.process.internal.health.memory.DefaultMemoryManager] 1635715891 physical memory requested, 1406771200 free
2026-05-17T01:14:43.111+0530 [DEBUG] [org.gradle.workers.internal.WorkerDaemonExpiration] Will attempt to release 1559 of memory
2026-05-17T01:14:43.111+0530 [DEBUG] [org.gradle.process.internal.health.memory.DefaultMemoryManager] 1635715891 physical memory requested, 0 released, 1406771200 free
2026-05-17T01:14:47.245+0530 [DEBUG] [org.gradle.launcher.daemon.server.Daemon] Starting periodic daemon health check.
2026-05-17T01:14:47.247+0530 [DEBUG] [org.gradle.cache.internal.DefaultFileLockManager] Waiting to acquire shared lock on daemon addresses registry.
2026-05-17T01:14:47.248+0530 [DEBUG] [org.gradle.cache.internal.DefaultFileLockManager] Lock acquired on daemon addresses registry.
2026-05-17T01:14:47.248+0530 [DEBUG] [org.gradle.cache.internal.DefaultFileLockManager] Releasing lock on daemon addresses registry.
2026-05-17T01:14:47.249+0530 [DEBUG] [org.gradle.cache.internal.DefaultFileLockManager] Waiting to acquire shared lock on daemon addresses registry.
2026-05-17T01:14:47.249+0530 [DEBUG] [org.gradle.cache.internal.DefaultFileLockManager] Lock acquired on daemon addresses registry.
2026-05-17T01:14:47.250+0530 [DEBUG] [org.gradle.cache.internal.DefaultFileLockManager] Releasing lock on daemon addresses registry.
2026-05-17T01:14:47.250+0530 [DEBUG] [org.gradle.launcher.daemon.server.Daemon] Finished periodic daemon health check.
2026-05-17T01:14:48.121+0530 [DEBUG] [org.gradle.process.internal.health.memory.DefaultMemoryManager] 1635715891 physical memory requested, 1417699328 free
2026-05-17T01:14:48.121+0530 [DEBUG] [org.gradle.workers.internal.WorkerDaemonExpiration] Will attempt to release 1559 of memory
2026-05-17T01:14:48.121+0530 [DEBUG] [org.gradle.process.internal.health.memory.DefaultMemoryManager] 1635715891 physical memory requested, 0 released, 1417699328 free
2026-05-17T01:14:53.123+0530 [DEBUG] [org.gradle.process.internal.health.memory.DefaultMemoryManager] 1635715891 physical memory requested, 1480667136 free
2026-05-17T01:14:53.123+0530 [DEBUG] [org.gradle.workers.internal.WorkerDaemonExpiration] Will attempt to release 1559 of memory
2026-05-17T01:14:53.123+0530 [DEBUG] [org.gradle.process.internal.health.memory.DefaultMemoryManager] 1635715891 physical memory requested, 0 released, 1480667136 free
2026-05-17T01:14:57.242+0530 [DEBUG] [org.gradle.launcher.daemon.server.Daemon] Starting periodic daemon health check.
2026-05-17T01:14:57.244+0530 [DEBUG] [org.gradle.cache.internal.DefaultFileLockManager] Waiting to acquire shared lock on daemon addresses registry.
2026-05-17T01:14:57.244+0530 [DEBUG] [org.gradle.cache.internal.DefaultFileLockManager] Lock acquired on daemon addresses registry.
2026-05-17T01:14:57.245+0530 [DEBUG] [org.gradle.cache.internal.DefaultFileLockManager] Releasing lock on daemon addresses registry.
2026-05-17T01:14:57.246+0530 [DEBUG] [org.gradle.cache.internal.DefaultFileLockManager] Waiting to acquire shared lock on daemon addresses registry.
2026-05-17T01:14:57.246+0530 [DEBUG] [org.gradle.cache.internal.DefaultFileLockManager] Lock acquired on daemon addresses registry.
2026-05-17T01:14:57.247+0530 [DEBUG] [org.gradle.cache.internal.DefaultFileLockManager] Releasing lock on daemon addresses registry.
2026-05-17T01:14:57.247+0530 [DEBUG] [org.gradle.launcher.daemon.server.Daemon] Finished periodic daemon health check.
2026-05-17T01:14:58.118+0530 [DEBUG] [org.gradle.process.internal.health.memory.DefaultMemoryManager] 1635715891 physical memory requested, 1413115904 free
2026-05-17T01:14:58.118+0530 [DEBUG] [org.gradle.workers.internal.WorkerDaemonExpiration] Will attempt to release 1559 of memory
2026-05-17T01:14:58.118+0530 [DEBUG] [org.gradle.process.internal.health.memory.DefaultMemoryManager] 1635715891 physical memory requested, 0 released, 1413115904 free
2026-05-17T01:15:03.113+0530 [DEBUG] [org.gradle.process.internal.health.memory.DefaultMemoryManager] 1635715891 physical memory requested, 1431633920 free
2026-05-17T01:15:03.113+0530 [DEBUG] [org.gradle.workers.internal.WorkerDaemonExpiration] Will attempt to release 1559 of memory
2026-05-17T01:15:03.113+0530 [DEBUG] [org.gradle.process.internal.health.memory.DefaultMemoryManager] 1635715891 physical memory requested, 0 released, 1431633920 free
2026-05-17T01:15:07.249+0530 [DEBUG] [org.gradle.launcher.daemon.server.Daemon] Starting periodic daemon health check.
2026-05-17T01:15:07.251+0530 [DEBUG] [org.gradle.cache.internal.DefaultFileLockManager] Waiting to acquire shared lock on daemon addresses registry.
2026-05-17T01:15:07.251+0530 [DEBUG] [org.gradle.cache.internal.DefaultFileLockManager] Lock acquired on daemon addresses registry.
2026-05-17T01:15:07.252+0530 [DEBUG] [org.gradle.cache.internal.DefaultFileLockManager] Releasing lock on daemon addresses registry.
2026-05-17T01:15:07.253+0530 [DEBUG] [org.gradle.cache.internal.DefaultFileLockManager] Waiting to acquire shared lock on daemon addresses registry.
2026-05-17T01:15:07.253+0530 [DEBUG] [org.gradle.cache.internal.DefaultFileLockManager] Lock acquired on daemon addresses registry.
2026-05-17T01:15:07.271+0530 [DEBUG] [org.gradle.cache.internal.DefaultFileLockManager] Releasing lock on daemon addresses registry.
2026-05-17T01:15:07.271+0530 [DEBUG] [org.gradle.launcher.daemon.server.Daemon] Finished periodic daemon health check.
2026-05-17T01:15:08.113+0530 [DEBUG] [org.gradle.process.internal.health.memory.DefaultMemoryManager] 1635715891 physical memory requested, 1423872000 free
2026-05-17T01:15:08.114+0530 [DEBUG] [org.gradle.workers.internal.WorkerDaemonExpiration] Will attempt to release 1559 of memory
2026-05-17T01:15:08.114+0530 [DEBUG] [org.gradle.process.internal.health.memory.DefaultMemoryManager] 1635715891 physical memory requested, 0 released, 1423872000 free
2026-05-17T01:15:13.115+0530 [DEBUG] [org.gradle.process.internal.health.memory.DefaultMemoryManager] 1635715891 physical memory requested, 1325400064 free
2026-05-17T01:15:13.115+0530 [DEBUG] [org.gradle.workers.internal.WorkerDaemonExpiration] Will attempt to release 1559 of memory
2026-05-17T01:15:13.115+0530 [DEBUG] [org.gradle.process.internal.health.memory.DefaultMemoryManager] 1635715891 physical memory requested, 0 released, 1325400064 free
2026-05-17T01:15:17.247+0530 [DEBUG] [org.gradle.launcher.daemon.server.Daemon] Starting periodic daemon health check.
2026-05-17T01:15:17.249+0530 [DEBUG] [org.gradle.cache.internal.DefaultFileLockManager] Waiting to acquire shared lock on daemon addresses registry.
2026-05-17T01:15:17.249+0530 [DEBUG] [org.gradle.cache.internal.DefaultFileLockManager] Lock acquired on daemon addresses registry.
2026-05-17T01:15:17.249+0530 [DEBUG] [org.gradle.cache.internal.DefaultFileLockManager] Releasing lock on daemon addresses registry.
2026-05-17T01:15:17.251+0530 [DEBUG] [org.gradle.cache.internal.DefaultFileLockManager] Waiting to acquire shared lock on daemon addresses registry.
2026-05-17T01:15:17.251+0530 [DEBUG] [org.gradle.cache.internal.DefaultFileLockManager] Lock acquired on daemon addresses registry.
2026-05-17T01:15:17.251+0530 [DEBUG] [org.gradle.cache.internal.DefaultFileLockManager] Releasing lock on daemon addresses registry.
2026-05-17T01:15:17.252+0530 [DEBUG] [org.gradle.launcher.daemon.server.Daemon] Finished periodic daemon health check.
2026-05-17T01:15:18.123+0530 [DEBUG] [org.gradle.process.internal.health.memory.DefaultMemoryManager] 1635715891 physical memory requested, 1257394176 free
2026-05-17T01:15:18.123+0530 [DEBUG] [org.gradle.workers.internal.WorkerDaemonExpiration] Will attempt to release 1559 of memory
2026-05-17T01:15:18.123+0530 [DEBUG] [org.gradle.process.internal.health.memory.DefaultMemoryManager] 1635715891 physical memory requested, 0 released, 1257394176 free
2026-05-17T01:15:23.118+0530 [DEBUG] [org.gradle.process.internal.health.memory.DefaultMemoryManager] 1635715891 physical memory requested, 1231204352 free
2026-05-17T01:15:23.118+0530 [DEBUG] [org.gradle.workers.internal.WorkerDaemonExpiration] Will attempt to release 1559 of memory
2026-05-17T01:15:23.118+0530 [DEBUG] [org.gradle.process.internal.health.memory.DefaultMemoryManager] 1635715891 physical memory requested, 0 released, 1231204352 free
2026-05-17T01:15:27.238+0530 [DEBUG] [org.gradle.launcher.daemon.server.Daemon] Starting periodic daemon health check.
2026-05-17T01:15:27.239+0530 [DEBUG] [org.gradle.cache.internal.DefaultFileLockManager] Waiting to acquire shared lock on daemon addresses registry.
2026-05-17T01:15:27.239+0530 [DEBUG] [org.gradle.cache.internal.DefaultFileLockManager] Lock acquired on daemon addresses registry.
2026-05-17T01:15:27.240+0530 [DEBUG] [org.gradle.cache.internal.DefaultFileLockManager] Releasing lock on daemon addresses registry.
2026-05-17T01:15:27.241+0530 [DEBUG] [org.gradle.cache.internal.DefaultFileLockManager] Waiting to acquire shared lock on daemon addresses registry.
2026-05-17T01:15:27.241+0530 [DEBUG] [org.gradle.cache.internal.DefaultFileLockManager] Lock acquired on daemon addresses registry.
2026-05-17T01:15:27.241+0530 [DEBUG] [org.gradle.cache.internal.DefaultFileLockManager] Releasing lock on daemon addresses registry.
2026-05-17T01:15:27.242+0530 [DEBUG] [org.gradle.launcher.daemon.server.Daemon] Finished periodic daemon health check.
2026-05-17T01:15:28.112+0530 [DEBUG] [org.gradle.process.internal.health.memory.DefaultMemoryManager] 1635715891 physical memory requested, 1241280512 free
2026-05-17T01:15:28.113+0530 [DEBUG] [org.gradle.workers.internal.WorkerDaemonExpiration] Will attempt to release 1559 of memory
2026-05-17T01:15:28.113+0530 [DEBUG] [org.gradle.process.internal.health.memory.DefaultMemoryManager] 1635715891 physical memory requested, 0 released, 1241280512 free
2026-05-17T01:15:33.124+0530 [DEBUG] [org.gradle.process.internal.health.memory.DefaultMemoryManager] 1635715891 physical memory requested, 1264324608 free
2026-05-17T01:15:33.124+0530 [DEBUG] [org.gradle.workers.internal.WorkerDaemonExpiration] Will attempt to release 1559 of memory
2026-05-17T01:15:33.124+0530 [DEBUG] [org.gradle.process.internal.health.memory.DefaultMemoryManager] 1635715891 physical memory requested, 0 released, 1264324608 free
2026-05-17T01:15:37.237+0530 [DEBUG] [org.gradle.launcher.daemon.server.Daemon] Starting periodic daemon health check.
2026-05-17T01:15:37.239+0530 [DEBUG] [org.gradle.cache.internal.DefaultFileLockManager] Waiting to acquire shared lock on daemon addresses registry.
2026-05-17T01:15:37.239+0530 [DEBUG] [org.gradle.cache.internal.DefaultFileLockManager] Lock acquired on daemon addresses registry.
2026-05-17T01:15:37.240+0530 [DEBUG] [org.gradle.cache.internal.DefaultFileLockManager] Releasing lock on daemon addresses registry.
2026-05-17T01:15:37.242+0530 [DEBUG] [org.gradle.cache.internal.DefaultFileLockManager] Waiting to acquire shared lock on daemon addresses registry.
2026-05-17T01:15:37.242+0530 [DEBUG] [org.gradle.cache.internal.DefaultFileLockManager] Lock acquired on daemon addresses registry.
2026-05-17T01:15:37.243+0530 [DEBUG] [org.gradle.cache.internal.DefaultFileLockManager] Releasing lock on daemon addresses registry.
2026-05-17T01:15:37.243+0530 [DEBUG] [org.gradle.launcher.daemon.server.Daemon] Finished periodic daemon health check.
2026-05-17T01:15:38.115+0530 [DEBUG] [org.gradle.process.internal.health.memory.DefaultMemoryManager] 1635715891 physical memory requested, 1262743552 free
2026-05-17T01:15:38.116+0530 [DEBUG] [org.gradle.workers.internal.WorkerDaemonExpiration] Will attempt to release 1559 of memory
2026-05-17T01:15:38.116+0530 [DEBUG] [org.gradle.process.internal.health.memory.DefaultMemoryManager] 1635715891 physical memory requested, 0 released, 1262743552 free
2026-05-17T01:15:43.123+0530 [DEBUG] [org.gradle.process.internal.health.memory.DefaultMemoryManager] 1635715891 physical memory requested, 1239138304 free
2026-05-17T01:15:43.123+0530 [DEBUG] [org.gradle.workers.internal.WorkerDaemonExpiration] Will attempt to release 1559 of memory
2026-05-17T01:15:43.123+0530 [DEBUG] [org.gradle.process.internal.health.memory.DefaultMemoryManager] 1635715891 physical memory requested, 0 released, 1239138304 free
2026-05-17T01:15:47.252+0530 [DEBUG] [org.gradle.launcher.daemon.server.Daemon] Starting periodic daemon health check.
2026-05-17T01:15:47.254+0530 [DEBUG] [org.gradle.cache.internal.DefaultFileLockManager] Waiting to acquire shared lock on daemon addresses registry.
2026-05-17T01:15:47.254+0530 [DEBUG] [org.gradle.cache.internal.DefaultFileLockManager] Lock acquired on daemon addresses registry.
2026-05-17T01:15:47.254+0530 [DEBUG] [org.gradle.cache.internal.DefaultFileLockManager] Releasing lock on daemon addresses registry.
2026-05-17T01:15:47.256+0530 [DEBUG] [org.gradle.cache.internal.DefaultFileLockManager] Waiting to acquire shared lock on daemon addresses registry.
2026-05-17T01:15:47.256+0530 [DEBUG] [org.gradle.cache.internal.DefaultFileLockManager] Lock acquired on daemon addresses registry.
2026-05-17T01:15:47.256+0530 [DEBUG] [org.gradle.cache.internal.DefaultFileLockManager] Releasing lock on daemon addresses registry.
2026-05-17T01:15:47.256+0530 [DEBUG] [org.gradle.launcher.daemon.server.Daemon] Finished periodic daemon health check.
2026-05-17T01:15:48.111+0530 [DEBUG] [org.gradle.process.internal.health.memory.DefaultMemoryManager] 1635715891 physical memory requested, 1266417664 free
2026-05-17T01:15:48.111+0530 [DEBUG] [org.gradle.workers.internal.WorkerDaemonExpiration] Will attempt to release 1559 of memory
2026-05-17T01:15:48.111+0530 [DEBUG] [org.gradle.process.internal.health.memory.DefaultMemoryManager] 1635715891 physical memory requested, 0 released, 1266417664 free
2026-05-17T01:15:53.118+0530 [DEBUG] [org.gradle.process.internal.health.memory.DefaultMemoryManager] 1635715891 physical memory requested, 1349771264 free
2026-05-17T01:15:53.118+0530 [DEBUG] [org.gradle.workers.internal.WorkerDaemonExpiration] Will attempt to release 1559 of memory
2026-05-17T01:15:53.118+0530 [DEBUG] [org.gradle.process.internal.health.memory.DefaultMemoryManager] 1635715891 physical memory requested, 0 released, 1349771264 free
2026-05-17T01:15:57.251+0530 [DEBUG] [org.gradle.launcher.daemon.server.Daemon] Starting periodic daemon health check.
2026-05-17T01:15:57.253+0530 [DEBUG] [org.gradle.cache.internal.DefaultFileLockManager] Waiting to acquire shared lock on daemon addresses registry.
2026-05-17T01:15:57.254+0530 [DEBUG] [org.gradle.cache.internal.DefaultFileLockManager] Lock acquired on daemon addresses registry.
2026-05-17T01:15:57.254+0530 [DEBUG] [org.gradle.cache.internal.DefaultFileLockManager] Releasing lock on daemon addresses registry.
2026-05-17T01:15:57.255+0530 [DEBUG] [org.gradle.cache.internal.DefaultFileLockManager] Waiting to acquire shared lock on daemon addresses registry.
2026-05-17T01:15:57.255+0530 [DEBUG] [org.gradle.cache.internal.DefaultFileLockManager] Lock acquired on daemon addresses registry.
2026-05-17T01:15:57.256+0530 [DEBUG] [org.gradle.cache.internal.DefaultFileLockManager] Releasing lock on daemon addresses registry.
2026-05-17T01:15:57.256+0530 [DEBUG] [org.gradle.launcher.daemon.server.Daemon] Finished periodic daemon health check.
2026-05-17T01:15:58.124+0530 [DEBUG] [org.gradle.process.internal.health.memory.DefaultMemoryManager] 1635715891 physical memory requested, 1327693824 free
2026-05-17T01:15:58.124+0530 [DEBUG] [org.gradle.workers.internal.WorkerDaemonExpiration] Will attempt to release 1559 of memory
2026-05-17T01:15:58.124+0530 [DEBUG] [org.gradle.process.internal.health.memory.DefaultMemoryManager] 1635715891 physical memory requested, 0 released, 1327693824 free
2026-05-17T01:16:03.124+0530 [DEBUG] [org.gradle.process.internal.health.memory.DefaultMemoryManager] 1635715891 physical memory requested, 1303494656 free
2026-05-17T01:16:03.124+0530 [DEBUG] [org.gradle.workers.internal.WorkerDaemonExpiration] Will attempt to release 1559 of memory
2026-05-17T01:16:03.124+0530 [DEBUG] [org.gradle.process.internal.health.memory.DefaultMemoryManager] 1635715891 physical memory requested, 0 released, 1303494656 free
2026-05-17T01:16:07.240+0530 [DEBUG] [org.gradle.launcher.daemon.server.Daemon] Starting periodic daemon health check.
2026-05-17T01:16:07.242+0530 [DEBUG] [org.gradle.cache.internal.DefaultFileLockManager] Waiting to acquire shared lock on daemon addresses registry.
2026-05-17T01:16:07.242+0530 [DEBUG] [org.gradle.cache.internal.DefaultFileLockManager] Lock acquired on daemon addresses registry.
2026-05-17T01:16:07.243+0530 [DEBUG] [org.gradle.cache.internal.DefaultFileLockManager] Releasing lock on daemon addresses registry.
2026-05-17T01:16:07.244+0530 [DEBUG] [org.gradle.cache.internal.DefaultFileLockManager] Waiting to acquire shared lock on daemon addresses registry.
2026-05-17T01:16:07.244+0530 [DEBUG] [org.gradle.cache.internal.DefaultFileLockManager] Lock acquired on daemon addresses registry.
2026-05-17T01:16:07.245+0530 [DEBUG] [org.gradle.cache.internal.DefaultFileLockManager] Releasing lock on daemon addresses registry.
2026-05-17T01:16:07.245+0530 [DEBUG] [org.gradle.launcher.daemon.server.Daemon] Finished periodic daemon health check.
2026-05-17T01:16:08.112+0530 [DEBUG] [org.gradle.process.internal.health.memory.DefaultMemoryManager] 1635715891 physical memory requested, 1271857152 free
2026-05-17T01:16:08.112+0530 [DEBUG] [org.gradle.workers.internal.WorkerDaemonExpiration] Will attempt to release 1559 of memory
2026-05-17T01:16:08.112+0530 [DEBUG] [org.gradle.process.internal.health.memory.DefaultMemoryManager] 1635715891 physical memory requested, 0 released, 1271857152 free
2026-05-17T01:16:13.114+0530 [DEBUG] [org.gradle.process.internal.health.memory.DefaultMemoryManager] 1635715891 physical memory requested, 1250025472 free
2026-05-17T01:16:13.114+0530 [DEBUG] [org.gradle.workers.internal.WorkerDaemonExpiration] Will attempt to release 1559 of memory
2026-05-17T01:16:13.114+0530 [DEBUG] [org.gradle.process.internal.health.memory.DefaultMemoryManager] 1635715891 physical memory requested, 0 released, 1250025472 free
2026-05-17T01:16:17.240+0530 [DEBUG] [org.gradle.launcher.daemon.server.Daemon] Starting periodic daemon health check.
2026-05-17T01:16:17.242+0530 [DEBUG] [org.gradle.cache.internal.DefaultFileLockManager] Waiting to acquire shared lock on daemon addresses registry.
2026-05-17T01:16:17.242+0530 [DEBUG] [org.gradle.cache.internal.DefaultFileLockManager] Lock acquired on daemon addresses registry.
2026-05-17T01:16:17.243+0530 [DEBUG] [org.gradle.cache.internal.DefaultFileLockManager] Releasing lock on daemon addresses registry.
2026-05-17T01:16:17.244+0530 [DEBUG] [org.gradle.cache.internal.DefaultFileLockManager] Waiting to acquire shared lock on daemon addresses registry.
2026-05-17T01:16:17.244+0530 [DEBUG] [org.gradle.cache.internal.DefaultFileLockManager] Lock acquired on daemon addresses registry.
2026-05-17T01:16:17.245+0530 [DEBUG] [org.gradle.cache.internal.DefaultFileLockManager] Releasing lock on daemon addresses registry.
2026-05-17T01:16:17.245+0530 [DEBUG] [org.gradle.launcher.daemon.server.Daemon] Finished periodic daemon health check.
2026-05-17T01:16:18.114+0530 [DEBUG] [org.gradle.process.internal.health.memory.DefaultMemoryManager] 1635715891 physical memory requested, 1187577856 free
2026-05-17T01:16:18.114+0530 [DEBUG] [org.gradle.workers.internal.WorkerDaemonExpiration] Will attempt to release 1559 of memory
2026-05-17T01:16:18.114+0530 [DEBUG] [org.gradle.process.internal.health.memory.DefaultMemoryManager] 1635715891 physical memory requested, 0 released, 1187577856 free
2026-05-17T01:16:19.614+0530 [DEBUG] [sun.rmi.transport.tcp] RMI TCP Connection(5)-127.0.0.1: accepted socket from [127.0.0.1:62921]
2026-05-17T01:16:19.614+0530 [DEBUG] [sun.rmi.transport.tcp] RMI TCP Connection(5)-127.0.0.1: (port 51336) op = 80
2026-05-17T01:16:19.615+0530 [DEBUG] [sun.rmi.loader] RMI TCP Connection(5)-127.0.0.1: name = "[Ljava.rmi.server.ObjID;", codebase = "", defaultLoader = jdk.internal.loader.ClassLoaders$PlatformClassLoader@53242ab5
2026-05-17T01:16:19.615+0530 [DEBUG] [sun.rmi.loader] RMI TCP Connection(5)-127.0.0.1: name = "java.rmi.dgc.Lease", codebase = "", defaultLoader = jdk.internal.loader.ClassLoaders$PlatformClassLoader@53242ab5
2026-05-17T01:16:19.615+0530 [DEBUG] [sun.rmi.loader] RMI TCP Connection(5)-127.0.0.1: name = "java.rmi.dgc.VMID", codebase = "", defaultLoader = jdk.internal.loader.ClassLoaders$PlatformClassLoader@53242ab5
2026-05-17T01:16:19.615+0530 [DEBUG] [sun.rmi.loader] RMI TCP Connection(5)-127.0.0.1: name = "[B", codebase = "", defaultLoader = jdk.internal.loader.ClassLoaders$PlatformClassLoader@53242ab5
2026-05-17T01:16:19.615+0530 [DEBUG] [sun.rmi.loader] RMI TCP Connection(5)-127.0.0.1: name = "java.rmi.server.UID", codebase = "", defaultLoader = jdk.internal.loader.ClassLoaders$PlatformClassLoader@53242ab5
2026-05-17T01:16:23.124+0530 [DEBUG] [org.gradle.process.internal.health.memory.DefaultMemoryManager] 1635715891 physical memory requested, 1205895168 free
2026-05-17T01:16:23.124+0530 [DEBUG] [org.gradle.workers.internal.WorkerDaemonExpiration] Will attempt to release 1559 of memory
2026-05-17T01:16:23.124+0530 [DEBUG] [org.gradle.process.internal.health.memory.DefaultMemoryManager] 1635715891 physical memory requested, 0 released, 1205895168 free
2026-05-17T01:16:27.250+0530 [DEBUG] [org.gradle.launcher.daemon.server.Daemon] Starting periodic daemon health check.
2026-05-17T01:16:27.251+0530 [DEBUG] [org.gradle.cache.internal.DefaultFileLockManager] Waiting to acquire shared lock on daemon addresses registry.
2026-05-17T01:16:27.251+0530 [DEBUG] [org.gradle.cache.internal.DefaultFileLockManager] Lock acquired on daemon addresses registry.
2026-05-17T01:16:27.252+0530 [DEBUG] [org.gradle.cache.internal.DefaultFileLockManager] Releasing lock on daemon addresses registry.
2026-05-17T01:16:27.253+0530 [DEBUG] [org.gradle.cache.internal.DefaultFileLockManager] Waiting to acquire shared lock on daemon addresses registry.
2026-05-17T01:16:27.253+0530 [DEBUG] [org.gradle.cache.internal.DefaultFileLockManager] Lock acquired on daemon addresses registry.
2026-05-17T01:16:27.253+0530 [DEBUG] [org.gradle.cache.internal.DefaultFileLockManager] Releasing lock on daemon addresses registry.
2026-05-17T01:16:27.254+0530 [DEBUG] [org.gradle.launcher.daemon.server.Daemon] Finished periodic daemon health check.
2026-05-17T01:16:28.109+0530 [DEBUG] [org.gradle.process.internal.health.memory.DefaultMemoryManager] 1635715891 physical memory requested, 1175531520 free
2026-05-17T01:16:28.109+0530 [DEBUG] [org.gradle.workers.internal.WorkerDaemonExpiration] Will attempt to release 1559 of memory
2026-05-17T01:16:28.109+0530 [DEBUG] [org.gradle.process.internal.health.memory.DefaultMemoryManager] 1635715891 physical memory requested, 0 released, 1175531520 free
2026-05-17T01:16:33.112+0530 [DEBUG] [org.gradle.process.internal.health.memory.DefaultMemoryManager] 1635715891 physical memory requested, 1185501184 free
2026-05-17T01:16:33.112+0530 [DEBUG] [org.gradle.workers.internal.WorkerDaemonExpiration] Will attempt to release 1559 of memory
2026-05-17T01:16:33.112+0530 [DEBUG] [org.gradle.process.internal.health.memory.DefaultMemoryManager] 1635715891 physical memory requested, 0 released, 1185501184 free
2026-05-17T01:16:34.621+0530 [DEBUG] [sun.rmi.transport.tcp] RMI TCP Connection(5)-127.0.0.1: (port 51336) connection closed
2026-05-17T01:16:34.622+0530 [DEBUG] [sun.rmi.transport.tcp] RMI TCP Connection(5)-127.0.0.1: close connection, socket: Socket[addr=/127.0.0.1,port=62921,localport=51336]
2026-05-17T01:16:34.622+0530 [DEBUG] [sun.rmi.transport.tcp] RMI TCP Connection(5)-127.0.0.1: socket close: Socket[addr=/127.0.0.1,port=62921,localport=51336]
2026-05-17T01:16:37.242+0530 [DEBUG] [org.gradle.launcher.daemon.server.Daemon] Starting periodic daemon health check.
2026-05-17T01:16:37.245+0530 [DEBUG] [org.gradle.cache.internal.DefaultFileLockManager] Waiting to acquire shared lock on daemon addresses registry.
2026-05-17T01:16:37.245+0530 [DEBUG] [org.gradle.cache.internal.DefaultFileLockManager] Lock acquired on daemon addresses registry.
2026-05-17T01:16:37.245+0530 [DEBUG] [org.gradle.cache.internal.DefaultFileLockManager] Releasing lock on daemon addresses registry.
2026-05-17T01:16:37.246+0530 [DEBUG] [org.gradle.cache.internal.DefaultFileLockManager] Waiting to acquire shared lock on daemon addresses registry.
2026-05-17T01:16:37.246+0530 [DEBUG] [org.gradle.cache.internal.DefaultFileLockManager] Lock acquired on daemon addresses registry.
2026-05-17T01:16:37.247+0530 [DEBUG] [org.gradle.cache.internal.DefaultFileLockManager] Releasing lock on daemon addresses registry.
2026-05-17T01:16:37.247+0530 [DEBUG] [org.gradle.launcher.daemon.server.Daemon] Finished periodic daemon health check.
2026-05-17T01:16:38.117+0530 [DEBUG] [org.gradle.process.internal.health.memory.DefaultMemoryManager] 1635715891 physical memory requested, 1251909632 free
2026-05-17T01:16:38.117+0530 [DEBUG] [org.gradle.workers.internal.WorkerDaemonExpiration] Will attempt to release 1559 of memory
2026-05-17T01:16:38.117+0530 [DEBUG] [org.gradle.process.internal.health.memory.DefaultMemoryManager] 1635715891 physical memory requested, 0 released, 1251909632 free
2026-05-17T01:16:38.768+0530 [DEBUG] [sun.rmi.transport.tcp] RMI TCP Connection(6)-127.0.0.1: accepted socket from [127.0.0.1:50096]
2026-05-17T01:16:38.769+0530 [DEBUG] [sun.rmi.transport.tcp] RMI TCP Connection(6)-127.0.0.1: (port 51336) op = 80
2026-05-17T01:16:38.769+0530 [DEBUG] [sun.rmi.loader] RMI TCP Connection(6)-127.0.0.1: name = "[Ljava.rmi.server.ObjID;", codebase = "", defaultLoader = jdk.internal.loader.ClassLoaders$PlatformClassLoader@53242ab5
2026-05-17T01:16:38.769+0530 [DEBUG] [sun.rmi.loader] RMI TCP Connection(6)-127.0.0.1: name = "java.rmi.dgc.Lease", codebase = "", defaultLoader = jdk.internal.loader.ClassLoaders$PlatformClassLoader@53242ab5
2026-05-17T01:16:38.769+0530 [DEBUG] [sun.rmi.loader] RMI TCP Connection(6)-127.0.0.1: name = "java.rmi.dgc.VMID", codebase = "", defaultLoader = jdk.internal.loader.ClassLoaders$PlatformClassLoader@53242ab5
2026-05-17T01:16:38.770+0530 [DEBUG] [sun.rmi.loader] RMI TCP Connection(6)-127.0.0.1: name = "[B", codebase = "", defaultLoader = jdk.internal.loader.ClassLoaders$PlatformClassLoader@53242ab5
2026-05-17T01:16:38.770+0530 [DEBUG] [sun.rmi.loader] RMI TCP Connection(6)-127.0.0.1: name = "java.rmi.server.UID", codebase = "", defaultLoader = jdk.internal.loader.ClassLoaders$PlatformClassLoader@53242ab5
2026-05-17T01:16:43.121+0530 [DEBUG] [org.gradle.process.internal.health.memory.DefaultMemoryManager] 1635715891 physical memory requested, 1263943680 free
2026-05-17T01:16:43.122+0530 [DEBUG] [org.gradle.workers.internal.WorkerDaemonExpiration] Will attempt to release 1559 of memory
2026-05-17T01:16:43.122+0530 [DEBUG] [org.gradle.process.internal.health.memory.DefaultMemoryManager] 1635715891 physical memory requested, 0 released, 1263943680 free
2026-05-17T01:16:47.241+0530 [DEBUG] [org.gradle.launcher.daemon.server.Daemon] Starting periodic daemon health check.
2026-05-17T01:16:47.243+0530 [DEBUG] [org.gradle.cache.internal.DefaultFileLockManager] Waiting to acquire shared lock on daemon addresses registry.
2026-05-17T01:16:47.243+0530 [DEBUG] [org.gradle.cache.internal.DefaultFileLockManager] Lock acquired on daemon addresses registry.
2026-05-17T01:16:47.243+0530 [DEBUG] [org.gradle.cache.internal.DefaultFileLockManager] Releasing lock on daemon addresses registry.
2026-05-17T01:16:47.245+0530 [DEBUG] [org.gradle.cache.internal.DefaultFileLockManager] Waiting to acquire shared lock on daemon addresses registry.
2026-05-17T01:16:47.245+0530 [DEBUG] [org.gradle.cache.internal.DefaultFileLockManager] Lock acquired on daemon addresses registry.
2026-05-17T01:16:47.245+0530 [DEBUG] [org.gradle.cache.internal.DefaultFileLockManager] Releasing lock on daemon addresses registry.
2026-05-17T01:16:47.245+0530 [DEBUG] [org.gradle.launcher.daemon.server.Daemon] Finished periodic daemon health check.
2026-05-17T01:16:48.113+0530 [DEBUG] [org.gradle.process.internal.health.memory.DefaultMemoryManager] 1635715891 physical memory requested, 1248460800 free
2026-05-17T01:16:48.114+0530 [DEBUG] [org.gradle.workers.internal.WorkerDaemonExpiration] Will attempt to release 1559 of memory
2026-05-17T01:16:48.114+0530 [DEBUG] [org.gradle.process.internal.health.memory.DefaultMemoryManager] 1635715891 physical memory requested, 0 released, 1248460800 free
2026-05-17T01:16:53.117+0530 [DEBUG] [org.gradle.process.internal.health.memory.DefaultMemoryManager] 1635715891 physical memory requested, 408399872 free
2026-05-17T01:16:53.117+0530 [DEBUG] [org.gradle.workers.internal.WorkerDaemonExpiration] Will attempt to release 1559 of memory
2026-05-17T01:16:53.117+0530 [DEBUG] [org.gradle.process.internal.health.memory.DefaultMemoryManager] 1635715891 physical memory requested, 0 released, 408399872 free
2026-05-17T01:16:53.786+0530 [DEBUG] [sun.rmi.transport.tcp] RMI TCP Connection(6)-127.0.0.1: (port 51336) connection closed
2026-05-17T01:16:53.786+0530 [DEBUG] [sun.rmi.transport.tcp] RMI TCP Connection(6)-127.0.0.1: close connection, socket: Socket[addr=/127.0.0.1,port=50096,localport=51336]
2026-05-17T01:16:53.786+0530 [DEBUG] [sun.rmi.transport.tcp] RMI TCP Connection(6)-127.0.0.1: socket close: Socket[addr=/127.0.0.1,port=50096,localport=51336]
2026-05-17T01:16:57.240+0530 [DEBUG] [org.gradle.launcher.daemon.server.Daemon] Starting periodic daemon health check.
2026-05-17T01:16:57.242+0530 [DEBUG] [org.gradle.cache.internal.DefaultFileLockManager] Waiting to acquire shared lock on daemon addresses registry.
2026-05-17T01:16:57.242+0530 [DEBUG] [org.gradle.cache.internal.DefaultFileLockManager] Lock acquired on daemon addresses registry.
2026-05-17T01:16:57.243+0530 [DEBUG] [org.gradle.cache.internal.DefaultFileLockManager] Releasing lock on daemon addresses registry.
2026-05-17T01:16:57.245+0530 [DEBUG] [org.gradle.cache.internal.DefaultFileLockManager] Waiting to acquire shared lock on daemon addresses registry.
2026-05-17T01:16:57.245+0530 [DEBUG] [org.gradle.cache.internal.DefaultFileLockManager] Lock acquired on daemon addresses registry.
2026-05-17T01:16:57.246+0530 [DEBUG] [org.gradle.cache.internal.DefaultFileLockManager] Releasing lock on daemon addresses registry.
2026-05-17T01:16:57.246+0530 [DEBUG] [org.gradle.launcher.daemon.server.Daemon] Finished periodic daemon health check.
2026-05-17T01:16:58.112+0530 [DEBUG] [org.gradle.process.internal.health.memory.DefaultMemoryManager] 1635715891 physical memory requested, 1387884544 free
2026-05-17T01:16:58.112+0530 [DEBUG] [org.gradle.workers.internal.WorkerDaemonExpiration] Will attempt to release 1559 of memory
2026-05-17T01:16:58.112+0530 [DEBUG] [org.gradle.process.internal.health.memory.DefaultMemoryManager] 1635715891 physical memory requested, 0 released, 1387884544 free
2026-05-17T01:17:03.122+0530 [DEBUG] [org.gradle.process.internal.health.memory.DefaultMemoryManager] 1635715891 physical memory requested, 1390804992 free
2026-05-17T01:17:03.123+0530 [DEBUG] [org.gradle.workers.internal.WorkerDaemonExpiration] Will attempt to release 1559 of memory
2026-05-17T01:17:03.123+0530 [DEBUG] [org.gradle.process.internal.health.memory.DefaultMemoryManager] 1635715891 physical memory requested, 0 released, 1390804992 free
2026-05-17T01:17:07.243+0530 [DEBUG] [org.gradle.launcher.daemon.server.Daemon] Starting periodic daemon health check.
2026-05-17T01:17:07.245+0530 [DEBUG] [org.gradle.cache.internal.DefaultFileLockManager] Waiting to acquire shared lock on daemon addresses registry.
2026-05-17T01:17:07.245+0530 [DEBUG] [org.gradle.cache.internal.DefaultFileLockManager] Lock acquired on daemon addresses registry.
2026-05-17T01:17:07.246+0530 [DEBUG] [org.gradle.cache.internal.DefaultFileLockManager] Releasing lock on daemon addresses registry.
2026-05-17T01:17:07.248+0530 [DEBUG] [org.gradle.cache.internal.DefaultFileLockManager] Waiting to acquire shared lock on daemon addresses registry.
2026-05-17T01:17:07.248+0530 [DEBUG] [org.gradle.cache.internal.DefaultFileLockManager] Lock acquired on daemon addresses registry.
2026-05-17T01:17:07.249+0530 [DEBUG] [org.gradle.cache.internal.DefaultFileLockManager] Releasing lock on daemon addresses registry.
2026-05-17T01:17:07.249+0530 [DEBUG] [org.gradle.launcher.daemon.server.Daemon] Finished periodic daemon health check.
2026-05-17T01:17:08.113+0530 [DEBUG] [org.gradle.process.internal.health.memory.DefaultMemoryManager] 1635715891 physical memory requested, 1401802752 free
2026-05-17T01:17:08.114+0530 [DEBUG] [org.gradle.workers.internal.WorkerDaemonExpiration] Will attempt to release 1559 of memory
2026-05-17T01:17:08.114+0530 [DEBUG] [org.gradle.process.internal.health.memory.DefaultMemoryManager] 1635715891 physical memory requested, 0 released, 1401802752 free
2026-05-17T01:17:13.112+0530 [DEBUG] [org.gradle.process.internal.health.memory.DefaultMemoryManager] 1635715891 physical memory requested, 1623330816 free
2026-05-17T01:17:13.112+0530 [DEBUG] [org.gradle.workers.internal.WorkerDaemonExpiration] Will attempt to release 1559 of memory
2026-05-17T01:17:13.112+0530 [DEBUG] [org.gradle.process.internal.health.memory.DefaultMemoryManager] 1635715891 physical memory requested, 0 released, 1623330816 free
2026-05-17T01:17:17.245+0530 [DEBUG] [org.gradle.launcher.daemon.server.Daemon] Starting periodic daemon health check.
2026-05-17T01:17:17.247+0530 [DEBUG] [org.gradle.cache.internal.DefaultFileLockManager] Waiting to acquire shared lock on daemon addresses registry.
2026-05-17T01:17:17.247+0530 [DEBUG] [org.gradle.cache.internal.DefaultFileLockManager] Lock acquired on daemon addresses registry.
2026-05-17T01:17:17.248+0530 [DEBUG] [org.gradle.cache.internal.DefaultFileLockManager] Releasing lock on daemon addresses registry.
2026-05-17T01:17:17.249+0530 [DEBUG] [org.gradle.cache.internal.DefaultFileLockManager] Waiting to acquire shared lock on daemon addresses registry.
2026-05-17T01:17:17.249+0530 [DEBUG] [org.gradle.cache.internal.DefaultFileLockManager] Lock acquired on daemon addresses registry.
2026-05-17T01:17:17.250+0530 [DEBUG] [org.gradle.cache.internal.DefaultFileLockManager] Releasing lock on daemon addresses registry.
2026-05-17T01:17:17.250+0530 [DEBUG] [org.gradle.launcher.daemon.server.Daemon] Finished periodic daemon health check.
2026-05-17T01:17:18.120+0530 [DEBUG] [org.gradle.process.internal.health.memory.DefaultMemoryManager] 1635715891 physical memory requested, 1633067008 free
2026-05-17T01:17:18.120+0530 [DEBUG] [org.gradle.workers.internal.WorkerDaemonExpiration] Will attempt to release 1559 of memory
2026-05-17T01:17:18.120+0530 [DEBUG] [org.gradle.process.internal.health.memory.DefaultMemoryManager] 1635715891 physical memory requested, 0 released, 1633067008 free
2026-05-17T01:17:27.239+0530 [DEBUG] [org.gradle.launcher.daemon.server.Daemon] Starting periodic daemon health check.
2026-05-17T01:17:27.241+0530 [DEBUG] [org.gradle.cache.internal.DefaultFileLockManager] Waiting to acquire shared lock on daemon addresses registry.
2026-05-17T01:17:27.241+0530 [DEBUG] [org.gradle.cache.internal.DefaultFileLockManager] Lock acquired on daemon addresses registry.
2026-05-17T01:17:27.242+0530 [DEBUG] [org.gradle.cache.internal.DefaultFileLockManager] Releasing lock on daemon addresses registry.
2026-05-17T01:17:27.243+0530 [DEBUG] [org.gradle.cache.internal.DefaultFileLockManager] Waiting to acquire shared lock on daemon addresses registry.
2026-05-17T01:17:27.243+0530 [DEBUG] [org.gradle.cache.internal.DefaultFileLockManager] Lock acquired on daemon addresses registry.
2026-05-17T01:17:27.244+0530 [DEBUG] [org.gradle.cache.internal.DefaultFileLockManager] Releasing lock on daemon addresses registry.
2026-05-17T01:17:27.244+0530 [DEBUG] [org.gradle.launcher.daemon.server.Daemon] Finished periodic daemon health check.
2026-05-17T01:17:37.238+0530 [DEBUG] [org.gradle.launcher.daemon.server.Daemon] Starting periodic daemon health check.
2026-05-17T01:17:37.243+0530 [DEBUG] [org.gradle.cache.internal.DefaultFileLockManager] Waiting to acquire shared lock on daemon addresses registry.
2026-05-17T01:17:37.243+0530 [DEBUG] [org.gradle.cache.internal.DefaultFileLockManager] Lock acquired on daemon addresses registry.
2026-05-17T01:17:37.244+0530 [DEBUG] [org.gradle.cache.internal.DefaultFileLockManager] Releasing lock on daemon addresses registry.
2026-05-17T01:17:37.248+0530 [DEBUG] [org.gradle.cache.internal.DefaultFileLockManager] Waiting to acquire shared lock on daemon addresses registry.
2026-05-17T01:17:37.248+0530 [DEBUG] [org.gradle.cache.internal.DefaultFileLockManager] Lock acquired on daemon addresses registry.
2026-05-17T01:17:37.248+0530 [DEBUG] [org.gradle.cache.internal.DefaultFileLockManager] Releasing lock on daemon addresses registry.
2026-05-17T01:17:37.249+0530 [DEBUG] [org.gradle.launcher.daemon.server.Daemon] Finished periodic daemon health check.
2026-05-17T01:17:38.109+0530 [DEBUG] [org.gradle.process.internal.health.memory.DefaultMemoryManager] 1635715891 physical memory requested, 1573367808 free
2026-05-17T01:17:38.109+0530 [DEBUG] [org.gradle.workers.internal.WorkerDaemonExpiration] Will attempt to release 1559 of memory
2026-05-17T01:17:38.109+0530 [DEBUG] [org.gradle.process.internal.health.memory.DefaultMemoryManager] 1635715891 physical memory requested, 0 released, 1573367808 free
2026-05-17T01:17:43.122+0530 [DEBUG] [org.gradle.process.internal.health.memory.DefaultMemoryManager] 1635715891 physical memory requested, 1279053824 free
2026-05-17T01:17:43.122+0530 [DEBUG] [org.gradle.workers.internal.WorkerDaemonExpiration] Will attempt to release 1559 of memory
2026-05-17T01:17:43.122+0530 [DEBUG] [org.gradle.process.internal.health.memory.DefaultMemoryManager] 1635715891 physical memory requested, 0 released, 1279053824 free
2026-05-17T01:17:47.252+0530 [DEBUG] [org.gradle.launcher.daemon.server.Daemon] Starting periodic daemon health check.
2026-05-17T01:17:47.254+0530 [DEBUG] [org.gradle.cache.internal.DefaultFileLockManager] Waiting to acquire shared lock on daemon addresses registry.
2026-05-17T01:17:47.254+0530 [DEBUG] [org.gradle.cache.internal.DefaultFileLockManager] Lock acquired on daemon addresses registry.
2026-05-17T01:17:47.254+0530 [DEBUG] [org.gradle.cache.internal.DefaultFileLockManager] Releasing lock on daemon addresses registry.
2026-05-17T01:17:47.256+0530 [DEBUG] [org.gradle.cache.internal.DefaultFileLockManager] Waiting to acquire shared lock on daemon addresses registry.
2026-05-17T01:17:47.256+0530 [DEBUG] [org.gradle.cache.internal.DefaultFileLockManager] Lock acquired on daemon addresses registry.
2026-05-17T01:17:47.256+0530 [DEBUG] [org.gradle.cache.internal.DefaultFileLockManager] Releasing lock on daemon addresses registry.
2026-05-17T01:17:47.256+0530 [DEBUG] [org.gradle.launcher.daemon.server.Daemon] Finished periodic daemon health check.
2026-05-17T01:17:57.239+0530 [DEBUG] [org.gradle.launcher.daemon.server.Daemon] Starting periodic daemon health check.
2026-05-17T01:17:57.241+0530 [DEBUG] [org.gradle.cache.internal.DefaultFileLockManager] Waiting to acquire shared lock on daemon addresses registry.
2026-05-17T01:17:57.242+0530 [DEBUG] [org.gradle.cache.internal.DefaultFileLockManager] Lock acquired on daemon addresses registry.
2026-05-17T01:17:57.242+0530 [DEBUG] [org.gradle.cache.internal.DefaultFileLockManager] Releasing lock on daemon addresses registry.
2026-05-17T01:17:57.244+0530 [DEBUG] [org.gradle.cache.internal.DefaultFileLockManager] Waiting to acquire shared lock on daemon addresses registry.
2026-05-17T01:17:57.244+0530 [DEBUG] [org.gradle.cache.internal.DefaultFileLockManager] Lock acquired on daemon addresses registry.
2026-05-17T01:17:57.244+0530 [DEBUG] [org.gradle.cache.internal.DefaultFileLockManager] Releasing lock on daemon addresses registry.
2026-05-17T01:17:57.244+0530 [DEBUG] [org.gradle.launcher.daemon.server.Daemon] Finished periodic daemon health check.
2026-05-17T01:18:07.248+0530 [DEBUG] [org.gradle.launcher.daemon.server.Daemon] Starting periodic daemon health check.
2026-05-17T01:18:07.249+0530 [DEBUG] [org.gradle.cache.internal.DefaultFileLockManager] Waiting to acquire shared lock on daemon addresses registry.
2026-05-17T01:18:07.249+0530 [DEBUG] [org.gradle.cache.internal.DefaultFileLockManager] Lock acquired on daemon addresses registry.
2026-05-17T01:18:07.250+0530 [DEBUG] [org.gradle.cache.internal.DefaultFileLockManager] Releasing lock on daemon addresses registry.
2026-05-17T01:18:07.251+0530 [DEBUG] [org.gradle.cache.internal.DefaultFileLockManager] Waiting to acquire shared lock on daemon addresses registry.
2026-05-17T01:18:07.252+0530 [DEBUG] [org.gradle.cache.internal.DefaultFileLockManager] Lock acquired on daemon addresses registry.
2026-05-17T01:18:07.252+0530 [DEBUG] [org.gradle.cache.internal.DefaultFileLockManager] Releasing lock on daemon addresses registry.
2026-05-17T01:18:07.252+0530 [DEBUG] [org.gradle.launcher.daemon.server.Daemon] Finished periodic daemon health check.
2026-05-17T01:18:17.237+0530 [DEBUG] [org.gradle.launcher.daemon.server.Daemon] Starting periodic daemon health check.
2026-05-17T01:18:17.239+0530 [DEBUG] [org.gradle.cache.internal.DefaultFileLockManager] Waiting to acquire shared lock on daemon addresses registry.
2026-05-17T01:18:17.239+0530 [DEBUG] [org.gradle.cache.internal.DefaultFileLockManager] Lock acquired on daemon addresses registry.
2026-05-17T01:18:17.239+0530 [DEBUG] [org.gradle.cache.internal.DefaultFileLockManager] Releasing lock on daemon addresses registry.
2026-05-17T01:18:17.241+0530 [DEBUG] [org.gradle.cache.internal.DefaultFileLockManager] Waiting to acquire shared lock on daemon addresses registry.
2026-05-17T01:18:17.242+0530 [DEBUG] [org.gradle.cache.internal.DefaultFileLockManager] Lock acquired on daemon addresses registry.
2026-05-17T01:18:17.242+0530 [DEBUG] [org.gradle.cache.internal.DefaultFileLockManager] Releasing lock on daemon addresses registry.
2026-05-17T01:18:17.242+0530 [DEBUG] [org.gradle.launcher.daemon.server.Daemon] Finished periodic daemon health check.
2026-05-17T01:18:27.247+0530 [DEBUG] [org.gradle.launcher.daemon.server.Daemon] Starting periodic daemon health check.
2026-05-17T01:18:27.250+0530 [DEBUG] [org.gradle.cache.internal.DefaultFileLockManager] Waiting to acquire shared lock on daemon addresses registry.
2026-05-17T01:18:27.251+0530 [DEBUG] [org.gradle.cache.internal.DefaultFileLockManager] Lock acquired on daemon addresses registry.
2026-05-17T01:18:27.253+0530 [DEBUG] [org.gradle.cache.internal.DefaultFileLockManager] Releasing lock on daemon addresses registry.
2026-05-17T01:18:27.257+0530 [DEBUG] [org.gradle.cache.internal.DefaultFileLockManager] Waiting to acquire shared lock on daemon addresses registry.
2026-05-17T01:18:27.257+0530 [DEBUG] [org.gradle.cache.internal.DefaultFileLockManager] Lock acquired on daemon addresses registry.
2026-05-17T01:18:27.258+0530 [DEBUG] [org.gradle.cache.internal.DefaultFileLockManager] Releasing lock on daemon addresses registry.
2026-05-17T01:18:27.261+0530 [DEBUG] [org.gradle.launcher.daemon.server.Daemon] Finished periodic daemon health check.
2026-05-17T01:18:37.241+0530 [DEBUG] [org.gradle.launcher.daemon.server.Daemon] Starting periodic daemon health check.
2026-05-17T01:18:37.243+0530 [DEBUG] [org.gradle.cache.internal.DefaultFileLockManager] Waiting to acquire shared lock on daemon addresses registry.
2026-05-17T01:18:37.243+0530 [DEBUG] [org.gradle.cache.internal.DefaultFileLockManager] Lock acquired on daemon addresses registry.
2026-05-17T01:18:37.244+0530 [DEBUG] [org.gradle.cache.internal.DefaultFileLockManager] Releasing lock on daemon addresses registry.
2026-05-17T01:18:37.247+0530 [DEBUG] [org.gradle.cache.internal.DefaultFileLockManager] Waiting to acquire shared lock on daemon addresses registry.
2026-05-17T01:18:37.247+0530 [DEBUG] [org.gradle.cache.internal.DefaultFileLockManager] Lock acquired on daemon addresses registry.
2026-05-17T01:18:37.249+0530 [DEBUG] [org.gradle.cache.internal.DefaultFileLockManager] Releasing lock on daemon addresses registry.
2026-05-17T01:18:37.249+0530 [DEBUG] [org.gradle.launcher.daemon.server.Daemon] Finished periodic daemon health check.
2026-05-17T01:18:47.239+0530 [DEBUG] [org.gradle.launcher.daemon.server.Daemon] Starting periodic daemon health check.
2026-05-17T01:18:47.241+0530 [DEBUG] [org.gradle.cache.internal.DefaultFileLockManager] Waiting to acquire shared lock on daemon addresses registry.
2026-05-17T01:18:47.241+0530 [DEBUG] [org.gradle.cache.internal.DefaultFileLockManager] Lock acquired on daemon addresses registry.
2026-05-17T01:18:47.242+0530 [DEBUG] [org.gradle.cache.internal.DefaultFileLockManager] Releasing lock on daemon addresses registry.
2026-05-17T01:18:47.243+0530 [DEBUG] [org.gradle.cache.internal.DefaultFileLockManager] Waiting to acquire shared lock on daemon addresses registry.
2026-05-17T01:18:47.243+0530 [DEBUG] [org.gradle.cache.internal.DefaultFileLockManager] Lock acquired on daemon addresses registry.
2026-05-17T01:18:47.244+0530 [DEBUG] [org.gradle.cache.internal.DefaultFileLockManager] Releasing lock on daemon addresses registry.
2026-05-17T01:18:47.244+0530 [DEBUG] [org.gradle.launcher.daemon.server.Daemon] Finished periodic daemon health check.
2026-05-17T01:18:57.246+0530 [DEBUG] [org.gradle.launcher.daemon.server.Daemon] Starting periodic daemon health check.
2026-05-17T01:18:57.248+0530 [DEBUG] [org.gradle.cache.internal.DefaultFileLockManager] Waiting to acquire shared lock on daemon addresses registry.
2026-05-17T01:18:57.248+0530 [DEBUG] [org.gradle.cache.internal.DefaultFileLockManager] Lock acquired on daemon addresses registry.
2026-05-17T01:18:57.249+0530 [DEBUG] [org.gradle.cache.internal.DefaultFileLockManager] Releasing lock on daemon addresses registry.
2026-05-17T01:18:57.251+0530 [DEBUG] [org.gradle.cache.internal.DefaultFileLockManager] Waiting to acquire shared lock on daemon addresses registry.
2026-05-17T01:18:57.251+0530 [DEBUG] [org.gradle.cache.internal.DefaultFileLockManager] Lock acquired on daemon addresses registry.
2026-05-17T01:18:57.251+0530 [DEBUG] [org.gradle.cache.internal.DefaultFileLockManager] Releasing lock on daemon addresses registry.
2026-05-17T01:18:57.251+0530 [DEBUG] [org.gradle.launcher.daemon.server.Daemon] Finished periodic daemon health check.
2026-05-17T01:19:07.239+0530 [DEBUG] [org.gradle.launcher.daemon.server.Daemon] Starting periodic daemon health check.
2026-05-17T01:19:07.242+0530 [DEBUG] [org.gradle.cache.internal.DefaultFileLockManager] Waiting to acquire shared lock on daemon addresses registry.
2026-05-17T01:19:07.242+0530 [DEBUG] [org.gradle.cache.internal.DefaultFileLockManager] Lock acquired on daemon addresses registry.
2026-05-17T01:19:07.242+0530 [DEBUG] [org.gradle.cache.internal.DefaultFileLockManager] Releasing lock on daemon addresses registry.
2026-05-17T01:19:07.244+0530 [DEBUG] [org.gradle.cache.internal.DefaultFileLockManager] Waiting to acquire shared lock on daemon addresses registry.
2026-05-17T01:19:07.244+0530 [DEBUG] [org.gradle.cache.internal.DefaultFileLockManager] Lock acquired on daemon addresses registry.
2026-05-17T01:19:07.244+0530 [DEBUG] [org.gradle.cache.internal.DefaultFileLockManager] Releasing lock on daemon addresses registry.
2026-05-17T01:19:07.245+0530 [DEBUG] [org.gradle.launcher.daemon.server.Daemon] Finished periodic daemon health check.
2026-05-17T01:19:17.245+0530 [DEBUG] [org.gradle.launcher.daemon.server.Daemon] Starting periodic daemon health check.
2026-05-17T01:19:17.247+0530 [DEBUG] [org.gradle.cache.internal.DefaultFileLockManager] Waiting to acquire shared lock on daemon addresses registry.
2026-05-17T01:19:17.247+0530 [DEBUG] [org.gradle.cache.internal.DefaultFileLockManager] Lock acquired on daemon addresses registry.
2026-05-17T01:19:17.247+0530 [DEBUG] [org.gradle.cache.internal.DefaultFileLockManager] Releasing lock on daemon addresses registry.
2026-05-17T01:19:17.249+0530 [DEBUG] [org.gradle.cache.internal.DefaultFileLockManager] Waiting to acquire shared lock on daemon addresses registry.
2026-05-17T01:19:17.249+0530 [DEBUG] [org.gradle.cache.internal.DefaultFileLockManager] Lock acquired on daemon addresses registry.
2026-05-17T01:19:17.249+0530 [DEBUG] [org.gradle.cache.internal.DefaultFileLockManager] Releasing lock on daemon addresses registry.
2026-05-17T01:19:17.250+0530 [DEBUG] [org.gradle.launcher.daemon.server.Daemon] Finished periodic daemon health check.
2026-05-17T01:19:27.251+0530 [DEBUG] [org.gradle.launcher.daemon.server.Daemon] Starting periodic daemon health check.
2026-05-17T01:19:27.252+0530 [DEBUG] [org.gradle.cache.internal.DefaultFileLockManager] Waiting to acquire shared lock on daemon addresses registry.
2026-05-17T01:19:27.252+0530 [DEBUG] [org.gradle.cache.internal.DefaultFileLockManager] Lock acquired on daemon addresses registry.
2026-05-17T01:19:27.253+0530 [DEBUG] [org.gradle.cache.internal.DefaultFileLockManager] Releasing lock on daemon addresses registry.
2026-05-17T01:19:27.254+0530 [DEBUG] [org.gradle.cache.internal.DefaultFileLockManager] Waiting to acquire shared lock on daemon addresses registry.
2026-05-17T01:19:27.254+0530 [DEBUG] [org.gradle.cache.internal.DefaultFileLockManager] Lock acquired on daemon addresses registry.
2026-05-17T01:19:27.255+0530 [DEBUG] [org.gradle.cache.internal.DefaultFileLockManager] Releasing lock on daemon addresses registry.
2026-05-17T01:19:27.255+0530 [DEBUG] [org.gradle.launcher.daemon.server.Daemon] Finished periodic daemon health check.
2026-05-17T01:19:37.238+0530 [DEBUG] [org.gradle.launcher.daemon.server.Daemon] Starting periodic daemon health check.
2026-05-17T01:19:37.240+0530 [DEBUG] [org.gradle.cache.internal.DefaultFileLockManager] Waiting to acquire shared lock on daemon addresses registry.
2026-05-17T01:19:37.240+0530 [DEBUG] [org.gradle.cache.internal.DefaultFileLockManager] Lock acquired on daemon addresses registry.
2026-05-17T01:19:37.241+0530 [DEBUG] [org.gradle.cache.internal.DefaultFileLockManager] Releasing lock on daemon addresses registry.
2026-05-17T01:19:37.243+0530 [DEBUG] [org.gradle.cache.internal.DefaultFileLockManager] Waiting to acquire shared lock on daemon addresses registry.
2026-05-17T01:19:37.243+0530 [DEBUG] [org.gradle.cache.internal.DefaultFileLockManager] Lock acquired on daemon addresses registry.
2026-05-17T01:19:37.243+0530 [DEBUG] [org.gradle.cache.internal.DefaultFileLockManager] Releasing lock on daemon addresses registry.
2026-05-17T01:19:37.244+0530 [DEBUG] [org.gradle.launcher.daemon.server.Daemon] Finished periodic daemon health check.
2026-05-17T01:19:47.244+0530 [DEBUG] [org.gradle.launcher.daemon.server.Daemon] Starting periodic daemon health check.
2026-05-17T01:19:47.247+0530 [DEBUG] [org.gradle.cache.internal.DefaultFileLockManager] Waiting to acquire shared lock on daemon addresses registry.
2026-05-17T01:19:47.247+0530 [DEBUG] [org.gradle.cache.internal.DefaultFileLockManager] Lock acquired on daemon addresses registry.
2026-05-17T01:19:47.248+0530 [DEBUG] [org.gradle.cache.internal.DefaultFileLockManager] Releasing lock on daemon addresses registry.
2026-05-17T01:19:47.249+0530 [DEBUG] [org.gradle.cache.internal.DefaultFileLockManager] Waiting to acquire shared lock on daemon addresses registry.
2026-05-17T01:19:47.250+0530 [DEBUG] [org.gradle.cache.internal.DefaultFileLockManager] Lock acquired on daemon addresses registry.
2026-05-17T01:19:47.250+0530 [DEBUG] [org.gradle.cache.internal.DefaultFileLockManager] Releasing lock on daemon addresses registry.
2026-05-17T01:19:47.250+0530 [DEBUG] [org.gradle.launcher.daemon.server.Daemon] Finished periodic daemon health check.
2026-05-17T01:19:57.248+0530 [DEBUG] [org.gradle.launcher.daemon.server.Daemon] Starting periodic daemon health check.
2026-05-17T01:19:57.250+0530 [DEBUG] [org.gradle.cache.internal.DefaultFileLockManager] Waiting to acquire shared lock on daemon addresses registry.
2026-05-17T01:19:57.250+0530 [DEBUG] [org.gradle.cache.internal.DefaultFileLockManager] Lock acquired on daemon addresses registry.
2026-05-17T01:19:57.250+0530 [DEBUG] [org.gradle.cache.internal.DefaultFileLockManager] Releasing lock on daemon addresses registry.
2026-05-17T01:19:57.252+0530 [DEBUG] [org.gradle.cache.internal.DefaultFileLockManager] Waiting to acquire shared lock on daemon addresses registry.
2026-05-17T01:19:57.252+0530 [DEBUG] [org.gradle.cache.internal.DefaultFileLockManager] Lock acquired on daemon addresses registry.
2026-05-17T01:19:57.252+0530 [DEBUG] [org.gradle.cache.internal.DefaultFileLockManager] Releasing lock on daemon addresses registry.
2026-05-17T01:19:57.252+0530 [DEBUG] [org.gradle.launcher.daemon.server.Daemon] Finished periodic daemon health check.
2026-05-17T01:20:07.249+0530 [DEBUG] [org.gradle.launcher.daemon.server.Daemon] Starting periodic daemon health check.
2026-05-17T01:20:07.251+0530 [DEBUG] [org.gradle.cache.internal.DefaultFileLockManager] Waiting to acquire shared lock on daemon addresses registry.
2026-05-17T01:20:07.251+0530 [DEBUG] [org.gradle.cache.internal.DefaultFileLockManager] Lock acquired on daemon addresses registry.
2026-05-17T01:20:07.251+0530 [DEBUG] [org.gradle.cache.internal.DefaultFileLockManager] Releasing lock on daemon addresses registry.
2026-05-17T01:20:07.253+0530 [DEBUG] [org.gradle.cache.internal.DefaultFileLockManager] Waiting to acquire shared lock on daemon addresses registry.
2026-05-17T01:20:07.253+0530 [DEBUG] [org.gradle.cache.internal.DefaultFileLockManager] Lock acquired on daemon addresses registry.
2026-05-17T01:20:07.254+0530 [DEBUG] [org.gradle.cache.internal.DefaultFileLockManager] Releasing lock on daemon addresses registry.
2026-05-17T01:20:07.254+0530 [DEBUG] [org.gradle.launcher.daemon.server.Daemon] Finished periodic daemon health check.
2026-05-17T01:20:17.239+0530 [DEBUG] [org.gradle.launcher.daemon.server.Daemon] Starting periodic daemon health check.
2026-05-17T01:20:17.241+0530 [DEBUG] [org.gradle.cache.internal.DefaultFileLockManager] Waiting to acquire shared lock on daemon addresses registry.
2026-05-17T01:20:17.242+0530 [DEBUG] [org.gradle.cache.internal.DefaultFileLockManager] Lock acquired on daemon addresses registry.
2026-05-17T01:20:17.242+0530 [DEBUG] [org.gradle.cache.internal.DefaultFileLockManager] Releasing lock on daemon addresses registry.
2026-05-17T01:20:17.244+0530 [DEBUG] [org.gradle.cache.internal.DefaultFileLockManager] Waiting to acquire shared lock on daemon addresses registry.
2026-05-17T01:20:17.244+0530 [DEBUG] [org.gradle.cache.internal.DefaultFileLockManager] Lock acquired on daemon addresses registry.
2026-05-17T01:20:17.245+0530 [DEBUG] [org.gradle.cache.internal.DefaultFileLockManager] Releasing lock on daemon addresses registry.
2026-05-17T01:20:17.245+0530 [DEBUG] [org.gradle.launcher.daemon.server.Daemon] Finished periodic daemon health check.
2026-05-17T01:20:27.237+0530 [DEBUG] [org.gradle.launcher.daemon.server.Daemon] Starting periodic daemon health check.
2026-05-17T01:20:27.240+0530 [DEBUG] [org.gradle.cache.internal.DefaultFileLockManager] Waiting to acquire shared lock on daemon addresses registry.
2026-05-17T01:20:27.240+0530 [DEBUG] [org.gradle.cache.internal.DefaultFileLockManager] Lock acquired on daemon addresses registry.
2026-05-17T01:20:27.240+0530 [DEBUG] [org.gradle.cache.internal.DefaultFileLockManager] Releasing lock on daemon addresses registry.
2026-05-17T01:20:27.242+0530 [DEBUG] [org.gradle.cache.internal.DefaultFileLockManager] Waiting to acquire shared lock on daemon addresses registry.
2026-05-17T01:20:27.242+0530 [DEBUG] [org.gradle.cache.internal.DefaultFileLockManager] Lock acquired on daemon addresses registry.
2026-05-17T01:20:27.243+0530 [DEBUG] [org.gradle.cache.internal.DefaultFileLockManager] Releasing lock on daemon addresses registry.
2026-05-17T01:20:27.243+0530 [DEBUG] [org.gradle.launcher.daemon.server.Daemon] Finished periodic daemon health check.
2026-05-17T01:20:37.248+0530 [DEBUG] [org.gradle.launcher.daemon.server.Daemon] Starting periodic daemon health check.
2026-05-17T01:20:37.250+0530 [DEBUG] [org.gradle.cache.internal.DefaultFileLockManager] Waiting to acquire shared lock on daemon addresses registry.
2026-05-17T01:20:37.250+0530 [DEBUG] [org.gradle.cache.internal.DefaultFileLockManager] Lock acquired on daemon addresses registry.
2026-05-17T01:20:37.250+0530 [DEBUG] [org.gradle.cache.internal.DefaultFileLockManager] Releasing lock on daemon addresses registry.
2026-05-17T01:20:37.252+0530 [DEBUG] [org.gradle.cache.internal.DefaultFileLockManager] Waiting to acquire shared lock on daemon addresses registry.
2026-05-17T01:20:37.252+0530 [DEBUG] [org.gradle.cache.internal.DefaultFileLockManager] Lock acquired on daemon addresses registry.
2026-05-17T01:20:37.252+0530 [DEBUG] [org.gradle.cache.internal.DefaultFileLockManager] Releasing lock on daemon addresses registry.
2026-05-17T01:20:37.253+0530 [DEBUG] [org.gradle.launcher.daemon.server.Daemon] Finished periodic daemon health check.
2026-05-17T01:20:47.253+0530 [DEBUG] [org.gradle.launcher.daemon.server.Daemon] Starting periodic daemon health check.
2026-05-17T01:20:47.255+0530 [DEBUG] [org.gradle.cache.internal.DefaultFileLockManager] Waiting to acquire shared lock on daemon addresses registry.
2026-05-17T01:20:47.255+0530 [DEBUG] [org.gradle.cache.internal.DefaultFileLockManager] Lock acquired on daemon addresses registry.
2026-05-17T01:20:47.255+0530 [DEBUG] [org.gradle.cache.internal.DefaultFileLockManager] Releasing lock on daemon addresses registry.
2026-05-17T01:20:47.275+0530 [DEBUG] [org.gradle.cache.internal.DefaultFileLockManager] Waiting to acquire shared lock on daemon addresses registry.
2026-05-17T01:20:47.275+0530 [DEBUG] [org.gradle.cache.internal.DefaultFileLockManager] Lock acquired on daemon addresses registry.
2026-05-17T01:20:47.275+0530 [DEBUG] [org.gradle.cache.internal.DefaultFileLockManager] Releasing lock on daemon addresses registry.
2026-05-17T01:20:47.276+0530 [DEBUG] [org.gradle.launcher.daemon.server.Daemon] Finished periodic daemon health check.
2026-05-17T01:20:57.240+0530 [DEBUG] [org.gradle.launcher.daemon.server.Daemon] Starting periodic daemon health check.
2026-05-17T01:20:57.243+0530 [DEBUG] [org.gradle.cache.internal.DefaultFileLockManager] Waiting to acquire shared lock on daemon addresses registry.
2026-05-17T01:20:57.243+0530 [DEBUG] [org.gradle.cache.internal.DefaultFileLockManager] Lock acquired on daemon addresses registry.
2026-05-17T01:20:57.243+0530 [DEBUG] [org.gradle.cache.internal.DefaultFileLockManager] Releasing lock on daemon addresses registry.
2026-05-17T01:20:57.245+0530 [DEBUG] [org.gradle.cache.internal.DefaultFileLockManager] Waiting to acquire shared lock on daemon addresses registry.
2026-05-17T01:20:57.245+0530 [DEBUG] [org.gradle.cache.internal.DefaultFileLockManager] Lock acquired on daemon addresses registry.
2026-05-17T01:20:57.246+0530 [DEBUG] [org.gradle.cache.internal.DefaultFileLockManager] Releasing lock on daemon addresses registry.
2026-05-17T01:20:57.246+0530 [DEBUG] [org.gradle.launcher.daemon.server.Daemon] Finished periodic daemon health check.
2026-05-17T01:21:07.237+0530 [DEBUG] [org.gradle.launcher.daemon.server.Daemon] Starting periodic daemon health check.
2026-05-17T01:21:07.239+0530 [DEBUG] [org.gradle.cache.internal.DefaultFileLockManager] Waiting to acquire shared lock on daemon addresses registry.
2026-05-17T01:21:07.239+0530 [DEBUG] [org.gradle.cache.internal.DefaultFileLockManager] Lock acquired on daemon addresses registry.
2026-05-17T01:21:07.240+0530 [DEBUG] [org.gradle.cache.internal.DefaultFileLockManager] Releasing lock on daemon addresses registry.
2026-05-17T01:21:07.241+0530 [DEBUG] [org.gradle.cache.internal.DefaultFileLockManager] Waiting to acquire shared lock on daemon addresses registry.
2026-05-17T01:21:07.242+0530 [DEBUG] [org.gradle.cache.internal.DefaultFileLockManager] Lock acquired on daemon addresses registry.
2026-05-17T01:21:07.242+0530 [DEBUG] [org.gradle.cache.internal.DefaultFileLockManager] Releasing lock on daemon addresses registry.
2026-05-17T01:21:07.242+0530 [DEBUG] [org.gradle.launcher.daemon.server.Daemon] Finished periodic daemon health check.
2026-05-17T01:21:17.239+0530 [DEBUG] [org.gradle.launcher.daemon.server.Daemon] Starting periodic daemon health check.
2026-05-17T01:21:17.240+0530 [DEBUG] [org.gradle.cache.internal.DefaultFileLockManager] Waiting to acquire shared lock on daemon addresses registry.
2026-05-17T01:21:17.240+0530 [DEBUG] [org.gradle.cache.internal.DefaultFileLockManager] Lock acquired on daemon addresses registry.
2026-05-17T01:21:17.241+0530 [DEBUG] [org.gradle.cache.internal.DefaultFileLockManager] Releasing lock on daemon addresses registry.
2026-05-17T01:21:17.242+0530 [DEBUG] [org.gradle.cache.internal.DefaultFileLockManager] Waiting to acquire shared lock on daemon addresses registry.
2026-05-17T01:21:17.243+0530 [DEBUG] [org.gradle.cache.internal.DefaultFileLockManager] Lock acquired on daemon addresses registry.
2026-05-17T01:21:17.243+0530 [DEBUG] [org.gradle.cache.internal.DefaultFileLockManager] Releasing lock on daemon addresses registry.
2026-05-17T01:21:17.243+0530 [DEBUG] [org.gradle.launcher.daemon.server.Daemon] Finished periodic daemon health check.
2026-05-17T01:21:19.637+0530 [DEBUG] [sun.rmi.transport.tcp] RMI TCP Connection(7)-127.0.0.1: accepted socket from [127.0.0.1:58885]
2026-05-17T01:21:19.638+0530 [DEBUG] [sun.rmi.transport.tcp] RMI TCP Connection(7)-127.0.0.1: (port 51336) op = 80
2026-05-17T01:21:19.639+0530 [DEBUG] [sun.rmi.loader] RMI TCP Connection(7)-127.0.0.1: name = "[Ljava.rmi.server.ObjID;", codebase = "", defaultLoader = jdk.internal.loader.ClassLoaders$PlatformClassLoader@53242ab5
2026-05-17T01:21:19.640+0530 [DEBUG] [sun.rmi.loader] RMI TCP Connection(7)-127.0.0.1: name = "java.rmi.dgc.Lease", codebase = "", defaultLoader = jdk.internal.loader.ClassLoaders$PlatformClassLoader@53242ab5
2026-05-17T01:21:19.640+0530 [DEBUG] [sun.rmi.loader] RMI TCP Connection(7)-127.0.0.1: name = "java.rmi.dgc.VMID", codebase = "", defaultLoader = jdk.internal.loader.ClassLoaders$PlatformClassLoader@53242ab5
2026-05-17T01:21:19.640+0530 [DEBUG] [sun.rmi.loader] RMI TCP Connection(7)-127.0.0.1: name = "[B", codebase = "", defaultLoader = jdk.internal.loader.ClassLoaders$PlatformClassLoader@53242ab5
2026-05-17T01:21:19.641+0530 [DEBUG] [sun.rmi.loader] RMI TCP Connection(7)-127.0.0.1: name = "java.rmi.server.UID", codebase = "", defaultLoader = jdk.internal.loader.ClassLoaders$PlatformClassLoader@53242ab5
2026-05-17T01:21:27.244+0530 [DEBUG] [org.gradle.launcher.daemon.server.Daemon] Starting periodic daemon health check.
2026-05-17T01:21:27.246+0530 [DEBUG] [org.gradle.cache.internal.DefaultFileLockManager] Waiting to acquire shared lock on daemon addresses registry.
2026-05-17T01:21:27.246+0530 [DEBUG] [org.gradle.cache.internal.DefaultFileLockManager] Lock acquired on daemon addresses registry.
2026-05-17T01:21:27.247+0530 [DEBUG] [org.gradle.cache.internal.DefaultFileLockManager] Releasing lock on daemon addresses registry.
2026-05-17T01:21:27.249+0530 [DEBUG] [org.gradle.cache.internal.DefaultFileLockManager] Waiting to acquire shared lock on daemon addresses registry.
2026-05-17T01:21:27.249+0530 [DEBUG] [org.gradle.cache.internal.DefaultFileLockManager] Lock acquired on daemon addresses registry.
2026-05-17T01:21:27.249+0530 [DEBUG] [org.gradle.cache.internal.DefaultFileLockManager] Releasing lock on daemon addresses registry.
2026-05-17T01:21:27.249+0530 [DEBUG] [org.gradle.launcher.daemon.server.Daemon] Finished periodic daemon health check.
2026-05-17T01:21:34.649+0530 [DEBUG] [sun.rmi.transport.tcp] RMI TCP Connection(7)-127.0.0.1: (port 51336) connection closed
2026-05-17T01:21:34.649+0530 [DEBUG] [sun.rmi.transport.tcp] RMI TCP Connection(7)-127.0.0.1: close connection, socket: Socket[addr=/127.0.0.1,port=58885,localport=51336]
2026-05-17T01:21:34.650+0530 [DEBUG] [sun.rmi.transport.tcp] RMI TCP Connection(7)-127.0.0.1: socket close: Socket[addr=/127.0.0.1,port=58885,localport=51336]
2026-05-17T01:21:37.241+0530 [DEBUG] [org.gradle.launcher.daemon.server.Daemon] Starting periodic daemon health check.
2026-05-17T01:21:37.243+0530 [DEBUG] [org.gradle.cache.internal.DefaultFileLockManager] Waiting to acquire shared lock on daemon addresses registry.
2026-05-17T01:21:37.243+0530 [DEBUG] [org.gradle.cache.internal.DefaultFileLockManager] Lock acquired on daemon addresses registry.
2026-05-17T01:21:37.243+0530 [DEBUG] [org.gradle.cache.internal.DefaultFileLockManager] Releasing lock on daemon addresses registry.
2026-05-17T01:21:37.245+0530 [DEBUG] [org.gradle.cache.internal.DefaultFileLockManager] Waiting to acquire shared lock on daemon addresses registry.
2026-05-17T01:21:37.245+0530 [DEBUG] [org.gradle.cache.internal.DefaultFileLockManager] Lock acquired on daemon addresses registry.
2026-05-17T01:21:37.245+0530 [DEBUG] [org.gradle.cache.internal.DefaultFileLockManager] Releasing lock on daemon addresses registry.
2026-05-17T01:21:37.246+0530 [DEBUG] [org.gradle.launcher.daemon.server.Daemon] Finished periodic daemon health check.
2026-05-17T01:21:38.785+0530 [DEBUG] [sun.rmi.transport.tcp] RMI TCP Connection(8)-127.0.0.1: accepted socket from [127.0.0.1:59553]
2026-05-17T01:21:38.785+0530 [DEBUG] [sun.rmi.transport.tcp] RMI TCP Connection(8)-127.0.0.1: (port 51336) op = 80
2026-05-17T01:21:38.785+0530 [DEBUG] [sun.rmi.loader] RMI TCP Connection(8)-127.0.0.1: name = "[Ljava.rmi.server.ObjID;", codebase = "", defaultLoader = jdk.internal.loader.ClassLoaders$PlatformClassLoader@53242ab5
2026-05-17T01:21:38.786+0530 [DEBUG] [sun.rmi.loader] RMI TCP Connection(8)-127.0.0.1: name = "java.rmi.dgc.Lease", codebase = "", defaultLoader = jdk.internal.loader.ClassLoaders$PlatformClassLoader@53242ab5
2026-05-17T01:21:38.786+0530 [DEBUG] [sun.rmi.loader] RMI TCP Connection(8)-127.0.0.1: name = "java.rmi.dgc.VMID", codebase = "", defaultLoader = jdk.internal.loader.ClassLoaders$PlatformClassLoader@53242ab5
2026-05-17T01:21:38.786+0530 [DEBUG] [sun.rmi.loader] RMI TCP Connection(8)-127.0.0.1: name = "[B", codebase = "", defaultLoader = jdk.internal.loader.ClassLoaders$PlatformClassLoader@53242ab5
2026-05-17T01:21:38.787+0530 [DEBUG] [sun.rmi.loader] RMI TCP Connection(8)-127.0.0.1: name = "java.rmi.server.UID", codebase = "", defaultLoader = jdk.internal.loader.ClassLoaders$PlatformClassLoader@53242ab5
2026-05-17T01:21:47.251+0530 [DEBUG] [org.gradle.launcher.daemon.server.Daemon] Starting periodic daemon health check.
2026-05-17T01:21:47.252+0530 [DEBUG] [org.gradle.cache.internal.DefaultFileLockManager] Waiting to acquire shared lock on daemon addresses registry.
2026-05-17T01:21:47.253+0530 [DEBUG] [org.gradle.cache.internal.DefaultFileLockManager] Lock acquired on daemon addresses registry.
2026-05-17T01:21:47.253+0530 [DEBUG] [org.gradle.cache.internal.DefaultFileLockManager] Releasing lock on daemon addresses registry.
2026-05-17T01:21:47.255+0530 [DEBUG] [org.gradle.cache.internal.DefaultFileLockManager] Waiting to acquire shared lock on daemon addresses registry.
2026-05-17T01:21:47.255+0530 [DEBUG] [org.gradle.cache.internal.DefaultFileLockManager] Lock acquired on daemon addresses registry.
2026-05-17T01:21:47.255+0530 [DEBUG] [org.gradle.cache.internal.DefaultFileLockManager] Releasing lock on daemon addresses registry.
2026-05-17T01:21:47.256+0530 [DEBUG] [org.gradle.launcher.daemon.server.Daemon] Finished periodic daemon health check.
2026-05-17T01:21:53.802+0530 [DEBUG] [sun.rmi.transport.tcp] RMI TCP Connection(8)-127.0.0.1: (port 51336) connection closed
2026-05-17T01:21:53.802+0530 [DEBUG] [sun.rmi.transport.tcp] RMI TCP Connection(8)-127.0.0.1: close connection, socket: Socket[addr=/127.0.0.1,port=59553,localport=51336]
2026-05-17T01:21:53.803+0530 [DEBUG] [sun.rmi.transport.tcp] RMI TCP Connection(8)-127.0.0.1: socket close: Socket[addr=/127.0.0.1,port=59553,localport=51336]
2026-05-17T01:21:57.244+0530 [DEBUG] [org.gradle.launcher.daemon.server.Daemon] Starting periodic daemon health check.
2026-05-17T01:21:57.246+0530 [DEBUG] [org.gradle.cache.internal.DefaultFileLockManager] Waiting to acquire shared lock on daemon addresses registry.
2026-05-17T01:21:57.247+0530 [DEBUG] [org.gradle.cache.internal.DefaultFileLockManager] Lock acquired on daemon addresses registry.
2026-05-17T01:21:57.247+0530 [DEBUG] [org.gradle.cache.internal.DefaultFileLockManager] Releasing lock on daemon addresses registry.
2026-05-17T01:21:57.249+0530 [DEBUG] [org.gradle.cache.internal.DefaultFileLockManager] Waiting to acquire shared lock on daemon addresses registry.
2026-05-17T01:21:57.249+0530 [DEBUG] [org.gradle.cache.internal.DefaultFileLockManager] Lock acquired on daemon addresses registry.
2026-05-17T01:21:57.249+0530 [DEBUG] [org.gradle.cache.internal.DefaultFileLockManager] Releasing lock on daemon addresses registry.
2026-05-17T01:21:57.250+0530 [DEBUG] [org.gradle.launcher.daemon.server.Daemon] Finished periodic daemon health check.
2026-05-17T01:22:07.245+0530 [DEBUG] [org.gradle.launcher.daemon.server.Daemon] Starting periodic daemon health check.
2026-05-17T01:22:07.248+0530 [DEBUG] [org.gradle.cache.internal.DefaultFileLockManager] Waiting to acquire shared lock on daemon addresses registry.
2026-05-17T01:22:07.248+0530 [DEBUG] [org.gradle.cache.internal.DefaultFileLockManager] Lock acquired on daemon addresses registry.
2026-05-17T01:22:07.248+0530 [DEBUG] [org.gradle.cache.internal.DefaultFileLockManager] Releasing lock on daemon addresses registry.
2026-05-17T01:22:07.250+0530 [DEBUG] [org.gradle.cache.internal.DefaultFileLockManager] Waiting to acquire shared lock on daemon addresses registry.
2026-05-17T01:22:07.250+0530 [DEBUG] [org.gradle.cache.internal.DefaultFileLockManager] Lock acquired on daemon addresses registry.
2026-05-17T01:22:07.251+0530 [DEBUG] [org.gradle.cache.internal.DefaultFileLockManager] Releasing lock on daemon addresses registry.
2026-05-17T01:22:07.251+0530 [DEBUG] [org.gradle.launcher.daemon.server.Daemon] Finished periodic daemon health check.
2026-05-17T01:22:17.247+0530 [DEBUG] [org.gradle.launcher.daemon.server.Daemon] Starting periodic daemon health check.
2026-05-17T01:22:17.250+0530 [DEBUG] [org.gradle.cache.internal.DefaultFileLockManager] Waiting to acquire shared lock on daemon addresses registry.
2026-05-17T01:22:17.250+0530 [DEBUG] [org.gradle.cache.internal.DefaultFileLockManager] Lock acquired on daemon addresses registry.
2026-05-17T01:22:17.250+0530 [DEBUG] [org.gradle.cache.internal.DefaultFileLockManager] Releasing lock on daemon addresses registry.
2026-05-17T01:22:17.252+0530 [DEBUG] [org.gradle.cache.internal.DefaultFileLockManager] Waiting to acquire shared lock on daemon addresses registry.
2026-05-17T01:22:17.252+0530 [DEBUG] [org.gradle.cache.internal.DefaultFileLockManager] Lock acquired on daemon addresses registry.
2026-05-17T01:22:17.252+0530 [DEBUG] [org.gradle.cache.internal.DefaultFileLockManager] Releasing lock on daemon addresses registry.
2026-05-17T01:22:17.252+0530 [DEBUG] [org.gradle.launcher.daemon.server.Daemon] Finished periodic daemon health check.
2026-05-17T01:22:27.242+0530 [DEBUG] [org.gradle.launcher.daemon.server.Daemon] Starting periodic daemon health check.
2026-05-17T01:22:27.244+0530 [DEBUG] [org.gradle.cache.internal.DefaultFileLockManager] Waiting to acquire shared lock on daemon addresses registry.
2026-05-17T01:22:27.245+0530 [DEBUG] [org.gradle.cache.internal.DefaultFileLockManager] Lock acquired on daemon addresses registry.
2026-05-17T01:22:27.245+0530 [DEBUG] [org.gradle.cache.internal.DefaultFileLockManager] Releasing lock on daemon addresses registry.
2026-05-17T01:22:27.247+0530 [DEBUG] [org.gradle.cache.internal.DefaultFileLockManager] Waiting to acquire shared lock on daemon addresses registry.
2026-05-17T01:22:27.247+0530 [DEBUG] [org.gradle.cache.internal.DefaultFileLockManager] Lock acquired on daemon addresses registry.
2026-05-17T01:22:27.247+0530 [DEBUG] [org.gradle.cache.internal.DefaultFileLockManager] Releasing lock on daemon addresses registry.
2026-05-17T01:22:27.248+0530 [DEBUG] [org.gradle.launcher.daemon.server.Daemon] Finished periodic daemon health check.
2026-05-17T01:22:37.247+0530 [DEBUG] [org.gradle.launcher.daemon.server.Daemon] Starting periodic daemon health check.
2026-05-17T01:22:37.249+0530 [DEBUG] [org.gradle.cache.internal.DefaultFileLockManager] Waiting to acquire shared lock on daemon addresses registry.
2026-05-17T01:22:37.250+0530 [DEBUG] [org.gradle.cache.internal.DefaultFileLockManager] Lock acquired on daemon addresses registry.
2026-05-17T01:22:37.250+0530 [DEBUG] [org.gradle.cache.internal.DefaultFileLockManager] Releasing lock on daemon addresses registry.
2026-05-17T01:22:37.252+0530 [DEBUG] [org.gradle.cache.internal.DefaultFileLockManager] Waiting to acquire shared lock on daemon addresses registry.
2026-05-17T01:22:37.252+0530 [DEBUG] [org.gradle.cache.internal.DefaultFileLockManager] Lock acquired on daemon addresses registry.
2026-05-17T01:22:37.252+0530 [DEBUG] [org.gradle.cache.internal.DefaultFileLockManager] Releasing lock on daemon addresses registry.
2026-05-17T01:22:37.252+0530 [DEBUG] [org.gradle.launcher.daemon.server.Daemon] Finished periodic daemon health check.
2026-05-17T01:22:47.240+0530 [DEBUG] [org.gradle.launcher.daemon.server.Daemon] Starting periodic daemon health check.
2026-05-17T01:22:47.243+0530 [DEBUG] [org.gradle.cache.internal.DefaultFileLockManager] Waiting to acquire shared lock on daemon addresses registry.
2026-05-17T01:22:47.243+0530 [DEBUG] [org.gradle.cache.internal.DefaultFileLockManager] Lock acquired on daemon addresses registry.
2026-05-17T01:22:47.244+0530 [DEBUG] [org.gradle.cache.internal.DefaultFileLockManager] Releasing lock on daemon addresses registry.
2026-05-17T01:22:47.245+0530 [DEBUG] [org.gradle.cache.internal.DefaultFileLockManager] Waiting to acquire shared lock on daemon addresses registry.
2026-05-17T01:22:47.245+0530 [DEBUG] [org.gradle.cache.internal.DefaultFileLockManager] Lock acquired on daemon addresses registry.
2026-05-17T01:22:47.246+0530 [DEBUG] [org.gradle.cache.internal.DefaultFileLockManager] Releasing lock on daemon addresses registry.
2026-05-17T01:22:47.246+0530 [DEBUG] [org.gradle.launcher.daemon.server.Daemon] Finished periodic daemon health check.
2026-05-17T01:22:57.244+0530 [DEBUG] [org.gradle.launcher.daemon.server.Daemon] Starting periodic daemon health check.
2026-05-17T01:22:57.247+0530 [DEBUG] [org.gradle.cache.internal.DefaultFileLockManager] Waiting to acquire shared lock on daemon addresses registry.
2026-05-17T01:22:57.247+0530 [DEBUG] [org.gradle.cache.internal.DefaultFileLockManager] Lock acquired on daemon addresses registry.
2026-05-17T01:22:57.248+0530 [DEBUG] [org.gradle.cache.internal.DefaultFileLockManager] Releasing lock on daemon addresses registry.
2026-05-17T01:22:57.250+0530 [DEBUG] [org.gradle.cache.internal.DefaultFileLockManager] Waiting to acquire shared lock on daemon addresses registry.
2026-05-17T01:22:57.250+0530 [DEBUG] [org.gradle.cache.internal.DefaultFileLockManager] Lock acquired on daemon addresses registry.
2026-05-17T01:22:57.250+0530 [DEBUG] [org.gradle.cache.internal.DefaultFileLockManager] Releasing lock on daemon addresses registry.
2026-05-17T01:22:57.251+0530 [DEBUG] [org.gradle.launcher.daemon.server.Daemon] Finished periodic daemon health check.
2026-05-17T01:23:07.243+0530 [DEBUG] [org.gradle.launcher.daemon.server.Daemon] Starting periodic daemon health check.
2026-05-17T01:23:07.245+0530 [DEBUG] [org.gradle.cache.internal.DefaultFileLockManager] Waiting to acquire shared lock on daemon addresses registry.
2026-05-17T01:23:07.245+0530 [DEBUG] [org.gradle.cache.internal.DefaultFileLockManager] Lock acquired on daemon addresses registry.
2026-05-17T01:23:07.246+0530 [DEBUG] [org.gradle.cache.internal.DefaultFileLockManager] Releasing lock on daemon addresses registry.
2026-05-17T01:23:07.248+0530 [DEBUG] [org.gradle.cache.internal.DefaultFileLockManager] Waiting to acquire shared lock on daemon addresses registry.
2026-05-17T01:23:07.248+0530 [DEBUG] [org.gradle.cache.internal.DefaultFileLockManager] Lock acquired on daemon addresses registry.
2026-05-17T01:23:07.248+0530 [DEBUG] [org.gradle.cache.internal.DefaultFileLockManager] Releasing lock on daemon addresses registry.
2026-05-17T01:23:07.249+0530 [DEBUG] [org.gradle.launcher.daemon.server.Daemon] Finished periodic daemon health check.
2026-05-17T01:23:17.242+0530 [DEBUG] [org.gradle.launcher.daemon.server.Daemon] Starting periodic daemon health check.
2026-05-17T01:23:17.244+0530 [DEBUG] [org.gradle.cache.internal.DefaultFileLockManager] Waiting to acquire shared lock on daemon addresses registry.
2026-05-17T01:23:17.245+0530 [DEBUG] [org.gradle.cache.internal.DefaultFileLockManager] Lock acquired on daemon addresses registry.
2026-05-17T01:23:17.245+0530 [DEBUG] [org.gradle.cache.internal.DefaultFileLockManager] Releasing lock on daemon addresses registry.
2026-05-17T01:23:17.248+0530 [DEBUG] [org.gradle.cache.internal.DefaultFileLockManager] Waiting to acquire shared lock on daemon addresses registry.
2026-05-17T01:23:17.248+0530 [DEBUG] [org.gradle.cache.internal.DefaultFileLockManager] Lock acquired on daemon addresses registry.
2026-05-17T01:23:17.248+0530 [DEBUG] [org.gradle.cache.internal.DefaultFileLockManager] Releasing lock on daemon addresses registry.
2026-05-17T01:23:17.249+0530 [DEBUG] [org.gradle.launcher.daemon.server.Daemon] Finished periodic daemon health check.
2026-05-17T01:23:27.249+0530 [DEBUG] [org.gradle.launcher.daemon.server.Daemon] Starting periodic daemon health check.
2026-05-17T01:23:27.252+0530 [DEBUG] [org.gradle.cache.internal.DefaultFileLockManager] Waiting to acquire shared lock on daemon addresses registry.
2026-05-17T01:23:27.252+0530 [DEBUG] [org.gradle.cache.internal.DefaultFileLockManager] Lock acquired on daemon addresses registry.
2026-05-17T01:23:27.252+0530 [DEBUG] [org.gradle.cache.internal.DefaultFileLockManager] Releasing lock on daemon addresses registry.
2026-05-17T01:23:27.255+0530 [DEBUG] [org.gradle.cache.internal.DefaultFileLockManager] Waiting to acquire shared lock on daemon addresses registry.
2026-05-17T01:23:27.255+0530 [DEBUG] [org.gradle.cache.internal.DefaultFileLockManager] Lock acquired on daemon addresses registry.
2026-05-17T01:23:27.255+0530 [DEBUG] [org.gradle.cache.internal.DefaultFileLockManager] Releasing lock on daemon addresses registry.
2026-05-17T01:23:27.256+0530 [DEBUG] [org.gradle.launcher.daemon.server.Daemon] Finished periodic daemon health check.
2026-05-17T01:23:37.239+0530 [DEBUG] [org.gradle.launcher.daemon.server.Daemon] Starting periodic daemon health check.
2026-05-17T01:23:37.241+0530 [DEBUG] [org.gradle.cache.internal.DefaultFileLockManager] Waiting to acquire shared lock on daemon addresses registry.
2026-05-17T01:23:37.242+0530 [DEBUG] [org.gradle.cache.internal.DefaultFileLockManager] Lock acquired on daemon addresses registry.
2026-05-17T01:23:37.242+0530 [DEBUG] [org.gradle.cache.internal.DefaultFileLockManager] Releasing lock on daemon addresses registry.
2026-05-17T01:23:37.244+0530 [DEBUG] [org.gradle.cache.internal.DefaultFileLockManager] Waiting to acquire shared lock on daemon addresses registry.
2026-05-17T01:23:37.244+0530 [DEBUG] [org.gradle.cache.internal.DefaultFileLockManager] Lock acquired on daemon addresses registry.
2026-05-17T01:23:37.244+0530 [DEBUG] [org.gradle.cache.internal.DefaultFileLockManager] Releasing lock on daemon addresses registry.
2026-05-17T01:23:37.245+0530 [DEBUG] [org.gradle.launcher.daemon.server.Daemon] Finished periodic daemon health check.
2026-05-17T01:23:47.237+0530 [DEBUG] [org.gradle.launcher.daemon.server.Daemon] Starting periodic daemon health check.
2026-05-17T01:23:47.239+0530 [DEBUG] [org.gradle.cache.internal.DefaultFileLockManager] Waiting to acquire shared lock on daemon addresses registry.
2026-05-17T01:23:47.239+0530 [DEBUG] [org.gradle.cache.internal.DefaultFileLockManager] Lock acquired on daemon addresses registry.
2026-05-17T01:23:47.240+0530 [DEBUG] [org.gradle.cache.internal.DefaultFileLockManager] Releasing lock on daemon addresses registry.
2026-05-17T01:23:47.241+0530 [DEBUG] [org.gradle.cache.internal.DefaultFileLockManager] Waiting to acquire shared lock on daemon addresses registry.
2026-05-17T01:23:47.242+0530 [DEBUG] [org.gradle.cache.internal.DefaultFileLockManager] Lock acquired on daemon addresses registry.
2026-05-17T01:23:47.242+0530 [DEBUG] [org.gradle.cache.internal.DefaultFileLockManager] Releasing lock on daemon addresses registry.
2026-05-17T01:23:47.242+0530 [DEBUG] [org.gradle.launcher.daemon.server.Daemon] Finished periodic daemon health check.
2026-05-17T01:23:57.238+0530 [DEBUG] [org.gradle.launcher.daemon.server.Daemon] Starting periodic daemon health check.
2026-05-17T01:23:57.240+0530 [DEBUG] [org.gradle.cache.internal.DefaultFileLockManager] Waiting to acquire shared lock on daemon addresses registry.
2026-05-17T01:23:57.240+0530 [DEBUG] [org.gradle.cache.internal.DefaultFileLockManager] Lock acquired on daemon addresses registry.
2026-05-17T01:23:57.240+0530 [DEBUG] [org.gradle.cache.internal.DefaultFileLockManager] Releasing lock on daemon addresses registry.
2026-05-17T01:23:57.242+0530 [DEBUG] [org.gradle.cache.internal.DefaultFileLockManager] Waiting to acquire shared lock on daemon addresses registry.
2026-05-17T01:23:57.242+0530 [DEBUG] [org.gradle.cache.internal.DefaultFileLockManager] Lock acquired on daemon addresses registry.
2026-05-17T01:23:57.242+0530 [DEBUG] [org.gradle.cache.internal.DefaultFileLockManager] Releasing lock on daemon addresses registry.
2026-05-17T01:23:57.243+0530 [DEBUG] [org.gradle.launcher.daemon.server.Daemon] Finished periodic daemon health check.
2026-05-17T01:24:07.244+0530 [DEBUG] [org.gradle.launcher.daemon.server.Daemon] Starting periodic daemon health check.
2026-05-17T01:24:07.247+0530 [DEBUG] [org.gradle.cache.internal.DefaultFileLockManager] Waiting to acquire shared lock on daemon addresses registry.
2026-05-17T01:24:07.248+0530 [DEBUG] [org.gradle.cache.internal.DefaultFileLockManager] Lock acquired on daemon addresses registry.
2026-05-17T01:24:07.248+0530 [DEBUG] [org.gradle.cache.internal.DefaultFileLockManager] Releasing lock on daemon addresses registry.
2026-05-17T01:24:07.250+0530 [DEBUG] [org.gradle.cache.internal.DefaultFileLockManager] Waiting to acquire shared lock on daemon addresses registry.
2026-05-17T01:24:07.250+0530 [DEBUG] [org.gradle.cache.internal.DefaultFileLockManager] Lock acquired on daemon addresses registry.
2026-05-17T01:24:07.251+0530 [DEBUG] [org.gradle.cache.internal.DefaultFileLockManager] Releasing lock on daemon addresses registry.
2026-05-17T01:24:07.251+0530 [DEBUG] [org.gradle.launcher.daemon.server.Daemon] Finished periodic daemon health check.
2026-05-17T01:24:17.245+0530 [DEBUG] [org.gradle.launcher.daemon.server.Daemon] Starting periodic daemon health check.
2026-05-17T01:24:17.247+0530 [DEBUG] [org.gradle.cache.internal.DefaultFileLockManager] Waiting to acquire shared lock on daemon addresses registry.
2026-05-17T01:24:17.247+0530 [DEBUG] [org.gradle.cache.internal.DefaultFileLockManager] Lock acquired on daemon addresses registry.
2026-05-17T01:24:17.248+0530 [DEBUG] [org.gradle.cache.internal.DefaultFileLockManager] Releasing lock on daemon addresses registry.
2026-05-17T01:24:17.250+0530 [DEBUG] [org.gradle.cache.internal.DefaultFileLockManager] Waiting to acquire shared lock on daemon addresses registry.
2026-05-17T01:24:17.250+0530 [DEBUG] [org.gradle.cache.internal.DefaultFileLockManager] Lock acquired on daemon addresses registry.
2026-05-17T01:24:17.250+0530 [DEBUG] [org.gradle.cache.internal.DefaultFileLockManager] Releasing lock on daemon addresses registry.
2026-05-17T01:24:17.251+0530 [DEBUG] [org.gradle.launcher.daemon.server.Daemon] Finished periodic daemon health check.
2026-05-17T01:24:27.245+0530 [DEBUG] [org.gradle.launcher.daemon.server.Daemon] Starting periodic daemon health check.
2026-05-17T01:24:27.247+0530 [DEBUG] [org.gradle.cache.internal.DefaultFileLockManager] Waiting to acquire shared lock on daemon addresses registry.
2026-05-17T01:24:27.248+0530 [DEBUG] [org.gradle.cache.internal.DefaultFileLockManager] Lock acquired on daemon addresses registry.
2026-05-17T01:24:27.248+0530 [DEBUG] [org.gradle.cache.internal.DefaultFileLockManager] Releasing lock on daemon addresses registry.
2026-05-17T01:24:27.250+0530 [DEBUG] [org.gradle.cache.internal.DefaultFileLockManager] Waiting to acquire shared lock on daemon addresses registry.
2026-05-17T01:24:27.250+0530 [DEBUG] [org.gradle.cache.internal.DefaultFileLockManager] Lock acquired on daemon addresses registry.
2026-05-17T01:24:27.250+0530 [DEBUG] [org.gradle.cache.internal.DefaultFileLockManager] Releasing lock on daemon addresses registry.
2026-05-17T01:24:27.251+0530 [DEBUG] [org.gradle.launcher.daemon.server.Daemon] Finished periodic daemon health check.
2026-05-17T01:24:37.251+0530 [DEBUG] [org.gradle.launcher.daemon.server.Daemon] Starting periodic daemon health check.
2026-05-17T01:24:37.253+0530 [DEBUG] [org.gradle.cache.internal.DefaultFileLockManager] Waiting to acquire shared lock on daemon addresses registry.
2026-05-17T01:24:37.253+0530 [DEBUG] [org.gradle.cache.internal.DefaultFileLockManager] Lock acquired on daemon addresses registry.
2026-05-17T01:24:37.254+0530 [DEBUG] [org.gradle.cache.internal.DefaultFileLockManager] Releasing lock on daemon addresses registry.
2026-05-17T01:24:37.256+0530 [DEBUG] [org.gradle.cache.internal.DefaultFileLockManager] Waiting to acquire shared lock on daemon addresses registry.
2026-05-17T01:24:37.256+0530 [DEBUG] [org.gradle.cache.internal.DefaultFileLockManager] Lock acquired on daemon addresses registry.
2026-05-17T01:24:37.256+0530 [DEBUG] [org.gradle.cache.internal.DefaultFileLockManager] Releasing lock on daemon addresses registry.
2026-05-17T01:24:37.257+0530 [DEBUG] [org.gradle.launcher.daemon.server.Daemon] Finished periodic daemon health check.
2026-05-17T01:24:47.241+0530 [DEBUG] [org.gradle.launcher.daemon.server.Daemon] Starting periodic daemon health check.
2026-05-17T01:24:47.243+0530 [DEBUG] [org.gradle.cache.internal.DefaultFileLockManager] Waiting to acquire shared lock on daemon addresses registry.
2026-05-17T01:24:47.243+0530 [DEBUG] [org.gradle.cache.internal.DefaultFileLockManager] Lock acquired on daemon addresses registry.
2026-05-17T01:24:47.243+0530 [DEBUG] [org.gradle.cache.internal.DefaultFileLockManager] Releasing lock on daemon addresses registry.
2026-05-17T01:24:47.245+0530 [DEBUG] [org.gradle.cache.internal.DefaultFileLockManager] Waiting to acquire shared lock on daemon addresses registry.
2026-05-17T01:24:47.245+0530 [DEBUG] [org.gradle.cache.internal.DefaultFileLockManager] Lock acquired on daemon addresses registry.
2026-05-17T01:24:47.246+0530 [DEBUG] [org.gradle.cache.internal.DefaultFileLockManager] Releasing lock on daemon addresses registry.
2026-05-17T01:24:47.246+0530 [DEBUG] [org.gradle.launcher.daemon.server.Daemon] Finished periodic daemon health check.
2026-05-17T01:24:57.246+0530 [DEBUG] [org.gradle.launcher.daemon.server.Daemon] Starting periodic daemon health check.
2026-05-17T01:24:57.248+0530 [DEBUG] [org.gradle.cache.internal.DefaultFileLockManager] Waiting to acquire shared lock on daemon addresses registry.
2026-05-17T01:24:57.248+0530 [DEBUG] [org.gradle.cache.internal.DefaultFileLockManager] Lock acquired on daemon addresses registry.
2026-05-17T01:24:57.248+0530 [DEBUG] [org.gradle.cache.internal.DefaultFileLockManager] Releasing lock on daemon addresses registry.
2026-05-17T01:24:57.250+0530 [DEBUG] [org.gradle.cache.internal.DefaultFileLockManager] Waiting to acquire shared lock on daemon addresses registry.
2026-05-17T01:24:57.250+0530 [DEBUG] [org.gradle.cache.internal.DefaultFileLockManager] Lock acquired on daemon addresses registry.
2026-05-17T01:24:57.250+0530 [DEBUG] [org.gradle.cache.internal.DefaultFileLockManager] Releasing lock on daemon addresses registry.
2026-05-17T01:24:57.251+0530 [DEBUG] [org.gradle.launcher.daemon.server.Daemon] Finished periodic daemon health check.
2026-05-17T01:25:07.251+0530 [DEBUG] [org.gradle.launcher.daemon.server.Daemon] Starting periodic daemon health check.
2026-05-17T01:25:07.253+0530 [DEBUG] [org.gradle.cache.internal.DefaultFileLockManager] Waiting to acquire shared lock on daemon addresses registry.
2026-05-17T01:25:07.253+0530 [DEBUG] [org.gradle.cache.internal.DefaultFileLockManager] Lock acquired on daemon addresses registry.
2026-05-17T01:25:07.253+0530 [DEBUG] [org.gradle.cache.internal.DefaultFileLockManager] Releasing lock on daemon addresses registry.
2026-05-17T01:25:07.255+0530 [DEBUG] [org.gradle.cache.internal.DefaultFileLockManager] Waiting to acquire shared lock on daemon addresses registry.
2026-05-17T01:25:07.255+0530 [DEBUG] [org.gradle.cache.internal.DefaultFileLockManager] Lock acquired on daemon addresses registry.
2026-05-17T01:25:07.256+0530 [DEBUG] [org.gradle.cache.internal.DefaultFileLockManager] Releasing lock on daemon addresses registry.
2026-05-17T01:25:07.256+0530 [DEBUG] [org.gradle.launcher.daemon.server.Daemon] Finished periodic daemon health check.
2026-05-17T01:25:17.249+0530 [DEBUG] [org.gradle.launcher.daemon.server.Daemon] Starting periodic daemon health check.
2026-05-17T01:25:17.251+0530 [DEBUG] [org.gradle.cache.internal.DefaultFileLockManager] Waiting to acquire shared lock on daemon addresses registry.
2026-05-17T01:25:17.251+0530 [DEBUG] [org.gradle.cache.internal.DefaultFileLockManager] Lock acquired on daemon addresses registry.
2026-05-17T01:25:17.252+0530 [DEBUG] [org.gradle.cache.internal.DefaultFileLockManager] Releasing lock on daemon addresses registry.
2026-05-17T01:25:17.254+0530 [DEBUG] [org.gradle.cache.internal.DefaultFileLockManager] Waiting to acquire shared lock on daemon addresses registry.
2026-05-17T01:25:17.254+0530 [DEBUG] [org.gradle.cache.internal.DefaultFileLockManager] Lock acquired on daemon addresses registry.
2026-05-17T01:25:17.254+0530 [DEBUG] [org.gradle.cache.internal.DefaultFileLockManager] Releasing lock on daemon addresses registry.
2026-05-17T01:25:17.254+0530 [DEBUG] [org.gradle.launcher.daemon.server.Daemon] Finished periodic daemon health check.
2026-05-17T01:25:27.253+0530 [DEBUG] [org.gradle.launcher.daemon.server.Daemon] Starting periodic daemon health check.
2026-05-17T01:25:27.255+0530 [DEBUG] [org.gradle.cache.internal.DefaultFileLockManager] Waiting to acquire shared lock on daemon addresses registry.
2026-05-17T01:25:27.255+0530 [DEBUG] [org.gradle.cache.internal.DefaultFileLockManager] Lock acquired on daemon addresses registry.
2026-05-17T01:25:27.256+0530 [DEBUG] [org.gradle.cache.internal.DefaultFileLockManager] Releasing lock on daemon addresses registry.
2026-05-17T01:25:27.257+0530 [DEBUG] [org.gradle.cache.internal.DefaultFileLockManager] Waiting to acquire shared lock on daemon addresses registry.
2026-05-17T01:25:27.257+0530 [DEBUG] [org.gradle.cache.internal.DefaultFileLockManager] Lock acquired on daemon addresses registry.
2026-05-17T01:25:27.258+0530 [DEBUG] [org.gradle.cache.internal.DefaultFileLockManager] Releasing lock on daemon addresses registry.
2026-05-17T01:25:27.258+0530 [DEBUG] [org.gradle.launcher.daemon.server.Daemon] Finished periodic daemon health check.
2026-05-17T01:25:37.244+0530 [DEBUG] [org.gradle.launcher.daemon.server.Daemon] Starting periodic daemon health check.
2026-05-17T01:25:37.246+0530 [DEBUG] [org.gradle.cache.internal.DefaultFileLockManager] Waiting to acquire shared lock on daemon addresses registry.
2026-05-17T01:25:37.246+0530 [DEBUG] [org.gradle.cache.internal.DefaultFileLockManager] Lock acquired on daemon addresses registry.
2026-05-17T01:25:37.246+0530 [DEBUG] [org.gradle.cache.internal.DefaultFileLockManager] Releasing lock on daemon addresses registry.
2026-05-17T01:25:37.248+0530 [DEBUG] [org.gradle.cache.internal.DefaultFileLockManager] Waiting to acquire shared lock on daemon addresses registry.
2026-05-17T01:25:37.248+0530 [DEBUG] [org.gradle.cache.internal.DefaultFileLockManager] Lock acquired on daemon addresses registry.
2026-05-17T01:25:37.248+0530 [DEBUG] [org.gradle.cache.internal.DefaultFileLockManager] Releasing lock on daemon addresses registry.
2026-05-17T01:25:37.249+0530 [DEBUG] [org.gradle.launcher.daemon.server.Daemon] Finished periodic daemon health check.
2026-05-17T01:25:47.242+0530 [DEBUG] [org.gradle.launcher.daemon.server.Daemon] Starting periodic daemon health check.
2026-05-17T01:25:47.244+0530 [DEBUG] [org.gradle.cache.internal.DefaultFileLockManager] Waiting to acquire shared lock on daemon addresses registry.
2026-05-17T01:25:47.244+0530 [DEBUG] [org.gradle.cache.internal.DefaultFileLockManager] Lock acquired on daemon addresses registry.
2026-05-17T01:25:47.244+0530 [DEBUG] [org.gradle.cache.internal.DefaultFileLockManager] Releasing lock on daemon addresses registry.
2026-05-17T01:25:47.246+0530 [DEBUG] [org.gradle.cache.internal.DefaultFileLockManager] Waiting to acquire shared lock on daemon addresses registry.
2026-05-17T01:25:47.246+0530 [DEBUG] [org.gradle.cache.internal.DefaultFileLockManager] Lock acquired on daemon addresses registry.
2026-05-17T01:25:47.246+0530 [DEBUG] [org.gradle.cache.internal.DefaultFileLockManager] Releasing lock on daemon addresses registry.
2026-05-17T01:25:47.246+0530 [DEBUG] [org.gradle.launcher.daemon.server.Daemon] Finished periodic daemon health check.
2026-05-17T01:25:57.251+0530 [DEBUG] [org.gradle.launcher.daemon.server.Daemon] Starting periodic daemon health check.
2026-05-17T01:25:57.253+0530 [DEBUG] [org.gradle.cache.internal.DefaultFileLockManager] Waiting to acquire shared lock on daemon addresses registry.
2026-05-17T01:25:57.253+0530 [DEBUG] [org.gradle.cache.internal.DefaultFileLockManager] Lock acquired on daemon addresses registry.
2026-05-17T01:25:57.253+0530 [DEBUG] [org.gradle.cache.internal.DefaultFileLockManager] Releasing lock on daemon addresses registry.
2026-05-17T01:25:57.255+0530 [DEBUG] [org.gradle.cache.internal.DefaultFileLockManager] Waiting to acquire shared lock on daemon addresses registry.
2026-05-17T01:25:57.256+0530 [DEBUG] [org.gradle.cache.internal.DefaultFileLockManager] Lock acquired on daemon addresses registry.
2026-05-17T01:25:57.256+0530 [DEBUG] [org.gradle.cache.internal.DefaultFileLockManager] Releasing lock on daemon addresses registry.
2026-05-17T01:25:57.256+0530 [DEBUG] [org.gradle.launcher.daemon.server.Daemon] Finished periodic daemon health check.
2026-05-17T01:26:07.238+0530 [DEBUG] [org.gradle.launcher.daemon.server.Daemon] Starting periodic daemon health check.
2026-05-17T01:26:07.240+0530 [DEBUG] [org.gradle.cache.internal.DefaultFileLockManager] Waiting to acquire shared lock on daemon addresses registry.
2026-05-17T01:26:07.240+0530 [DEBUG] [org.gradle.cache.internal.DefaultFileLockManager] Lock acquired on daemon addresses registry.
2026-05-17T01:26:07.240+0530 [DEBUG] [org.gradle.cache.internal.DefaultFileLockManager] Releasing lock on daemon addresses registry.
2026-05-17T01:26:07.242+0530 [DEBUG] [org.gradle.cache.internal.DefaultFileLockManager] Waiting to acquire shared lock on daemon addresses registry.
2026-05-17T01:26:07.243+0530 [DEBUG] [org.gradle.cache.internal.DefaultFileLockManager] Lock acquired on daemon addresses registry.
2026-05-17T01:26:07.243+0530 [DEBUG] [org.gradle.cache.internal.DefaultFileLockManager] Releasing lock on daemon addresses registry.
2026-05-17T01:26:07.244+0530 [DEBUG] [org.gradle.launcher.daemon.server.Daemon] Finished periodic daemon health check.
2026-05-17T01:26:17.249+0530 [DEBUG] [org.gradle.launcher.daemon.server.Daemon] Starting periodic daemon health check.
2026-05-17T01:26:17.251+0530 [DEBUG] [org.gradle.cache.internal.DefaultFileLockManager] Waiting to acquire shared lock on daemon addresses registry.
2026-05-17T01:26:17.252+0530 [DEBUG] [org.gradle.cache.internal.DefaultFileLockManager] Lock acquired on daemon addresses registry.
2026-05-17T01:26:17.252+0530 [DEBUG] [org.gradle.cache.internal.DefaultFileLockManager] Releasing lock on daemon addresses registry.
2026-05-17T01:26:17.254+0530 [DEBUG] [org.gradle.cache.internal.DefaultFileLockManager] Waiting to acquire shared lock on daemon addresses registry.
2026-05-17T01:26:17.254+0530 [DEBUG] [org.gradle.cache.internal.DefaultFileLockManager] Lock acquired on daemon addresses registry.
2026-05-17T01:26:17.255+0530 [DEBUG] [org.gradle.cache.internal.DefaultFileLockManager] Releasing lock on daemon addresses registry.
2026-05-17T01:26:17.255+0530 [DEBUG] [org.gradle.launcher.daemon.server.Daemon] Finished periodic daemon health check.
2026-05-17T01:26:19.645+0530 [DEBUG] [sun.rmi.transport.tcp] RMI TCP Connection(9)-127.0.0.1: accepted socket from [127.0.0.1:51547]
2026-05-17T01:26:19.646+0530 [DEBUG] [sun.rmi.transport.tcp] RMI TCP Connection(9)-127.0.0.1: (port 51336) op = 80
2026-05-17T01:26:19.646+0530 [DEBUG] [sun.rmi.loader] RMI TCP Connection(9)-127.0.0.1: name = "[Ljava.rmi.server.ObjID;", codebase = "", defaultLoader = jdk.internal.loader.ClassLoaders$PlatformClassLoader@53242ab5
2026-05-17T01:26:19.647+0530 [DEBUG] [sun.rmi.loader] RMI TCP Connection(9)-127.0.0.1: name = "java.rmi.dgc.Lease", codebase = "", defaultLoader = jdk.internal.loader.ClassLoaders$PlatformClassLoader@53242ab5
2026-05-17T01:26:19.647+0530 [DEBUG] [sun.rmi.loader] RMI TCP Connection(9)-127.0.0.1: name = "java.rmi.dgc.VMID", codebase = "", defaultLoader = jdk.internal.loader.ClassLoaders$PlatformClassLoader@53242ab5
2026-05-17T01:26:19.648+0530 [DEBUG] [sun.rmi.loader] RMI TCP Connection(9)-127.0.0.1: name = "[B", codebase = "", defaultLoader = jdk.internal.loader.ClassLoaders$PlatformClassLoader@53242ab5
2026-05-17T01:26:19.648+0530 [DEBUG] [sun.rmi.loader] RMI TCP Connection(9)-127.0.0.1: name = "java.rmi.server.UID", codebase = "", defaultLoader = jdk.internal.loader.ClassLoaders$PlatformClassLoader@53242ab5
2026-05-17T01:26:27.246+0530 [DEBUG] [org.gradle.launcher.daemon.server.Daemon] Starting periodic daemon health check.
2026-05-17T01:26:27.248+0530 [DEBUG] [org.gradle.cache.internal.DefaultFileLockManager] Waiting to acquire shared lock on daemon addresses registry.
2026-05-17T01:26:27.248+0530 [DEBUG] [org.gradle.cache.internal.DefaultFileLockManager] Lock acquired on daemon addresses registry.
2026-05-17T01:26:27.249+0530 [DEBUG] [org.gradle.cache.internal.DefaultFileLockManager] Releasing lock on daemon addresses registry.
2026-05-17T01:26:27.251+0530 [DEBUG] [org.gradle.cache.internal.DefaultFileLockManager] Waiting to acquire shared lock on daemon addresses registry.
2026-05-17T01:26:27.251+0530 [DEBUG] [org.gradle.cache.internal.DefaultFileLockManager] Lock acquired on daemon addresses registry.
2026-05-17T01:26:27.252+0530 [DEBUG] [org.gradle.cache.internal.DefaultFileLockManager] Releasing lock on daemon addresses registry.
2026-05-17T01:26:27.252+0530 [DEBUG] [org.gradle.launcher.daemon.server.Daemon] Finished periodic daemon health check.
2026-05-17T01:26:34.652+0530 [DEBUG] [sun.rmi.transport.tcp] RMI TCP Connection(9)-127.0.0.1: (port 51336) connection closed
2026-05-17T01:26:34.652+0530 [DEBUG] [sun.rmi.transport.tcp] RMI TCP Connection(9)-127.0.0.1: close connection, socket: Socket[addr=/127.0.0.1,port=51547,localport=51336]
2026-05-17T01:26:34.653+0530 [DEBUG] [sun.rmi.transport.tcp] RMI TCP Connection(9)-127.0.0.1: socket close: Socket[addr=/127.0.0.1,port=51547,localport=51336]
2026-05-17T01:26:37.244+0530 [DEBUG] [org.gradle.launcher.daemon.server.Daemon] Starting periodic daemon health check.
2026-05-17T01:26:37.246+0530 [DEBUG] [org.gradle.cache.internal.DefaultFileLockManager] Waiting to acquire shared lock on daemon addresses registry.
2026-05-17T01:26:37.246+0530 [DEBUG] [org.gradle.cache.internal.DefaultFileLockManager] Lock acquired on daemon addresses registry.
2026-05-17T01:26:37.247+0530 [DEBUG] [org.gradle.cache.internal.DefaultFileLockManager] Releasing lock on daemon addresses registry.
2026-05-17T01:26:37.248+0530 [DEBUG] [org.gradle.cache.internal.DefaultFileLockManager] Waiting to acquire shared lock on daemon addresses registry.
2026-05-17T01:26:37.248+0530 [DEBUG] [org.gradle.cache.internal.DefaultFileLockManager] Lock acquired on daemon addresses registry.
2026-05-17T01:26:37.249+0530 [DEBUG] [org.gradle.cache.internal.DefaultFileLockManager] Releasing lock on daemon addresses registry.
2026-05-17T01:26:37.249+0530 [DEBUG] [org.gradle.launcher.daemon.server.Daemon] Finished periodic daemon health check.
2026-05-17T01:26:38.794+0530 [DEBUG] [sun.rmi.transport.tcp] RMI TCP Connection(10)-127.0.0.1: accepted socket from [127.0.0.1:51560]
2026-05-17T01:26:38.812+0530 [DEBUG] [sun.rmi.transport.tcp] RMI TCP Connection(10)-127.0.0.1: (port 51336) op = 80
2026-05-17T01:26:38.813+0530 [DEBUG] [sun.rmi.loader] RMI TCP Connection(10)-127.0.0.1: name = "[Ljava.rmi.server.ObjID;", codebase = "", defaultLoader = jdk.internal.loader.ClassLoaders$PlatformClassLoader@53242ab5
2026-05-17T01:26:38.813+0530 [DEBUG] [sun.rmi.loader] RMI TCP Connection(10)-127.0.0.1: name = "java.rmi.dgc.Lease", codebase = "", defaultLoader = jdk.internal.loader.ClassLoaders$PlatformClassLoader@53242ab5
2026-05-17T01:26:38.813+0530 [DEBUG] [sun.rmi.loader] RMI TCP Connection(10)-127.0.0.1: name = "java.rmi.dgc.VMID", codebase = "", defaultLoader = jdk.internal.loader.ClassLoaders$PlatformClassLoader@53242ab5
2026-05-17T01:26:38.813+0530 [DEBUG] [sun.rmi.loader] RMI TCP Connection(10)-127.0.0.1: name = "[B", codebase = "", defaultLoader = jdk.internal.loader.ClassLoaders$PlatformClassLoader@53242ab5
2026-05-17T01:26:38.813+0530 [DEBUG] [sun.rmi.loader] RMI TCP Connection(10)-127.0.0.1: name = "java.rmi.server.UID", codebase = "", defaultLoader = jdk.internal.loader.ClassLoaders$PlatformClassLoader@53242ab5
2026-05-17T01:26:47.251+0530 [DEBUG] [org.gradle.launcher.daemon.server.Daemon] Starting periodic daemon health check.
2026-05-17T01:26:47.253+0530 [DEBUG] [org.gradle.cache.internal.DefaultFileLockManager] Waiting to acquire shared lock on daemon addresses registry.
2026-05-17T01:26:47.254+0530 [DEBUG] [org.gradle.cache.internal.DefaultFileLockManager] Lock acquired on daemon addresses registry.
2026-05-17T01:26:47.254+0530 [DEBUG] [org.gradle.cache.internal.DefaultFileLockManager] Releasing lock on daemon addresses registry.
2026-05-17T01:26:47.255+0530 [DEBUG] [org.gradle.cache.internal.DefaultFileLockManager] Waiting to acquire shared lock on daemon addresses registry.
2026-05-17T01:26:47.255+0530 [DEBUG] [org.gradle.cache.internal.DefaultFileLockManager] Lock acquired on daemon addresses registry.
2026-05-17T01:26:47.256+0530 [DEBUG] [org.gradle.cache.internal.DefaultFileLockManager] Releasing lock on daemon addresses registry.
2026-05-17T01:26:47.256+0530 [DEBUG] [org.gradle.launcher.daemon.server.Daemon] Finished periodic daemon health check.
2026-05-17T01:26:53.817+0530 [DEBUG] [sun.rmi.transport.tcp] RMI TCP Connection(10)-127.0.0.1: (port 51336) connection closed
2026-05-17T01:26:53.817+0530 [DEBUG] [sun.rmi.transport.tcp] RMI TCP Connection(10)-127.0.0.1: close connection, socket: Socket[addr=/127.0.0.1,port=51560,localport=51336]
2026-05-17T01:26:53.818+0530 [DEBUG] [sun.rmi.transport.tcp] RMI TCP Connection(10)-127.0.0.1: socket close: Socket[addr=/127.0.0.1,port=51560,localport=51336]
2026-05-17T01:26:57.239+0530 [DEBUG] [org.gradle.launcher.daemon.server.Daemon] Starting periodic daemon health check.
2026-05-17T01:26:57.241+0530 [DEBUG] [org.gradle.cache.internal.DefaultFileLockManager] Waiting to acquire shared lock on daemon addresses registry.
2026-05-17T01:26:57.241+0530 [DEBUG] [org.gradle.cache.internal.DefaultFileLockManager] Lock acquired on daemon addresses registry.
2026-05-17T01:26:57.241+0530 [DEBUG] [org.gradle.cache.internal.DefaultFileLockManager] Releasing lock on daemon addresses registry.
2026-05-17T01:26:57.243+0530 [DEBUG] [org.gradle.cache.internal.DefaultFileLockManager] Waiting to acquire shared lock on daemon addresses registry.
2026-05-17T01:26:57.243+0530 [DEBUG] [org.gradle.cache.internal.DefaultFileLockManager] Lock acquired on daemon addresses registry.
2026-05-17T01:26:57.244+0530 [DEBUG] [org.gradle.cache.internal.DefaultFileLockManager] Releasing lock on daemon addresses registry.
2026-05-17T01:26:57.244+0530 [DEBUG] [org.gradle.launcher.daemon.server.Daemon] Finished periodic daemon health check.
2026-05-17T01:27:07.241+0530 [DEBUG] [org.gradle.launcher.daemon.server.Daemon] Starting periodic daemon health check.
2026-05-17T01:27:07.243+0530 [DEBUG] [org.gradle.cache.internal.DefaultFileLockManager] Waiting to acquire shared lock on daemon addresses registry.
2026-05-17T01:27:07.243+0530 [DEBUG] [org.gradle.cache.internal.DefaultFileLockManager] Lock acquired on daemon addresses registry.
2026-05-17T01:27:07.244+0530 [DEBUG] [org.gradle.cache.internal.DefaultFileLockManager] Releasing lock on daemon addresses registry.
2026-05-17T01:27:07.246+0530 [DEBUG] [org.gradle.cache.internal.DefaultFileLockManager] Waiting to acquire shared lock on daemon addresses registry.
2026-05-17T01:27:07.246+0530 [DEBUG] [org.gradle.cache.internal.DefaultFileLockManager] Lock acquired on daemon addresses registry.
2026-05-17T01:27:07.246+0530 [DEBUG] [org.gradle.cache.internal.DefaultFileLockManager] Releasing lock on daemon addresses registry.
2026-05-17T01:27:07.246+0530 [DEBUG] [org.gradle.launcher.daemon.server.Daemon] Finished periodic daemon health check.
2026-05-17T01:27:17.247+0530 [DEBUG] [org.gradle.launcher.daemon.server.Daemon] Starting periodic daemon health check.
2026-05-17T01:27:17.248+0530 [DEBUG] [org.gradle.cache.internal.DefaultFileLockManager] Waiting to acquire shared lock on daemon addresses registry.
2026-05-17T01:27:17.249+0530 [DEBUG] [org.gradle.cache.internal.DefaultFileLockManager] Lock acquired on daemon addresses registry.
2026-05-17T01:27:17.249+0530 [DEBUG] [org.gradle.cache.internal.DefaultFileLockManager] Releasing lock on daemon addresses registry.
2026-05-17T01:27:17.251+0530 [DEBUG] [org.gradle.cache.internal.DefaultFileLockManager] Waiting to acquire shared lock on daemon addresses registry.
2026-05-17T01:27:17.251+0530 [DEBUG] [org.gradle.cache.internal.DefaultFileLockManager] Lock acquired on daemon addresses registry.
2026-05-17T01:27:17.251+0530 [DEBUG] [org.gradle.cache.internal.DefaultFileLockManager] Releasing lock on daemon addresses registry.
2026-05-17T01:27:17.251+0530 [DEBUG] [org.gradle.launcher.daemon.server.Daemon] Finished periodic daemon health check.
2026-05-17T01:27:27.242+0530 [DEBUG] [org.gradle.launcher.daemon.server.Daemon] Starting periodic daemon health check.
2026-05-17T01:27:27.244+0530 [DEBUG] [org.gradle.cache.internal.DefaultFileLockManager] Waiting to acquire shared lock on daemon addresses registry.
2026-05-17T01:27:27.244+0530 [DEBUG] [org.gradle.cache.internal.DefaultFileLockManager] Lock acquired on daemon addresses registry.
2026-05-17T01:27:27.245+0530 [DEBUG] [org.gradle.cache.internal.DefaultFileLockManager] Releasing lock on daemon addresses registry.
2026-05-17T01:27:27.248+0530 [DEBUG] [org.gradle.cache.internal.DefaultFileLockManager] Waiting to acquire shared lock on daemon addresses registry.
2026-05-17T01:27:27.248+0530 [DEBUG] [org.gradle.cache.internal.DefaultFileLockManager] Lock acquired on daemon addresses registry.
2026-05-17T01:27:27.248+0530 [DEBUG] [org.gradle.cache.internal.DefaultFileLockManager] Releasing lock on daemon addresses registry.
2026-05-17T01:27:27.249+0530 [DEBUG] [org.gradle.launcher.daemon.server.Daemon] Finished periodic daemon health check.
2026-05-17T01:27:37.244+0530 [DEBUG] [org.gradle.launcher.daemon.server.Daemon] Starting periodic daemon health check.
2026-05-17T01:27:37.247+0530 [DEBUG] [org.gradle.cache.internal.DefaultFileLockManager] Waiting to acquire shared lock on daemon addresses registry.
2026-05-17T01:27:37.247+0530 [DEBUG] [org.gradle.cache.internal.DefaultFileLockManager] Lock acquired on daemon addresses registry.
2026-05-17T01:27:37.247+0530 [DEBUG] [org.gradle.cache.internal.DefaultFileLockManager] Releasing lock on daemon addresses registry.
2026-05-17T01:27:37.249+0530 [DEBUG] [org.gradle.cache.internal.DefaultFileLockManager] Waiting to acquire shared lock on daemon addresses registry.
2026-05-17T01:27:37.249+0530 [DEBUG] [org.gradle.cache.internal.DefaultFileLockManager] Lock acquired on daemon addresses registry.
2026-05-17T01:27:37.250+0530 [DEBUG] [org.gradle.cache.internal.DefaultFileLockManager] Releasing lock on daemon addresses registry.
2026-05-17T01:27:37.250+0530 [DEBUG] [org.gradle.launcher.daemon.server.Daemon] Finished periodic daemon health check.
2026-05-17T01:27:47.241+0530 [DEBUG] [org.gradle.launcher.daemon.server.Daemon] Starting periodic daemon health check.
2026-05-17T01:27:47.243+0530 [DEBUG] [org.gradle.cache.internal.DefaultFileLockManager] Waiting to acquire shared lock on daemon addresses registry.
2026-05-17T01:27:47.243+0530 [DEBUG] [org.gradle.cache.internal.DefaultFileLockManager] Lock acquired on daemon addresses registry.
2026-05-17T01:27:47.244+0530 [DEBUG] [org.gradle.cache.internal.DefaultFileLockManager] Releasing lock on daemon addresses registry.
2026-05-17T01:27:47.245+0530 [DEBUG] [org.gradle.cache.internal.DefaultFileLockManager] Waiting to acquire shared lock on daemon addresses registry.
2026-05-17T01:27:47.245+0530 [DEBUG] [org.gradle.cache.internal.DefaultFileLockManager] Lock acquired on daemon addresses registry.
2026-05-17T01:27:47.246+0530 [DEBUG] [org.gradle.cache.internal.DefaultFileLockManager] Releasing lock on daemon addresses registry.
2026-05-17T01:27:47.246+0530 [DEBUG] [org.gradle.launcher.daemon.server.Daemon] Finished periodic daemon health check.
2026-05-17T01:27:57.239+0530 [DEBUG] [org.gradle.launcher.daemon.server.Daemon] Starting periodic daemon health check.
2026-05-17T01:27:57.241+0530 [DEBUG] [org.gradle.cache.internal.DefaultFileLockManager] Waiting to acquire shared lock on daemon addresses registry.
2026-05-17T01:27:57.241+0530 [DEBUG] [org.gradle.cache.internal.DefaultFileLockManager] Lock acquired on daemon addresses registry.
2026-05-17T01:27:57.242+0530 [DEBUG] [org.gradle.cache.internal.DefaultFileLockManager] Releasing lock on daemon addresses registry.
2026-05-17T01:27:57.244+0530 [DEBUG] [org.gradle.cache.internal.DefaultFileLockManager] Waiting to acquire shared lock on daemon addresses registry.
2026-05-17T01:27:57.244+0530 [DEBUG] [org.gradle.cache.internal.DefaultFileLockManager] Lock acquired on daemon addresses registry.
2026-05-17T01:27:57.244+0530 [DEBUG] [org.gradle.cache.internal.DefaultFileLockManager] Releasing lock on daemon addresses registry.
2026-05-17T01:27:57.245+0530 [DEBUG] [org.gradle.launcher.daemon.server.Daemon] Finished periodic daemon health check.
2026-05-17T01:28:07.243+0530 [DEBUG] [org.gradle.launcher.daemon.server.Daemon] Starting periodic daemon health check.
2026-05-17T01:28:07.246+0530 [DEBUG] [org.gradle.cache.internal.DefaultFileLockManager] Waiting to acquire shared lock on daemon addresses registry.
2026-05-17T01:28:07.246+0530 [DEBUG] [org.gradle.cache.internal.DefaultFileLockManager] Lock acquired on daemon addresses registry.
2026-05-17T01:28:07.246+0530 [DEBUG] [org.gradle.cache.internal.DefaultFileLockManager] Releasing lock on daemon addresses registry.
2026-05-17T01:28:07.248+0530 [DEBUG] [org.gradle.cache.internal.DefaultFileLockManager] Waiting to acquire shared lock on daemon addresses registry.
2026-05-17T01:28:07.248+0530 [DEBUG] [org.gradle.cache.internal.DefaultFileLockManager] Lock acquired on daemon addresses registry.
2026-05-17T01:28:07.249+0530 [DEBUG] [org.gradle.cache.internal.DefaultFileLockManager] Releasing lock on daemon addresses registry.
2026-05-17T01:28:07.250+0530 [DEBUG] [org.gradle.launcher.daemon.server.Daemon] Finished periodic daemon health check.
2026-05-17T01:28:17.237+0530 [DEBUG] [org.gradle.launcher.daemon.server.Daemon] Starting periodic daemon health check.
2026-05-17T01:28:17.241+0530 [DEBUG] [org.gradle.cache.internal.DefaultFileLockManager] Waiting to acquire shared lock on daemon addresses registry.
2026-05-17T01:28:17.241+0530 [DEBUG] [org.gradle.cache.internal.DefaultFileLockManager] Lock acquired on daemon addresses registry.
2026-05-17T01:28:17.242+0530 [DEBUG] [org.gradle.cache.internal.DefaultFileLockManager] Releasing lock on daemon addresses registry.
2026-05-17T01:28:17.245+0530 [DEBUG] [org.gradle.cache.internal.DefaultFileLockManager] Waiting to acquire shared lock on daemon addresses registry.
2026-05-17T01:28:17.245+0530 [DEBUG] [org.gradle.cache.internal.DefaultFileLockManager] Lock acquired on daemon addresses registry.
2026-05-17T01:28:17.246+0530 [DEBUG] [org.gradle.cache.internal.DefaultFileLockManager] Releasing lock on daemon addresses registry.
2026-05-17T01:28:17.247+0530 [DEBUG] [org.gradle.launcher.daemon.server.Daemon] Finished periodic daemon health check.
2026-05-17T01:28:27.243+0530 [DEBUG] [org.gradle.launcher.daemon.server.Daemon] Starting periodic daemon health check.
2026-05-17T01:28:27.245+0530 [DEBUG] [org.gradle.cache.internal.DefaultFileLockManager] Waiting to acquire shared lock on daemon addresses registry.
2026-05-17T01:28:27.245+0530 [DEBUG] [org.gradle.cache.internal.DefaultFileLockManager] Lock acquired on daemon addresses registry.
2026-05-17T01:28:27.246+0530 [DEBUG] [org.gradle.cache.internal.DefaultFileLockManager] Releasing lock on daemon addresses registry.
2026-05-17T01:28:27.247+0530 [DEBUG] [org.gradle.cache.internal.DefaultFileLockManager] Waiting to acquire shared lock on daemon addresses registry.
2026-05-17T01:28:27.248+0530 [DEBUG] [org.gradle.cache.internal.DefaultFileLockManager] Lock acquired on daemon addresses registry.
2026-05-17T01:28:27.248+0530 [DEBUG] [org.gradle.cache.internal.DefaultFileLockManager] Releasing lock on daemon addresses registry.
2026-05-17T01:28:27.248+0530 [DEBUG] [org.gradle.launcher.daemon.server.Daemon] Finished periodic daemon health check.
2026-05-17T01:28:37.238+0530 [DEBUG] [org.gradle.launcher.daemon.server.Daemon] Starting periodic daemon health check.
2026-05-17T01:28:37.240+0530 [DEBUG] [org.gradle.cache.internal.DefaultFileLockManager] Waiting to acquire shared lock on daemon addresses registry.
2026-05-17T01:28:37.240+0530 [DEBUG] [org.gradle.cache.internal.DefaultFileLockManager] Lock acquired on daemon addresses registry.
2026-05-17T01:28:37.241+0530 [DEBUG] [org.gradle.cache.internal.DefaultFileLockManager] Releasing lock on daemon addresses registry.
2026-05-17T01:28:37.243+0530 [DEBUG] [org.gradle.cache.internal.DefaultFileLockManager] Waiting to acquire shared lock on daemon addresses registry.
2026-05-17T01:28:37.243+0530 [DEBUG] [org.gradle.cache.internal.DefaultFileLockManager] Lock acquired on daemon addresses registry.
2026-05-17T01:28:37.243+0530 [DEBUG] [org.gradle.cache.internal.DefaultFileLockManager] Releasing lock on daemon addresses registry.
2026-05-17T01:28:37.244+0530 [DEBUG] [org.gradle.launcher.daemon.server.Daemon] Finished periodic daemon health check.
2026-05-17T01:28:47.251+0530 [DEBUG] [org.gradle.launcher.daemon.server.Daemon] Starting periodic daemon health check.
2026-05-17T01:28:47.253+0530 [DEBUG] [org.gradle.cache.internal.DefaultFileLockManager] Waiting to acquire shared lock on daemon addresses registry.
2026-05-17T01:28:47.253+0530 [DEBUG] [org.gradle.cache.internal.DefaultFileLockManager] Lock acquired on daemon addresses registry.
2026-05-17T01:28:47.254+0530 [DEBUG] [org.gradle.cache.internal.DefaultFileLockManager] Releasing lock on daemon addresses registry.
2026-05-17T01:28:47.255+0530 [DEBUG] [org.gradle.cache.internal.DefaultFileLockManager] Waiting to acquire shared lock on daemon addresses registry.
2026-05-17T01:28:47.256+0530 [DEBUG] [org.gradle.cache.internal.DefaultFileLockManager] Lock acquired on daemon addresses registry.
2026-05-17T01:28:47.256+0530 [DEBUG] [org.gradle.cache.internal.DefaultFileLockManager] Releasing lock on daemon addresses registry.
2026-05-17T01:28:47.256+0530 [DEBUG] [org.gradle.launcher.daemon.server.Daemon] Finished periodic daemon health check.
2026-05-17T01:28:57.240+0530 [DEBUG] [org.gradle.launcher.daemon.server.Daemon] Starting periodic daemon health check.
2026-05-17T01:28:57.242+0530 [DEBUG] [org.gradle.cache.internal.DefaultFileLockManager] Waiting to acquire shared lock on daemon addresses registry.
2026-05-17T01:28:57.242+0530 [DEBUG] [org.gradle.cache.internal.DefaultFileLockManager] Lock acquired on daemon addresses registry.
2026-05-17T01:28:57.243+0530 [DEBUG] [org.gradle.cache.internal.DefaultFileLockManager] Releasing lock on daemon addresses registry.
2026-05-17T01:28:57.244+0530 [DEBUG] [org.gradle.cache.internal.DefaultFileLockManager] Waiting to acquire shared lock on daemon addresses registry.
2026-05-17T01:28:57.244+0530 [DEBUG] [org.gradle.cache.internal.DefaultFileLockManager] Lock acquired on daemon addresses registry.
2026-05-17T01:28:57.245+0530 [DEBUG] [org.gradle.cache.internal.DefaultFileLockManager] Releasing lock on daemon addresses registry.
2026-05-17T01:28:57.245+0530 [DEBUG] [org.gradle.launcher.daemon.server.Daemon] Finished periodic daemon health check.
2026-05-17T01:29:07.244+0530 [DEBUG] [org.gradle.launcher.daemon.server.Daemon] Starting periodic daemon health check.
2026-05-17T01:29:07.246+0530 [DEBUG] [org.gradle.cache.internal.DefaultFileLockManager] Waiting to acquire shared lock on daemon addresses registry.
2026-05-17T01:29:07.246+0530 [DEBUG] [org.gradle.cache.internal.DefaultFileLockManager] Lock acquired on daemon addresses registry.
2026-05-17T01:29:07.246+0530 [DEBUG] [org.gradle.cache.internal.DefaultFileLockManager] Releasing lock on daemon addresses registry.
2026-05-17T01:29:07.248+0530 [DEBUG] [org.gradle.cache.internal.DefaultFileLockManager] Waiting to acquire shared lock on daemon addresses registry.
2026-05-17T01:29:07.249+0530 [DEBUG] [org.gradle.cache.internal.DefaultFileLockManager] Lock acquired on daemon addresses registry.
2026-05-17T01:29:07.249+0530 [DEBUG] [org.gradle.cache.internal.DefaultFileLockManager] Releasing lock on daemon addresses registry.
2026-05-17T01:29:07.249+0530 [DEBUG] [org.gradle.launcher.daemon.server.Daemon] Finished periodic daemon health check.
2026-05-17T01:29:17.252+0530 [DEBUG] [org.gradle.launcher.daemon.server.Daemon] Starting periodic daemon health check.
2026-05-17T01:29:17.254+0530 [DEBUG] [org.gradle.cache.internal.DefaultFileLockManager] Waiting to acquire shared lock on daemon addresses registry.
2026-05-17T01:29:17.254+0530 [DEBUG] [org.gradle.cache.internal.DefaultFileLockManager] Lock acquired on daemon addresses registry.
2026-05-17T01:29:17.254+0530 [DEBUG] [org.gradle.cache.internal.DefaultFileLockManager] Releasing lock on daemon addresses registry.
2026-05-17T01:29:17.256+0530 [DEBUG] [org.gradle.cache.internal.DefaultFileLockManager] Waiting to acquire shared lock on daemon addresses registry.
2026-05-17T01:29:17.256+0530 [DEBUG] [org.gradle.cache.internal.DefaultFileLockManager] Lock acquired on daemon addresses registry.
2026-05-17T01:29:17.256+0530 [DEBUG] [org.gradle.cache.internal.DefaultFileLockManager] Releasing lock on daemon addresses registry.
2026-05-17T01:29:17.257+0530 [DEBUG] [org.gradle.launcher.daemon.server.Daemon] Finished periodic daemon health check.
2026-05-17T01:29:27.249+0530 [DEBUG] [org.gradle.launcher.daemon.server.Daemon] Starting periodic daemon health check.
2026-05-17T01:29:27.251+0530 [DEBUG] [org.gradle.cache.internal.DefaultFileLockManager] Waiting to acquire shared lock on daemon addresses registry.
2026-05-17T01:29:27.252+0530 [DEBUG] [org.gradle.cache.internal.DefaultFileLockManager] Lock acquired on daemon addresses registry.
2026-05-17T01:29:27.253+0530 [DEBUG] [org.gradle.cache.internal.DefaultFileLockManager] Releasing lock on daemon addresses registry.
2026-05-17T01:29:27.255+0530 [DEBUG] [org.gradle.cache.internal.DefaultFileLockManager] Waiting to acquire shared lock on daemon addresses registry.
2026-05-17T01:29:27.255+0530 [DEBUG] [org.gradle.cache.internal.DefaultFileLockManager] Lock acquired on daemon addresses registry.
2026-05-17T01:29:27.255+0530 [DEBUG] [org.gradle.cache.internal.DefaultFileLockManager] Releasing lock on daemon addresses registry.
2026-05-17T01:29:27.256+0530 [DEBUG] [org.gradle.launcher.daemon.server.Daemon] Finished periodic daemon health check.
2026-05-17T01:29:37.237+0530 [DEBUG] [org.gradle.launcher.daemon.server.Daemon] Starting periodic daemon health check.
2026-05-17T01:29:37.240+0530 [DEBUG] [org.gradle.cache.internal.DefaultFileLockManager] Waiting to acquire shared lock on daemon addresses registry.
2026-05-17T01:29:37.240+0530 [DEBUG] [org.gradle.cache.internal.DefaultFileLockManager] Lock acquired on daemon addresses registry.
2026-05-17T01:29:37.240+0530 [DEBUG] [org.gradle.cache.internal.DefaultFileLockManager] Releasing lock on daemon addresses registry.
2026-05-17T01:29:37.242+0530 [DEBUG] [org.gradle.cache.internal.DefaultFileLockManager] Waiting to acquire shared lock on daemon addresses registry.
2026-05-17T01:29:37.242+0530 [DEBUG] [org.gradle.cache.internal.DefaultFileLockManager] Lock acquired on daemon addresses registry.
2026-05-17T01:29:37.242+0530 [DEBUG] [org.gradle.cache.internal.DefaultFileLockManager] Releasing lock on daemon addresses registry.
2026-05-17T01:29:37.243+0530 [DEBUG] [org.gradle.launcher.daemon.server.Daemon] Finished periodic daemon health check.
2026-05-17T01:29:47.247+0530 [DEBUG] [org.gradle.launcher.daemon.server.Daemon] Starting periodic daemon health check.
2026-05-17T01:29:47.249+0530 [DEBUG] [org.gradle.cache.internal.DefaultFileLockManager] Waiting to acquire shared lock on daemon addresses registry.
2026-05-17T01:29:47.249+0530 [DEBUG] [org.gradle.cache.internal.DefaultFileLockManager] Lock acquired on daemon addresses registry.
2026-05-17T01:29:47.250+0530 [DEBUG] [org.gradle.cache.internal.DefaultFileLockManager] Releasing lock on daemon addresses registry.
2026-05-17T01:29:47.252+0530 [DEBUG] [org.gradle.cache.internal.DefaultFileLockManager] Waiting to acquire shared lock on daemon addresses registry.
2026-05-17T01:29:47.252+0530 [DEBUG] [org.gradle.cache.internal.DefaultFileLockManager] Lock acquired on daemon addresses registry.
2026-05-17T01:29:47.254+0530 [DEBUG] [org.gradle.cache.internal.DefaultFileLockManager] Releasing lock on daemon addresses registry.
2026-05-17T01:29:47.255+0530 [DEBUG] [org.gradle.launcher.daemon.server.Daemon] Finished periodic daemon health check.
2026-05-17T01:29:57.250+0530 [DEBUG] [org.gradle.launcher.daemon.server.Daemon] Starting periodic daemon health check.
2026-05-17T01:29:57.252+0530 [DEBUG] [org.gradle.cache.internal.DefaultFileLockManager] Waiting to acquire shared lock on daemon addresses registry.
2026-05-17T01:29:57.252+0530 [DEBUG] [org.gradle.cache.internal.DefaultFileLockManager] Lock acquired on daemon addresses registry.
2026-05-17T01:29:57.252+0530 [DEBUG] [org.gradle.cache.internal.DefaultFileLockManager] Releasing lock on daemon addresses registry.
2026-05-17T01:29:57.254+0530 [DEBUG] [org.gradle.cache.internal.DefaultFileLockManager] Waiting to acquire shared lock on daemon addresses registry.
2026-05-17T01:29:57.255+0530 [DEBUG] [org.gradle.cache.internal.DefaultFileLockManager] Lock acquired on daemon addresses registry.
2026-05-17T01:29:57.255+0530 [DEBUG] [org.gradle.cache.internal.DefaultFileLockManager] Releasing lock on daemon addresses registry.
2026-05-17T01:29:57.256+0530 [DEBUG] [org.gradle.launcher.daemon.server.Daemon] Finished periodic daemon health check.
2026-05-17T01:30:02.096+0530 [DEBUG] [org.gradle.internal.remote.internal.inet.TcpIncomingConnector] Accepted connection from /127.0.0.1:56466 to /127.0.0.1:58339.
2026-05-17T01:30:02.123+0530 [DEBUG] [org.gradle.launcher.daemon.server.SynchronizedDispatchConnection] thread 582: received class org.gradle.launcher.daemon.protocol.Build
2026-05-17T01:30:02.124+0530 [DEBUG] [org.gradle.launcher.daemon.server.DefaultDaemonConnection] thread 582: Received non-IO message from client: Build{id=16d48cf4-29f5-4bfa-9a5e-3b2df5c2fd5d, currentDir=C:\Users\HP\OneDrive\Desktop\kulli file}
2026-05-17T01:30:02.124+0530 [INFO] [org.gradle.launcher.daemon.server.DefaultIncomingConnectionHandler] Received command: Build{id=16d48cf4-29f5-4bfa-9a5e-3b2df5c2fd5d, currentDir=C:\Users\HP\OneDrive\Desktop\kulli file}.
2026-05-17T01:30:02.124+0530 [DEBUG] [org.gradle.launcher.daemon.server.DefaultIncomingConnectionHandler] Starting executing command: Build{id=16d48cf4-29f5-4bfa-9a5e-3b2df5c2fd5d, currentDir=C:\Users\HP\OneDrive\Desktop\kulli file} with connection: socket connection from /127.0.0.1:58339 to /127.0.0.1:56466.
2026-05-17T01:30:02.127+0530 [DEBUG] [org.gradle.launcher.daemon.server.DaemonStateCoordinator] Command execution: started DaemonCommandExecution[command = Build{id=16d48cf4-29f5-4bfa-9a5e-3b2df5c2fd5d, currentDir=C:\Users\HP\OneDrive\Desktop\kulli file}, connection = DefaultDaemonConnection: socket connection from /127.0.0.1:58339 to /127.0.0.1:56466] after 19.096433333333334 minutes of idle
2026-05-17T01:30:02.127+0530 [INFO] [org.gradle.launcher.daemon.server.DaemonRegistryUpdater] Marking the daemon as busy, address: [bf9560a8-3386-41da-9b73-86f9d79e54da port:58339, addresses:[localhost/127.0.0.1]]
2026-05-17T01:30:02.127+0530 [DEBUG] [org.gradle.launcher.daemon.registry.PersistentDaemonRegistry] Marking busy by address: [bf9560a8-3386-41da-9b73-86f9d79e54da port:58339, addresses:[localhost/127.0.0.1]]
2026-05-17T01:30:02.129+0530 [DEBUG] [org.gradle.cache.internal.DefaultFileLockManager] Waiting to acquire exclusive lock on daemon addresses registry.
2026-05-17T01:30:02.131+0530 [DEBUG] [org.gradle.cache.internal.DefaultFileLockManager] Lock acquired on daemon addresses registry.
2026-05-17T01:30:02.133+0530 [DEBUG] [org.gradle.cache.internal.DefaultFileLockManager] Releasing lock on daemon addresses registry.
2026-05-17T01:30:02.134+0530 [DEBUG] [org.gradle.launcher.daemon.server.DaemonStateCoordinator] resetting idle timer
2026-05-17T01:30:02.134+0530 [DEBUG] [org.gradle.launcher.daemon.server.DaemonStateCoordinator] daemon is running. Sleeping until state changes.
2026-05-17T01:30:02.135+0530 [INFO] [org.gradle.launcher.daemon.server.exec.StartBuildOrRespondWithBusy] Daemon is about to start building Build{id=16d48cf4-29f5-4bfa-9a5e-3b2df5c2fd5d, currentDir=C:\Users\HP\OneDrive\Desktop\kulli file}. Dispatching build started information...
2026-05-17T01:30:02.135+0530 [DEBUG] [org.gradle.launcher.daemon.server.SynchronizedDispatchConnection] thread 584: dispatching org.gradle.launcher.daemon.protocol.BuildStarted@11e9b79f
2026-05-17T01:30:02.139+0530 [DEBUG] [org.gradle.launcher.daemon.server.exec.EstablishBuildEnvironment] Configuring env variables: [USERDOMAIN_ROAMINGPROFILE, LOCALAPPDATA, PROCESSOR_LEVEL, RegionCode, USERDOMAIN, LOGONSERVER, SESSIONNAME, ALLUSERSPROFILE, PROCESSOR_ARCHITECTURE, AMDRMSDKPATH, PSModulePath, SystemDrive, OneDrive, APPDATA, USERNAME, ProgramFiles(x86), CommonProgramFiles, Path, PATHEXT, DriverData, OS, COMPUTERNAME, OnlineServices, EFC_10680_4126798990, PROCESSOR_REVISION, platformcode, CommonProgramW6432, ComSpec, ProgramData, ProgramW6432, TEMP, HOMEPATH, SystemRoot, PROCESSOR_IDENTIFIER, HOMEDRIVE, USERPROFILE, TMP, CommonProgramFiles(x86), ProgramFiles, PUBLIC, windir, NUMBER_OF_PROCESSORS, EFC_10680_1592913036, =::]
2026-05-17T01:30:02.143+0530 [DEBUG] [org.gradle.launcher.daemon.server.exec.LogToClient] About to start relaying all logs to the client via the connection.
2026-05-17T01:30:02.144+0530 [INFO] [org.gradle.launcher.daemon.server.exec.LogToClient] The client will now receive all logging from the daemon (pid: 28808). The daemon log file: C:\Users\HP\OneDrive\Desktop\Rajesh folder\daemon\9.4.1\daemon-28808.out.log
2026-05-17T01:30:02.148+0530 [INFO] [org.gradle.launcher.daemon.server.exec.LogAndCheckHealth] Starting 11th build in daemon [uptime: 30 mins 25.176 secs, performance: 99%, GC rate: 0.00/s, heap usage: 0% of 2 GiB]
2026-05-17T01:30:02.150+0530 [DEBUG] [org.gradle.launcher.daemon.server.exec.ExecuteBuild] The daemon has started executing the build.
2026-05-17T01:30:02.150+0530 [DEBUG] [org.gradle.launcher.daemon.server.exec.ExecuteBuild] Executing build with daemon context: DefaultDaemonContext[uid=293127d5-5cad-41b6-b559-89d81bf71abb,javaHome=C:\Program Files\Android\Android Studio\jbr,javaVersion=21,javaVendor=JetBrains s.r.o.,daemonRegistryDir=C:\Users\HP\OneDrive\Desktop\Rajesh folder\daemon,pid=28808,idleTimeout=10800000,priority=NORMAL,applyInstrumentationAgent=true,nativeServicesMode=ENABLED,daemonOpts=-Xmx2048m,-Dfile.encoding=UTF-8,-Duser.country=IN,-Duser.language=en,-Duser.variant]
warning: Deprecated 'org.jetbrains.kotlin.android' plugin usageThe 'org.jetbrains.kotlin.android' plugin in project ':app' is no longer required for Kotlin support since AGP 9.0.Solution: Remove both `android.builtInKotlin=true` and `android.newDsl=false` from `gradle.properties`, then migrate to built-in Kotlin.See https://kotl.in/gradle/agp-built-in-kotlin for more details. 

w: Deprecated 'org.jetbrains.kotlin.android' plugin usage
The 'org.jetbrains.kotlin.android' plugin in project ':app' is no longer required for Kotlin support since AGP 9.0.
Solution: Remove both `android.builtInKotlin=true` and `android.newDsl=false` from `gradle.properties`, then migrate to built-in Kotlin.
See https://kotl.in/gradle/agp-built-in-kotlin for more details.


[Incubating] Problems report is available at: file:///C:/Users/HP/OneDrive/Desktop/kulli%20file/build/reports/problems/problems-report.html

BUILD SUCCESSFUL in 2s
2026-05-17T01:30:04.942+0530 [DEBUG] [org.gradle.launcher.daemon.server.exec.ExecuteBuild] The daemon has finished executing the build.
2026-05-17T01:30:04.958+0530 [DEBUG] [org.gradle.launcher.daemon.server.DaemonStateCoordinator] daemon is running. Sleeping until state changes.
2026-05-17T01:30:04.959+0530 [DEBUG] [org.gradle.launcher.daemon.server.DaemonStateCoordinator] Command execution: finished waiting for DaemonCommandExecution[command = Build{id=16d48cf4-29f5-4bfa-9a5e-3b2df5c2fd5d, currentDir=C:\Users\HP\OneDrive\Desktop\kulli file}, connection = DefaultDaemonConnection: socket connection from /127.0.0.1:58339 to /127.0.0.1:56466]. Result org.gradle.launcher.daemon.server.DaemonStateCoordinator@67c3e3a7 with state Busy
2026-05-17T01:30:04.959+0530 [DEBUG] [org.gradle.launcher.daemon.server.DaemonStateCoordinator] Command execution: completed DaemonCommandExecution[command = Build{id=16d48cf4-29f5-4bfa-9a5e-3b2df5c2fd5d, currentDir=C:\Users\HP\OneDrive\Desktop\kulli file}, connection = DefaultDaemonConnection: socket connection from /127.0.0.1:58339 to /127.0.0.1:56466]
2026-05-17T01:30:04.959+0530 [DEBUG] [org.gradle.launcher.daemon.server.DaemonStateCoordinator] resetting idle timer
2026-05-17T01:30:04.959+0530 [INFO] [org.gradle.launcher.daemon.server.DaemonRegistryUpdater] Marking the daemon as idle, address: [bf9560a8-3386-41da-9b73-86f9d79e54da port:58339, addresses:[localhost/127.0.0.1]]
2026-05-17T01:30:04.959+0530 [DEBUG] [org.gradle.launcher.daemon.registry.PersistentDaemonRegistry] Marking busy by address: [bf9560a8-3386-41da-9b73-86f9d79e54da port:58339, addresses:[localhost/127.0.0.1]]
2026-05-17T01:30:04.960+0530 [DEBUG] [org.gradle.cache.internal.DefaultFileLockManager] Waiting to acquire exclusive lock on daemon addresses registry.
2026-05-17T01:30:04.961+0530 [DEBUG] [org.gradle.cache.internal.DefaultFileLockManager] Lock acquired on daemon addresses registry.
2026-05-17T01:30:04.963+0530 [DEBUG] [org.gradle.cache.internal.DefaultFileLockManager] Releasing lock on daemon addresses registry.
2026-05-17T01:30:04.963+0530 [DEBUG] [org.gradle.launcher.daemon.server.DaemonStateCoordinator] daemon is running. Sleeping until state changes.
2026-05-17T01:30:04.963+0530 [DEBUG] [org.gradle.launcher.daemon.server.exec.ReturnResult] Daemon is dispatching the build result: Success[value=org.gradle.launcher.exec.BuildActionResult@7014ecfb]
2026-05-17T01:30:04.963+0530 [DEBUG] [org.gradle.launcher.daemon.server.SynchronizedDispatchConnection] thread 581: dispatching Success[value=org.gradle.launcher.exec.BuildActionResult@7014ecfb]
2026-05-17T01:30:04.964+0530 [DEBUG] [org.gradle.launcher.daemon.server.DefaultIncomingConnectionHandler] Finishing executing command: Build{id=16d48cf4-29f5-4bfa-9a5e-3b2df5c2fd5d, currentDir=C:\Users\HP\OneDrive\Desktop\kulli file}
2026-05-17T01:30:04.964+0530 [DEBUG] [org.gradle.launcher.daemon.server.SynchronizedDispatchConnection] thread 582: received class org.gradle.launcher.daemon.protocol.CloseInput
2026-05-17T01:30:04.964+0530 [DEBUG] [org.gradle.launcher.daemon.server.DefaultDaemonConnection] thread 582: Received IO message from client: org.gradle.launcher.daemon.protocol.CloseInput@ee50d91
2026-05-17T01:30:04.964+0530 [DEBUG] [org.gradle.launcher.daemon.server.exec.CleanUpVirtualFileSystemAfterBuild] Cleaning virtual file system after build finished
2026-05-17T01:30:04.964+0530 [DEBUG] [org.gradle.launcher.daemon.server.SynchronizedDispatchConnection] thread 582: received class org.gradle.launcher.daemon.protocol.Finished
2026-05-17T01:30:04.964+0530 [DEBUG] [org.gradle.launcher.daemon.server.DefaultDaemonConnection] thread 582: Received non-IO message from client: org.gradle.launcher.daemon.protocol.Finished@22f23d
2026-05-17T01:30:04.964+0530 [DEBUG] [org.gradle.launcher.daemon.server.DefaultIncomingConnectionHandler] Received finished message: org.gradle.launcher.daemon.protocol.Finished@22f23d
2026-05-17T01:30:04.965+0530 [DEBUG] [org.gradle.launcher.daemon.server.SynchronizedDispatchConnection] thread 581: stopping connection
2026-05-17T01:30:04.965+0530 [DEBUG] [org.gradle.internal.remote.internal.inet.SocketConnection] Discarding EOFException: java.io.EOFException
2026-05-17T01:30:04.965+0530 [DEBUG] [org.gradle.launcher.daemon.server.SynchronizedDispatchConnection] thread 582: received null
2026-05-17T01:30:04.965+0530 [DEBUG] [org.gradle.launcher.daemon.server.DefaultDaemonConnection] thread 582: Received end-of-input from client.
2026-05-17T01:30:04.965+0530 [DEBUG] [org.gradle.launcher.daemon.server.SynchronizedDispatchConnection] thread 581: stopping connection
2026-05-17T01:30:07.252+0530 [DEBUG] [org.gradle.launcher.daemon.server.Daemon] Starting periodic daemon health check.
2026-05-17T01:30:07.254+0530 [DEBUG] [org.gradle.cache.internal.DefaultFileLockManager] Waiting to acquire shared lock on daemon addresses registry.
2026-05-17T01:30:07.254+0530 [DEBUG] [org.gradle.cache.internal.DefaultFileLockManager] Lock acquired on daemon addresses registry.
2026-05-17T01:30:07.255+0530 [DEBUG] [org.gradle.cache.internal.DefaultFileLockManager] Releasing lock on daemon addresses registry.
2026-05-17T01:30:07.257+0530 [DEBUG] [org.gradle.cache.internal.DefaultFileLockManager] Waiting to acquire shared lock on daemon addresses registry.
2026-05-17T01:30:07.257+0530 [DEBUG] [org.gradle.cache.internal.DefaultFileLockManager] Lock acquired on daemon addresses registry.
2026-05-17T01:30:07.257+0530 [DEBUG] [org.gradle.cache.internal.DefaultFileLockManager] Releasing lock on daemon addresses registry.
2026-05-17T01:30:07.257+0530 [DEBUG] [org.gradle.launcher.daemon.server.Daemon] Finished periodic daemon health check.
2026-05-17T01:30:17.250+0530 [DEBUG] [org.gradle.launcher.daemon.server.Daemon] Starting periodic daemon health check.
2026-05-17T01:30:17.252+0530 [DEBUG] [org.gradle.cache.internal.DefaultFileLockManager] Waiting to acquire shared lock on daemon addresses registry.
2026-05-17T01:30:17.253+0530 [DEBUG] [org.gradle.cache.internal.DefaultFileLockManager] Lock acquired on daemon addresses registry.
2026-05-17T01:30:17.253+0530 [DEBUG] [org.gradle.cache.internal.DefaultFileLockManager] Releasing lock on daemon addresses registry.
2026-05-17T01:30:17.254+0530 [DEBUG] [org.gradle.cache.internal.DefaultFileLockManager] Waiting to acquire shared lock on daemon addresses registry.
2026-05-17T01:30:17.254+0530 [DEBUG] [org.gradle.cache.internal.DefaultFileLockManager] Lock acquired on daemon addresses registry.
2026-05-17T01:30:17.255+0530 [DEBUG] [org.gradle.cache.internal.DefaultFileLockManager] Releasing lock on daemon addresses registry.
2026-05-17T01:30:17.255+0530 [DEBUG] [org.gradle.launcher.daemon.server.Daemon] Finished periodic daemon health check.
2026-05-17T01:30:27.243+0530 [DEBUG] [org.gradle.launcher.daemon.server.Daemon] Starting periodic daemon health check.
2026-05-17T01:30:27.245+0530 [DEBUG] [org.gradle.cache.internal.DefaultFileLockManager] Waiting to acquire shared lock on daemon addresses registry.
2026-05-17T01:30:27.245+0530 [DEBUG] [org.gradle.cache.internal.DefaultFileLockManager] Lock acquired on daemon addresses registry.
2026-05-17T01:30:27.246+0530 [DEBUG] [org.gradle.cache.internal.DefaultFileLockManager] Releasing lock on daemon addresses registry.
2026-05-17T01:30:27.247+0530 [DEBUG] [org.gradle.cache.internal.DefaultFileLockManager] Waiting to acquire shared lock on daemon addresses registry.
2026-05-17T01:30:27.248+0530 [DEBUG] [org.gradle.cache.internal.DefaultFileLockManager] Lock acquired on daemon addresses registry.
2026-05-17T01:30:27.248+0530 [DEBUG] [org.gradle.cache.internal.DefaultFileLockManager] Releasing lock on daemon addresses registry.
2026-05-17T01:30:27.248+0530 [DEBUG] [org.gradle.launcher.daemon.server.Daemon] Finished periodic daemon health check.
2026-05-17T01:30:37.248+0530 [DEBUG] [org.gradle.launcher.daemon.server.Daemon] Starting periodic daemon health check.
2026-05-17T01:30:37.250+0530 [DEBUG] [org.gradle.cache.internal.DefaultFileLockManager] Waiting to acquire shared lock on daemon addresses registry.
2026-05-17T01:30:37.250+0530 [DEBUG] [org.gradle.cache.internal.DefaultFileLockManager] Lock acquired on daemon addresses registry.
2026-05-17T01:30:37.250+0530 [DEBUG] [org.gradle.cache.internal.DefaultFileLockManager] Releasing lock on daemon addresses registry.
2026-05-17T01:30:37.252+0530 [DEBUG] [org.gradle.cache.internal.DefaultFileLockManager] Waiting to acquire shared lock on daemon addresses registry.
2026-05-17T01:30:37.252+0530 [DEBUG] [org.gradle.cache.internal.DefaultFileLockManager] Lock acquired on daemon addresses registry.
2026-05-17T01:30:37.252+0530 [DEBUG] [org.gradle.cache.internal.DefaultFileLockManager] Releasing lock on daemon addresses registry.
2026-05-17T01:30:37.252+0530 [DEBUG] [org.gradle.launcher.daemon.server.Daemon] Finished periodic daemon health check.
2026-05-17T01:30:47.250+0530 [DEBUG] [org.gradle.launcher.daemon.server.Daemon] Starting periodic daemon health check.
2026-05-17T01:30:47.251+0530 [DEBUG] [org.gradle.cache.internal.DefaultFileLockManager] Waiting to acquire shared lock on daemon addresses registry.
2026-05-17T01:30:47.251+0530 [DEBUG] [org.gradle.cache.internal.DefaultFileLockManager] Lock acquired on daemon addresses registry.
2026-05-17T01:30:47.252+0530 [DEBUG] [org.gradle.cache.internal.DefaultFileLockManager] Releasing lock on daemon addresses registry.
2026-05-17T01:30:47.253+0530 [DEBUG] [org.gradle.cache.internal.DefaultFileLockManager] Waiting to acquire shared lock on daemon addresses registry.
2026-05-17T01:30:47.253+0530 [DEBUG] [org.gradle.cache.internal.DefaultFileLockManager] Lock acquired on daemon addresses registry.
2026-05-17T01:30:47.254+0530 [DEBUG] [org.gradle.cache.internal.DefaultFileLockManager] Releasing lock on daemon addresses registry.
2026-05-17T01:30:47.254+0530 [DEBUG] [org.gradle.launcher.daemon.server.Daemon] Finished periodic daemon health check.
2026-05-17T01:30:57.244+0530 [DEBUG] [org.gradle.launcher.daemon.server.Daemon] Starting periodic daemon health check.
2026-05-17T01:30:57.246+0530 [DEBUG] [org.gradle.cache.internal.DefaultFileLockManager] Waiting to acquire shared lock on daemon addresses registry.
2026-05-17T01:30:57.246+0530 [DEBUG] [org.gradle.cache.internal.DefaultFileLockManager] Lock acquired on daemon addresses registry.
2026-05-17T01:30:57.247+0530 [DEBUG] [org.gradle.cache.internal.DefaultFileLockManager] Releasing lock on daemon addresses registry.
2026-05-17T01:30:57.249+0530 [DEBUG] [org.gradle.cache.internal.DefaultFileLockManager] Waiting to acquire shared lock on daemon addresses registry.
2026-05-17T01:30:57.249+0530 [DEBUG] [org.gradle.cache.internal.DefaultFileLockManager] Lock acquired on daemon addresses registry.
2026-05-17T01:30:57.266+0530 [DEBUG] [org.gradle.cache.internal.DefaultFileLockManager] Releasing lock on daemon addresses registry.
2026-05-17T01:30:57.266+0530 [DEBUG] [org.gradle.launcher.daemon.server.Daemon] Finished periodic daemon health check.
2026-05-17T01:31:07.243+0530 [DEBUG] [org.gradle.launcher.daemon.server.Daemon] Starting periodic daemon health check.
2026-05-17T01:31:07.245+0530 [DEBUG] [org.gradle.cache.internal.DefaultFileLockManager] Waiting to acquire shared lock on daemon addresses registry.
2026-05-17T01:31:07.245+0530 [DEBUG] [org.gradle.cache.internal.DefaultFileLockManager] Lock acquired on daemon addresses registry.
2026-05-17T01:31:07.245+0530 [DEBUG] [org.gradle.cache.internal.DefaultFileLockManager] Releasing lock on daemon addresses registry.
2026-05-17T01:31:07.247+0530 [DEBUG] [org.gradle.cache.internal.DefaultFileLockManager] Waiting to acquire shared lock on daemon addresses registry.
2026-05-17T01:31:07.247+0530 [DEBUG] [org.gradle.cache.internal.DefaultFileLockManager] Lock acquired on daemon addresses registry.
2026-05-17T01:31:07.248+0530 [DEBUG] [org.gradle.cache.internal.DefaultFileLockManager] Releasing lock on daemon addresses registry.
2026-05-17T01:31:07.248+0530 [DEBUG] [org.gradle.launcher.daemon.server.Daemon] Finished periodic daemon health check.
2026-05-17T01:31:17.242+0530 [DEBUG] [org.gradle.launcher.daemon.server.Daemon] Starting periodic daemon health check.
2026-05-17T01:31:17.243+0530 [DEBUG] [org.gradle.cache.internal.DefaultFileLockManager] Waiting to acquire shared lock on daemon addresses registry.
2026-05-17T01:31:17.243+0530 [DEBUG] [org.gradle.cache.internal.DefaultFileLockManager] Lock acquired on daemon addresses registry.
2026-05-17T01:31:17.244+0530 [DEBUG] [org.gradle.cache.internal.DefaultFileLockManager] Releasing lock on daemon addresses registry.
2026-05-17T01:31:17.245+0530 [DEBUG] [org.gradle.cache.internal.DefaultFileLockManager] Waiting to acquire shared lock on daemon addresses registry.
2026-05-17T01:31:17.245+0530 [DEBUG] [org.gradle.cache.internal.DefaultFileLockManager] Lock acquired on daemon addresses registry.
2026-05-17T01:31:17.245+0530 [DEBUG] [org.gradle.cache.internal.DefaultFileLockManager] Releasing lock on daemon addresses registry.
2026-05-17T01:31:17.246+0530 [DEBUG] [org.gradle.launcher.daemon.server.Daemon] Finished periodic daemon health check.
2026-05-17T01:31:19.658+0530 [DEBUG] [sun.rmi.transport.tcp] RMI TCP Connection(11)-127.0.0.1: accepted socket from [127.0.0.1:57863]
2026-05-17T01:31:19.659+0530 [DEBUG] [sun.rmi.transport.tcp] RMI TCP Connection(11)-127.0.0.1: (port 51336) op = 80
2026-05-17T01:31:19.659+0530 [DEBUG] [sun.rmi.loader] RMI TCP Connection(11)-127.0.0.1: name = "[Ljava.rmi.server.ObjID;", codebase = "", defaultLoader = jdk.internal.loader.ClassLoaders$PlatformClassLoader@53242ab5
2026-05-17T01:31:19.659+0530 [DEBUG] [sun.rmi.loader] RMI TCP Connection(11)-127.0.0.1: name = "java.rmi.dgc.Lease", codebase = "", defaultLoader = jdk.internal.loader.ClassLoaders$PlatformClassLoader@53242ab5
2026-05-17T01:31:19.659+0530 [DEBUG] [sun.rmi.loader] RMI TCP Connection(11)-127.0.0.1: name = "java.rmi.dgc.VMID", codebase = "", defaultLoader = jdk.internal.loader.ClassLoaders$PlatformClassLoader@53242ab5
2026-05-17T01:31:19.660+0530 [DEBUG] [sun.rmi.loader] RMI TCP Connection(11)-127.0.0.1: name = "[B", codebase = "", defaultLoader = jdk.internal.loader.ClassLoaders$PlatformClassLoader@53242ab5
2026-05-17T01:31:19.660+0530 [DEBUG] [sun.rmi.loader] RMI TCP Connection(11)-127.0.0.1: name = "java.rmi.server.UID", codebase = "", defaultLoader = jdk.internal.loader.ClassLoaders$PlatformClassLoader@53242ab5
2026-05-17T01:31:27.239+0530 [DEBUG] [org.gradle.launcher.daemon.server.Daemon] Starting periodic daemon health check.
2026-05-17T01:31:27.241+0530 [DEBUG] [org.gradle.cache.internal.DefaultFileLockManager] Waiting to acquire shared lock on daemon addresses registry.
2026-05-17T01:31:27.241+0530 [DEBUG] [org.gradle.cache.internal.DefaultFileLockManager] Lock acquired on daemon addresses registry.
2026-05-17T01:31:27.241+0530 [DEBUG] [org.gradle.cache.internal.DefaultFileLockManager] Releasing lock on daemon addresses registry.
2026-05-17T01:31:27.243+0530 [DEBUG] [org.gradle.cache.internal.DefaultFileLockManager] Waiting to acquire shared lock on daemon addresses registry.
2026-05-17T01:31:27.243+0530 [DEBUG] [org.gradle.cache.internal.DefaultFileLockManager] Lock acquired on daemon addresses registry.
2026-05-17T01:31:27.243+0530 [DEBUG] [org.gradle.cache.internal.DefaultFileLockManager] Releasing lock on daemon addresses registry.
2026-05-17T01:31:27.244+0530 [DEBUG] [org.gradle.launcher.daemon.server.Daemon] Finished periodic daemon health check.
2026-05-17T01:31:34.668+0530 [DEBUG] [sun.rmi.transport.tcp] RMI TCP Connection(11)-127.0.0.1: (port 51336) connection closed
2026-05-17T01:31:34.669+0530 [DEBUG] [sun.rmi.transport.tcp] RMI TCP Connection(11)-127.0.0.1: close connection, socket: Socket[addr=/127.0.0.1,port=57863,localport=51336]
2026-05-17T01:31:34.669+0530 [DEBUG] [sun.rmi.transport.tcp] RMI TCP Connection(11)-127.0.0.1: socket close: Socket[addr=/127.0.0.1,port=57863,localport=51336]
2026-05-17T01:31:37.239+0530 [DEBUG] [org.gradle.launcher.daemon.server.Daemon] Starting periodic daemon health check.
2026-05-17T01:31:37.241+0530 [DEBUG] [org.gradle.cache.internal.DefaultFileLockManager] Waiting to acquire shared lock on daemon addresses registry.
2026-05-17T01:31:37.241+0530 [DEBUG] [org.gradle.cache.internal.DefaultFileLockManager] Lock acquired on daemon addresses registry.
2026-05-17T01:31:37.241+0530 [DEBUG] [org.gradle.cache.internal.DefaultFileLockManager] Releasing lock on daemon addresses registry.
2026-05-17T01:31:37.243+0530 [DEBUG] [org.gradle.cache.internal.DefaultFileLockManager] Waiting to acquire shared lock on daemon addresses registry.
2026-05-17T01:31:37.244+0530 [DEBUG] [org.gradle.cache.internal.DefaultFileLockManager] Lock acquired on daemon addresses registry.
2026-05-17T01:31:37.244+0530 [DEBUG] [org.gradle.cache.internal.DefaultFileLockManager] Releasing lock on daemon addresses registry.
2026-05-17T01:31:37.245+0530 [DEBUG] [org.gradle.launcher.daemon.server.Daemon] Finished periodic daemon health check.
2026-05-17T01:31:38.819+0530 [DEBUG] [sun.rmi.transport.tcp] RMI TCP Connection(12)-127.0.0.1: accepted socket from [127.0.0.1:58803]
2026-05-17T01:31:38.820+0530 [DEBUG] [sun.rmi.transport.tcp] RMI TCP Connection(12)-127.0.0.1: (port 51336) op = 80
2026-05-17T01:31:38.820+0530 [DEBUG] [sun.rmi.loader] RMI TCP Connection(12)-127.0.0.1: name = "[Ljava.rmi.server.ObjID;", codebase = "", defaultLoader = jdk.internal.loader.ClassLoaders$PlatformClassLoader@53242ab5
2026-05-17T01:31:38.820+0530 [DEBUG] [sun.rmi.loader] RMI TCP Connection(12)-127.0.0.1: name = "java.rmi.dgc.Lease", codebase = "", defaultLoader = jdk.internal.loader.ClassLoaders$PlatformClassLoader@53242ab5
2026-05-17T01:31:38.821+0530 [DEBUG] [sun.rmi.loader] RMI TCP Connection(12)-127.0.0.1: name = "java.rmi.dgc.VMID", codebase = "", defaultLoader = jdk.internal.loader.ClassLoaders$PlatformClassLoader@53242ab5
2026-05-17T01:31:38.821+0530 [DEBUG] [sun.rmi.loader] RMI TCP Connection(12)-127.0.0.1: name = "[B", codebase = "", defaultLoader = jdk.internal.loader.ClassLoaders$PlatformClassLoader@53242ab5
2026-05-17T01:31:38.821+0530 [DEBUG] [sun.rmi.loader] RMI TCP Connection(12)-127.0.0.1: name = "java.rmi.server.UID", codebase = "", defaultLoader = jdk.internal.loader.ClassLoaders$PlatformClassLoader@53242ab5
2026-05-17T01:31:47.243+0530 [DEBUG] [org.gradle.launcher.daemon.server.Daemon] Starting periodic daemon health check.
2026-05-17T01:31:47.244+0530 [DEBUG] [org.gradle.cache.internal.DefaultFileLockManager] Waiting to acquire shared lock on daemon addresses registry.
2026-05-17T01:31:47.245+0530 [DEBUG] [org.gradle.cache.internal.DefaultFileLockManager] Lock acquired on daemon addresses registry.
2026-05-17T01:31:47.245+0530 [DEBUG] [org.gradle.cache.internal.DefaultFileLockManager] Releasing lock on daemon addresses registry.
2026-05-17T01:31:47.246+0530 [DEBUG] [org.gradle.cache.internal.DefaultFileLockManager] Waiting to acquire shared lock on daemon addresses registry.
2026-05-17T01:31:47.247+0530 [DEBUG] [org.gradle.cache.internal.DefaultFileLockManager] Lock acquired on daemon addresses registry.
2026-05-17T01:31:47.247+0530 [DEBUG] [org.gradle.cache.internal.DefaultFileLockManager] Releasing lock on daemon addresses registry.
2026-05-17T01:31:47.247+0530 [DEBUG] [org.gradle.launcher.daemon.server.Daemon] Finished periodic daemon health check.
2026-05-17T01:31:53.823+0530 [DEBUG] [sun.rmi.transport.tcp] RMI TCP Connection(12)-127.0.0.1: (port 51336) connection closed
2026-05-17T01:31:53.823+0530 [DEBUG] [sun.rmi.transport.tcp] RMI TCP Connection(12)-127.0.0.1: close connection, socket: Socket[addr=/127.0.0.1,port=58803,localport=51336]
2026-05-17T01:31:53.824+0530 [DEBUG] [sun.rmi.transport.tcp] RMI TCP Connection(12)-127.0.0.1: socket close: Socket[addr=/127.0.0.1,port=58803,localport=51336]
2026-05-17T01:31:57.250+0530 [DEBUG] [org.gradle.launcher.daemon.server.Daemon] Starting periodic daemon health check.
2026-05-17T01:31:57.252+0530 [DEBUG] [org.gradle.cache.internal.DefaultFileLockManager] Waiting to acquire shared lock on daemon addresses registry.
2026-05-17T01:31:57.252+0530 [DEBUG] [org.gradle.cache.internal.DefaultFileLockManager] Lock acquired on daemon addresses registry.
2026-05-17T01:31:57.253+0530 [DEBUG] [org.gradle.cache.internal.DefaultFileLockManager] Releasing lock on daemon addresses registry.
2026-05-17T01:31:57.254+0530 [DEBUG] [org.gradle.cache.internal.DefaultFileLockManager] Waiting to acquire shared lock on daemon addresses registry.
2026-05-17T01:31:57.255+0530 [DEBUG] [org.gradle.cache.internal.DefaultFileLockManager] Lock acquired on daemon addresses registry.
2026-05-17T01:31:57.255+0530 [DEBUG] [org.gradle.cache.internal.DefaultFileLockManager] Releasing lock on daemon addresses registry.
2026-05-17T01:31:57.255+0530 [DEBUG] [org.gradle.launcher.daemon.server.Daemon] Finished periodic daemon health check.
2026-05-17T01:32:07.239+0530 [DEBUG] [org.gradle.launcher.daemon.server.Daemon] Starting periodic daemon health check.
2026-05-17T01:32:07.241+0530 [DEBUG] [org.gradle.cache.internal.DefaultFileLockManager] Waiting to acquire shared lock on daemon addresses registry.
2026-05-17T01:32:07.241+0530 [DEBUG] [org.gradle.cache.internal.DefaultFileLockManager] Lock acquired on daemon addresses registry.
2026-05-17T01:32:07.241+0530 [DEBUG] [org.gradle.cache.internal.DefaultFileLockManager] Releasing lock on daemon addresses registry.
2026-05-17T01:32:07.243+0530 [DEBUG] [org.gradle.cache.internal.DefaultFileLockManager] Waiting to acquire shared lock on daemon addresses registry.
2026-05-17T01:32:07.243+0530 [DEBUG] [org.gradle.cache.internal.DefaultFileLockManager] Lock acquired on daemon addresses registry.
2026-05-17T01:32:07.243+0530 [DEBUG] [org.gradle.cache.internal.DefaultFileLockManager] Releasing lock on daemon addresses registry.
2026-05-17T01:32:07.244+0530 [DEBUG] [org.gradle.launcher.daemon.server.Daemon] Finished periodic daemon health check.
2026-05-17T01:32:17.252+0530 [DEBUG] [org.gradle.launcher.daemon.server.Daemon] Starting periodic daemon health check.
2026-05-17T01:32:17.253+0530 [DEBUG] [org.gradle.cache.internal.DefaultFileLockManager] Waiting to acquire shared lock on daemon addresses registry.
2026-05-17T01:32:17.254+0530 [DEBUG] [org.gradle.cache.internal.DefaultFileLockManager] Lock acquired on daemon addresses registry.
2026-05-17T01:32:17.254+0530 [DEBUG] [org.gradle.cache.internal.DefaultFileLockManager] Releasing lock on daemon addresses registry.
2026-05-17T01:32:17.256+0530 [DEBUG] [org.gradle.cache.internal.DefaultFileLockManager] Waiting to acquire shared lock on daemon addresses registry.
2026-05-17T01:32:17.256+0530 [DEBUG] [org.gradle.cache.internal.DefaultFileLockManager] Lock acquired on daemon addresses registry.
2026-05-17T01:32:17.257+0530 [DEBUG] [org.gradle.cache.internal.DefaultFileLockManager] Releasing lock on daemon addresses registry.
2026-05-17T01:32:17.258+0530 [DEBUG] [org.gradle.launcher.daemon.server.Daemon] Finished periodic daemon health check.
2026-05-17T01:32:27.247+0530 [DEBUG] [org.gradle.launcher.daemon.server.Daemon] Starting periodic daemon health check.
2026-05-17T01:32:27.249+0530 [DEBUG] [org.gradle.cache.internal.DefaultFileLockManager] Waiting to acquire shared lock on daemon addresses registry.
2026-05-17T01:32:27.249+0530 [DEBUG] [org.gradle.cache.internal.DefaultFileLockManager] Lock acquired on daemon addresses registry.
2026-05-17T01:32:27.250+0530 [DEBUG] [org.gradle.cache.internal.DefaultFileLockManager] Releasing lock on daemon addresses registry.
2026-05-17T01:32:27.251+0530 [DEBUG] [org.gradle.cache.internal.DefaultFileLockManager] Waiting to acquire shared lock on daemon addresses registry.
2026-05-17T01:32:27.252+0530 [DEBUG] [org.gradle.cache.internal.DefaultFileLockManager] Lock acquired on daemon addresses registry.
2026-05-17T01:32:27.252+0530 [DEBUG] [org.gradle.cache.internal.DefaultFileLockManager] Releasing lock on daemon addresses registry.
2026-05-17T01:32:27.252+0530 [DEBUG] [org.gradle.launcher.daemon.server.Daemon] Finished periodic daemon health check.
2026-05-17T01:32:37.243+0530 [DEBUG] [org.gradle.launcher.daemon.server.Daemon] Starting periodic daemon health check.
2026-05-17T01:32:37.245+0530 [DEBUG] [org.gradle.cache.internal.DefaultFileLockManager] Waiting to acquire shared lock on daemon addresses registry.
2026-05-17T01:32:37.245+0530 [DEBUG] [org.gradle.cache.internal.DefaultFileLockManager] Lock acquired on daemon addresses registry.
2026-05-17T01:32:37.246+0530 [DEBUG] [org.gradle.cache.internal.DefaultFileLockManager] Releasing lock on daemon addresses registry.
2026-05-17T01:32:37.248+0530 [DEBUG] [org.gradle.cache.internal.DefaultFileLockManager] Waiting to acquire shared lock on daemon addresses registry.
2026-05-17T01:32:37.248+0530 [DEBUG] [org.gradle.cache.internal.DefaultFileLockManager] Lock acquired on daemon addresses registry.
2026-05-17T01:32:37.248+0530 [DEBUG] [org.gradle.cache.internal.DefaultFileLockManager] Releasing lock on daemon addresses registry.
2026-05-17T01:32:37.248+0530 [DEBUG] [org.gradle.launcher.daemon.server.Daemon] Finished periodic daemon health check.
2026-05-17T01:32:47.248+0530 [DEBUG] [org.gradle.launcher.daemon.server.Daemon] Starting periodic daemon health check.
2026-05-17T01:32:47.250+0530 [DEBUG] [org.gradle.cache.internal.DefaultFileLockManager] Waiting to acquire shared lock on daemon addresses registry.
2026-05-17T01:32:47.250+0530 [DEBUG] [org.gradle.cache.internal.DefaultFileLockManager] Lock acquired on daemon addresses registry.
2026-05-17T01:32:47.250+0530 [DEBUG] [org.gradle.cache.internal.DefaultFileLockManager] Releasing lock on daemon addresses registry.
2026-05-17T01:32:47.252+0530 [DEBUG] [org.gradle.cache.internal.DefaultFileLockManager] Waiting to acquire shared lock on daemon addresses registry.
2026-05-17T01:32:47.252+0530 [DEBUG] [org.gradle.cache.internal.DefaultFileLockManager] Lock acquired on daemon addresses registry.
2026-05-17T01:32:47.253+0530 [DEBUG] [org.gradle.cache.internal.DefaultFileLockManager] Releasing lock on daemon addresses registry.
2026-05-17T01:32:47.253+0530 [DEBUG] [org.gradle.launcher.daemon.server.Daemon] Finished periodic daemon health check.
2026-05-17T01:32:57.240+0530 [DEBUG] [org.gradle.launcher.daemon.server.Daemon] Starting periodic daemon health check.
2026-05-17T01:32:57.242+0530 [DEBUG] [org.gradle.cache.internal.DefaultFileLockManager] Waiting to acquire shared lock on daemon addresses registry.
2026-05-17T01:32:57.242+0530 [DEBUG] [org.gradle.cache.internal.DefaultFileLockManager] Lock acquired on daemon addresses registry.
2026-05-17T01:32:57.242+0530 [DEBUG] [org.gradle.cache.internal.DefaultFileLockManager] Releasing lock on daemon addresses registry.
2026-05-17T01:32:57.244+0530 [DEBUG] [org.gradle.cache.internal.DefaultFileLockManager] Waiting to acquire shared lock on daemon addresses registry.
2026-05-17T01:32:57.244+0530 [DEBUG] [org.gradle.cache.internal.DefaultFileLockManager] Lock acquired on daemon addresses registry.
2026-05-17T01:32:57.245+0530 [DEBUG] [org.gradle.cache.internal.DefaultFileLockManager] Releasing lock on daemon addresses registry.
2026-05-17T01:32:57.245+0530 [DEBUG] [org.gradle.launcher.daemon.server.Daemon] Finished periodic daemon health check.
2026-05-17T01:33:07.249+0530 [DEBUG] [org.gradle.launcher.daemon.server.Daemon] Starting periodic daemon health check.
2026-05-17T01:33:07.251+0530 [DEBUG] [org.gradle.cache.internal.DefaultFileLockManager] Waiting to acquire shared lock on daemon addresses registry.
2026-05-17T01:33:07.251+0530 [DEBUG] [org.gradle.cache.internal.DefaultFileLockManager] Lock acquired on daemon addresses registry.
2026-05-17T01:33:07.252+0530 [DEBUG] [org.gradle.cache.internal.DefaultFileLockManager] Releasing lock on daemon addresses registry.
2026-05-17T01:33:07.253+0530 [DEBUG] [org.gradle.cache.internal.DefaultFileLockManager] Waiting to acquire shared lock on daemon addresses registry.
2026-05-17T01:33:07.253+0530 [DEBUG] [org.gradle.cache.internal.DefaultFileLockManager] Lock acquired on daemon addresses registry.
2026-05-17T01:33:07.254+0530 [DEBUG] [org.gradle.cache.internal.DefaultFileLockManager] Releasing lock on daemon addresses registry.
2026-05-17T01:33:07.254+0530 [DEBUG] [org.gradle.launcher.daemon.server.Daemon] Finished periodic daemon health check.
2026-05-17T01:33:17.247+0530 [DEBUG] [org.gradle.launcher.daemon.server.Daemon] Starting periodic daemon health check.
2026-05-17T01:33:17.249+0530 [DEBUG] [org.gradle.cache.internal.DefaultFileLockManager] Waiting to acquire shared lock on daemon addresses registry.
2026-05-17T01:33:17.249+0530 [DEBUG] [org.gradle.cache.internal.DefaultFileLockManager] Lock acquired on daemon addresses registry.
2026-05-17T01:33:17.250+0530 [DEBUG] [org.gradle.cache.internal.DefaultFileLockManager] Releasing lock on daemon addresses registry.
2026-05-17T01:33:17.251+0530 [DEBUG] [org.gradle.cache.internal.DefaultFileLockManager] Waiting to acquire shared lock on daemon addresses registry.
2026-05-17T01:33:17.251+0530 [DEBUG] [org.gradle.cache.internal.DefaultFileLockManager] Lock acquired on daemon addresses registry.
2026-05-17T01:33:17.252+0530 [DEBUG] [org.gradle.cache.internal.DefaultFileLockManager] Releasing lock on daemon addresses registry.
2026-05-17T01:33:17.252+0530 [DEBUG] [org.gradle.launcher.daemon.server.Daemon] Finished periodic daemon health check.
2026-05-17T01:33:27.239+0530 [DEBUG] [org.gradle.launcher.daemon.server.Daemon] Starting periodic daemon health check.
2026-05-17T01:33:27.241+0530 [DEBUG] [org.gradle.cache.internal.DefaultFileLockManager] Waiting to acquire shared lock on daemon addresses registry.
2026-05-17T01:33:27.241+0530 [DEBUG] [org.gradle.cache.internal.DefaultFileLockManager] Lock acquired on daemon addresses registry.
2026-05-17T01:33:27.242+0530 [DEBUG] [org.gradle.cache.internal.DefaultFileLockManager] Releasing lock on daemon addresses registry.
2026-05-17T01:33:27.243+0530 [DEBUG] [org.gradle.cache.internal.DefaultFileLockManager] Waiting to acquire shared lock on daemon addresses registry.
2026-05-17T01:33:27.243+0530 [DEBUG] [org.gradle.cache.internal.DefaultFileLockManager] Lock acquired on daemon addresses registry.
2026-05-17T01:33:27.244+0530 [DEBUG] [org.gradle.cache.internal.DefaultFileLockManager] Releasing lock on daemon addresses registry.
2026-05-17T01:33:27.244+0530 [DEBUG] [org.gradle.launcher.daemon.server.Daemon] Finished periodic daemon health check.
2026-05-17T01:33:37.249+0530 [DEBUG] [org.gradle.launcher.daemon.server.Daemon] Starting periodic daemon health check.
2026-05-17T01:33:37.251+0530 [DEBUG] [org.gradle.cache.internal.DefaultFileLockManager] Waiting to acquire shared lock on daemon addresses registry.
2026-05-17T01:33:37.252+0530 [DEBUG] [org.gradle.cache.internal.DefaultFileLockManager] Lock acquired on daemon addresses registry.
2026-05-17T01:33:37.252+0530 [DEBUG] [org.gradle.cache.internal.DefaultFileLockManager] Releasing lock on daemon addresses registry.
2026-05-17T01:33:37.254+0530 [DEBUG] [org.gradle.cache.internal.DefaultFileLockManager] Waiting to acquire shared lock on daemon addresses registry.
2026-05-17T01:33:37.254+0530 [DEBUG] [org.gradle.cache.internal.DefaultFileLockManager] Lock acquired on daemon addresses registry.
2026-05-17T01:33:37.270+0530 [DEBUG] [org.gradle.cache.internal.DefaultFileLockManager] Releasing lock on daemon addresses registry.
2026-05-17T01:33:37.271+0530 [DEBUG] [org.gradle.launcher.daemon.server.Daemon] Finished periodic daemon health check.
2026-05-17T01:33:47.237+0530 [DEBUG] [org.gradle.launcher.daemon.server.Daemon] Starting periodic daemon health check.
2026-05-17T01:33:47.240+0530 [DEBUG] [org.gradle.cache.internal.DefaultFileLockManager] Waiting to acquire shared lock on daemon addresses registry.
2026-05-17T01:33:47.240+0530 [DEBUG] [org.gradle.cache.internal.DefaultFileLockManager] Lock acquired on daemon addresses registry.
2026-05-17T01:33:47.240+0530 [DEBUG] [org.gradle.cache.internal.DefaultFileLockManager] Releasing lock on daemon addresses registry.
2026-05-17T01:33:47.243+0530 [DEBUG] [org.gradle.cache.internal.DefaultFileLockManager] Waiting to acquire shared lock on daemon addresses registry.
2026-05-17T01:33:47.243+0530 [DEBUG] [org.gradle.cache.internal.DefaultFileLockManager] Lock acquired on daemon addresses registry.
2026-05-17T01:33:47.243+0530 [DEBUG] [org.gradle.cache.internal.DefaultFileLockManager] Releasing lock on daemon addresses registry.
2026-05-17T01:33:47.244+0530 [DEBUG] [org.gradle.launcher.daemon.server.Daemon] Finished periodic daemon health check.
2026-05-17T01:33:57.241+0530 [DEBUG] [org.gradle.launcher.daemon.server.Daemon] Starting periodic daemon health check.
2026-05-17T01:33:57.243+0530 [DEBUG] [org.gradle.cache.internal.DefaultFileLockManager] Waiting to acquire shared lock on daemon addresses registry.
2026-05-17T01:33:57.243+0530 [DEBUG] [org.gradle.cache.internal.DefaultFileLockManager] Lock acquired on daemon addresses registry.
2026-05-17T01:33:57.243+0530 [DEBUG] [org.gradle.cache.internal.DefaultFileLockManager] Releasing lock on daemon addresses registry.
2026-05-17T01:33:57.245+0530 [DEBUG] [org.gradle.cache.internal.DefaultFileLockManager] Waiting to acquire shared lock on daemon addresses registry.
2026-05-17T01:33:57.245+0530 [DEBUG] [org.gradle.cache.internal.DefaultFileLockManager] Lock acquired on daemon addresses registry.
2026-05-17T01:33:57.245+0530 [DEBUG] [org.gradle.cache.internal.DefaultFileLockManager] Releasing lock on daemon addresses registry.
2026-05-17T01:33:57.263+0530 [DEBUG] [org.gradle.launcher.daemon.server.Daemon] Finished periodic daemon health check.
2026-05-17T01:34:07.250+0530 [DEBUG] [org.gradle.launcher.daemon.server.Daemon] Starting periodic daemon health check.
2026-05-17T01:34:07.252+0530 [DEBUG] [org.gradle.cache.internal.DefaultFileLockManager] Waiting to acquire shared lock on daemon addresses registry.
2026-05-17T01:34:07.253+0530 [DEBUG] [org.gradle.cache.internal.DefaultFileLockManager] Lock acquired on daemon addresses registry.
2026-05-17T01:34:07.253+0530 [DEBUG] [org.gradle.cache.internal.DefaultFileLockManager] Releasing lock on daemon addresses registry.
2026-05-17T01:34:07.255+0530 [DEBUG] [org.gradle.cache.internal.DefaultFileLockManager] Waiting to acquire shared lock on daemon addresses registry.
2026-05-17T01:34:07.255+0530 [DEBUG] [org.gradle.cache.internal.DefaultFileLockManager] Lock acquired on daemon addresses registry.
2026-05-17T01:34:07.255+0530 [DEBUG] [org.gradle.cache.internal.DefaultFileLockManager] Releasing lock on daemon addresses registry.
2026-05-17T01:34:07.255+0530 [DEBUG] [org.gradle.launcher.daemon.server.Daemon] Finished periodic daemon health check.
2026-05-17T01:34:17.238+0530 [DEBUG] [org.gradle.launcher.daemon.server.Daemon] Starting periodic daemon health check.
2026-05-17T01:34:17.241+0530 [DEBUG] [org.gradle.cache.internal.DefaultFileLockManager] Waiting to acquire shared lock on daemon addresses registry.
2026-05-17T01:34:17.241+0530 [DEBUG] [org.gradle.cache.internal.DefaultFileLockManager] Lock acquired on daemon addresses registry.
2026-05-17T01:34:17.241+0530 [DEBUG] [org.gradle.cache.internal.DefaultFileLockManager] Releasing lock on daemon addresses registry.
2026-05-17T01:34:17.261+0530 [DEBUG] [org.gradle.cache.internal.DefaultFileLockManager] Waiting to acquire shared lock on daemon addresses registry.
2026-05-17T01:34:17.261+0530 [DEBUG] [org.gradle.cache.internal.DefaultFileLockManager] Lock acquired on daemon addresses registry.
2026-05-17T01:34:17.261+0530 [DEBUG] [org.gradle.cache.internal.DefaultFileLockManager] Releasing lock on daemon addresses registry.
2026-05-17T01:34:17.262+0530 [DEBUG] [org.gradle.launcher.daemon.server.Daemon] Finished periodic daemon health check.
2026-05-17T01:34:27.251+0530 [DEBUG] [org.gradle.launcher.daemon.server.Daemon] Starting periodic daemon health check.
2026-05-17T01:34:27.253+0530 [DEBUG] [org.gradle.cache.internal.DefaultFileLockManager] Waiting to acquire shared lock on daemon addresses registry.
2026-05-17T01:34:27.253+0530 [DEBUG] [org.gradle.cache.internal.DefaultFileLockManager] Lock acquired on daemon addresses registry.
2026-05-17T01:34:27.253+0530 [DEBUG] [org.gradle.cache.internal.DefaultFileLockManager] Releasing lock on daemon addresses registry.
2026-05-17T01:34:27.255+0530 [DEBUG] [org.gradle.cache.internal.DefaultFileLockManager] Waiting to acquire shared lock on daemon addresses registry.
2026-05-17T01:34:27.255+0530 [DEBUG] [org.gradle.cache.internal.DefaultFileLockManager] Lock acquired on daemon addresses registry.
2026-05-17T01:34:27.255+0530 [DEBUG] [org.gradle.cache.internal.DefaultFileLockManager] Releasing lock on daemon addresses registry.
2026-05-17T01:34:27.256+0530 [DEBUG] [org.gradle.launcher.daemon.server.Daemon] Finished periodic daemon health check.
2026-05-17T01:34:37.238+0530 [DEBUG] [org.gradle.launcher.daemon.server.Daemon] Starting periodic daemon health check.
2026-05-17T01:34:37.240+0530 [DEBUG] [org.gradle.cache.internal.DefaultFileLockManager] Waiting to acquire shared lock on daemon addresses registry.
2026-05-17T01:34:37.241+0530 [DEBUG] [org.gradle.cache.internal.DefaultFileLockManager] Lock acquired on daemon addresses registry.
2026-05-17T01:34:37.241+0530 [DEBUG] [org.gradle.cache.internal.DefaultFileLockManager] Releasing lock on daemon addresses registry.
2026-05-17T01:34:37.243+0530 [DEBUG] [org.gradle.cache.internal.DefaultFileLockManager] Waiting to acquire shared lock on daemon addresses registry.
2026-05-17T01:34:37.243+0530 [DEBUG] [org.gradle.cache.internal.DefaultFileLockManager] Lock acquired on daemon addresses registry.
2026-05-17T01:34:37.243+0530 [DEBUG] [org.gradle.cache.internal.DefaultFileLockManager] Releasing lock on daemon addresses registry.
2026-05-17T01:34:37.244+0530 [DEBUG] [org.gradle.launcher.daemon.server.Daemon] Finished periodic daemon health check.
2026-05-17T01:34:47.241+0530 [DEBUG] [org.gradle.launcher.daemon.server.Daemon] Starting periodic daemon health check.
2026-05-17T01:34:47.243+0530 [DEBUG] [org.gradle.cache.internal.DefaultFileLockManager] Waiting to acquire shared lock on daemon addresses registry.
2026-05-17T01:34:47.243+0530 [DEBUG] [org.gradle.cache.internal.DefaultFileLockManager] Lock acquired on daemon addresses registry.
2026-05-17T01:34:47.244+0530 [DEBUG] [org.gradle.cache.internal.DefaultFileLockManager] Releasing lock on daemon addresses registry.
2026-05-17T01:34:47.245+0530 [DEBUG] [org.gradle.cache.internal.DefaultFileLockManager] Waiting to acquire shared lock on daemon addresses registry.
2026-05-17T01:34:47.245+0530 [DEBUG] [org.gradle.cache.internal.DefaultFileLockManager] Lock acquired on daemon addresses registry.
2026-05-17T01:34:47.245+0530 [DEBUG] [org.gradle.cache.internal.DefaultFileLockManager] Releasing lock on daemon addresses registry.
2026-05-17T01:34:47.246+0530 [DEBUG] [org.gradle.launcher.daemon.server.Daemon] Finished periodic daemon health check.
2026-05-17T01:34:57.242+0530 [DEBUG] [org.gradle.launcher.daemon.server.Daemon] Starting periodic daemon health check.
2026-05-17T01:34:57.244+0530 [DEBUG] [org.gradle.cache.internal.DefaultFileLockManager] Waiting to acquire shared lock on daemon addresses registry.
2026-05-17T01:34:57.244+0530 [DEBUG] [org.gradle.cache.internal.DefaultFileLockManager] Lock acquired on daemon addresses registry.
2026-05-17T01:34:57.244+0530 [DEBUG] [org.gradle.cache.internal.DefaultFileLockManager] Releasing lock on daemon addresses registry.
2026-05-17T01:34:57.246+0530 [DEBUG] [org.gradle.cache.internal.DefaultFileLockManager] Waiting to acquire shared lock on daemon addresses registry.
2026-05-17T01:34:57.246+0530 [DEBUG] [org.gradle.cache.internal.DefaultFileLockManager] Lock acquired on daemon addresses registry.
2026-05-17T01:34:57.246+0530 [DEBUG] [org.gradle.cache.internal.DefaultFileLockManager] Releasing lock on daemon addresses registry.
2026-05-17T01:34:57.246+0530 [DEBUG] [org.gradle.launcher.daemon.server.Daemon] Finished periodic daemon health check.
2026-05-17T01:35:07.248+0530 [DEBUG] [org.gradle.launcher.daemon.server.Daemon] Starting periodic daemon health check.
2026-05-17T01:35:07.250+0530 [DEBUG] [org.gradle.cache.internal.DefaultFileLockManager] Waiting to acquire shared lock on daemon addresses registry.
2026-05-17T01:35:07.250+0530 [DEBUG] [org.gradle.cache.internal.DefaultFileLockManager] Lock acquired on daemon addresses registry.
2026-05-17T01:35:07.251+0530 [DEBUG] [org.gradle.cache.internal.DefaultFileLockManager] Releasing lock on daemon addresses registry.
2026-05-17T01:35:07.253+0530 [DEBUG] [org.gradle.cache.internal.DefaultFileLockManager] Waiting to acquire shared lock on daemon addresses registry.
2026-05-17T01:35:07.253+0530 [DEBUG] [org.gradle.cache.internal.DefaultFileLockManager] Lock acquired on daemon addresses registry.
2026-05-17T01:35:07.254+0530 [DEBUG] [org.gradle.cache.internal.DefaultFileLockManager] Releasing lock on daemon addresses registry.
2026-05-17T01:35:07.254+0530 [DEBUG] [org.gradle.launcher.daemon.server.Daemon] Finished periodic daemon health check.
2026-05-17T01:35:17.249+0530 [DEBUG] [org.gradle.launcher.daemon.server.Daemon] Starting periodic daemon health check.
2026-05-17T01:35:17.251+0530 [DEBUG] [org.gradle.cache.internal.DefaultFileLockManager] Waiting to acquire shared lock on daemon addresses registry.
2026-05-17T01:35:17.252+0530 [DEBUG] [org.gradle.cache.internal.DefaultFileLockManager] Lock acquired on daemon addresses registry.
2026-05-17T01:35:17.253+0530 [DEBUG] [org.gradle.cache.internal.DefaultFileLockManager] Releasing lock on daemon addresses registry.
2026-05-17T01:35:17.256+0530 [DEBUG] [org.gradle.cache.internal.DefaultFileLockManager] Waiting to acquire shared lock on daemon addresses registry.
2026-05-17T01:35:17.256+0530 [DEBUG] [org.gradle.cache.internal.DefaultFileLockManager] Lock acquired on daemon addresses registry.
2026-05-17T01:35:17.257+0530 [DEBUG] [org.gradle.cache.internal.DefaultFileLockManager] Releasing lock on daemon addresses registry.
2026-05-17T01:35:17.278+0530 [DEBUG] [org.gradle.launcher.daemon.server.Daemon] Finished periodic daemon health check.
2026-05-17T01:35:27.251+0530 [DEBUG] [org.gradle.launcher.daemon.server.Daemon] Starting periodic daemon health check.
2026-05-17T01:35:27.253+0530 [DEBUG] [org.gradle.cache.internal.DefaultFileLockManager] Waiting to acquire shared lock on daemon addresses registry.
2026-05-17T01:35:27.253+0530 [DEBUG] [org.gradle.cache.internal.DefaultFileLockManager] Lock acquired on daemon addresses registry.
2026-05-17T01:35:27.254+0530 [DEBUG] [org.gradle.cache.internal.DefaultFileLockManager] Releasing lock on daemon addresses registry.
2026-05-17T01:35:27.256+0530 [DEBUG] [org.gradle.cache.internal.DefaultFileLockManager] Waiting to acquire shared lock on daemon addresses registry.
2026-05-17T01:35:27.256+0530 [DEBUG] [org.gradle.cache.internal.DefaultFileLockManager] Lock acquired on daemon addresses registry.
2026-05-17T01:35:27.256+0530 [DEBUG] [org.gradle.cache.internal.DefaultFileLockManager] Releasing lock on daemon addresses registry.
2026-05-17T01:35:27.257+0530 [DEBUG] [org.gradle.launcher.daemon.server.Daemon] Finished periodic daemon health check.
2026-05-17T01:35:37.244+0530 [DEBUG] [org.gradle.launcher.daemon.server.Daemon] Starting periodic daemon health check.
2026-05-17T01:35:37.246+0530 [DEBUG] [org.gradle.cache.internal.DefaultFileLockManager] Waiting to acquire shared lock on daemon addresses registry.
2026-05-17T01:35:37.247+0530 [DEBUG] [org.gradle.cache.internal.DefaultFileLockManager] Lock acquired on daemon addresses registry.
2026-05-17T01:35:37.247+0530 [DEBUG] [org.gradle.cache.internal.DefaultFileLockManager] Releasing lock on daemon addresses registry.
2026-05-17T01:35:37.249+0530 [DEBUG] [org.gradle.cache.internal.DefaultFileLockManager] Waiting to acquire shared lock on daemon addresses registry.
2026-05-17T01:35:37.249+0530 [DEBUG] [org.gradle.cache.internal.DefaultFileLockManager] Lock acquired on daemon addresses registry.
2026-05-17T01:35:37.249+0530 [DEBUG] [org.gradle.cache.internal.DefaultFileLockManager] Releasing lock on daemon addresses registry.
2026-05-17T01:35:37.250+0530 [DEBUG] [org.gradle.launcher.daemon.server.Daemon] Finished periodic daemon health check.
2026-05-17T01:35:47.245+0530 [DEBUG] [org.gradle.launcher.daemon.server.Daemon] Starting periodic daemon health check.
2026-05-17T01:35:47.247+0530 [DEBUG] [org.gradle.cache.internal.DefaultFileLockManager] Waiting to acquire shared lock on daemon addresses registry.
2026-05-17T01:35:47.248+0530 [DEBUG] [org.gradle.cache.internal.DefaultFileLockManager] Lock acquired on daemon addresses registry.
2026-05-17T01:35:47.248+0530 [DEBUG] [org.gradle.cache.internal.DefaultFileLockManager] Releasing lock on daemon addresses registry.
2026-05-17T01:35:47.250+0530 [DEBUG] [org.gradle.cache.internal.DefaultFileLockManager] Waiting to acquire shared lock on daemon addresses registry.
2026-05-17T01:35:47.250+0530 [DEBUG] [org.gradle.cache.internal.DefaultFileLockManager] Lock acquired on daemon addresses registry.
2026-05-17T01:35:47.250+0530 [DEBUG] [org.gradle.cache.internal.DefaultFileLockManager] Releasing lock on daemon addresses registry.
2026-05-17T01:35:47.251+0530 [DEBUG] [org.gradle.launcher.daemon.server.Daemon] Finished periodic daemon health check.
2026-05-17T01:35:57.239+0530 [DEBUG] [org.gradle.launcher.daemon.server.Daemon] Starting periodic daemon health check.
2026-05-17T01:35:57.242+0530 [DEBUG] [org.gradle.cache.internal.DefaultFileLockManager] Waiting to acquire shared lock on daemon addresses registry.
2026-05-17T01:35:57.242+0530 [DEBUG] [org.gradle.cache.internal.DefaultFileLockManager] Lock acquired on daemon addresses registry.
2026-05-17T01:35:57.242+0530 [DEBUG] [org.gradle.cache.internal.DefaultFileLockManager] Releasing lock on daemon addresses registry.
2026-05-17T01:35:57.244+0530 [DEBUG] [org.gradle.cache.internal.DefaultFileLockManager] Waiting to acquire shared lock on daemon addresses registry.
2026-05-17T01:35:57.244+0530 [DEBUG] [org.gradle.cache.internal.DefaultFileLockManager] Lock acquired on daemon addresses registry.
2026-05-17T01:35:57.244+0530 [DEBUG] [org.gradle.cache.internal.DefaultFileLockManager] Releasing lock on daemon addresses registry.
2026-05-17T01:35:57.245+0530 [DEBUG] [org.gradle.launcher.daemon.server.Daemon] Finished periodic daemon health check.
2026-05-17T01:36:07.238+0530 [DEBUG] [org.gradle.launcher.daemon.server.Daemon] Starting periodic daemon health check.
2026-05-17T01:36:07.257+0530 [DEBUG] [org.gradle.cache.internal.DefaultFileLockManager] Waiting to acquire shared lock on daemon addresses registry.
2026-05-17T01:36:07.257+0530 [DEBUG] [org.gradle.cache.internal.DefaultFileLockManager] Lock acquired on daemon addresses registry.
2026-05-17T01:36:07.257+0530 [DEBUG] [org.gradle.cache.internal.DefaultFileLockManager] Releasing lock on daemon addresses registry.
2026-05-17T01:36:07.258+0530 [DEBUG] [org.gradle.cache.internal.DefaultFileLockManager] Waiting to acquire shared lock on daemon addresses registry.
2026-05-17T01:36:07.258+0530 [DEBUG] [org.gradle.cache.internal.DefaultFileLockManager] Lock acquired on daemon addresses registry.
2026-05-17T01:36:07.259+0530 [DEBUG] [org.gradle.cache.internal.DefaultFileLockManager] Releasing lock on daemon addresses registry.
2026-05-17T01:36:07.259+0530 [DEBUG] [org.gradle.launcher.daemon.server.Daemon] Finished periodic daemon health check.
2026-05-17T01:36:17.246+0530 [DEBUG] [org.gradle.launcher.daemon.server.Daemon] Starting periodic daemon health check.
2026-05-17T01:36:17.248+0530 [DEBUG] [org.gradle.cache.internal.DefaultFileLockManager] Waiting to acquire shared lock on daemon addresses registry.
2026-05-17T01:36:17.249+0530 [DEBUG] [org.gradle.cache.internal.DefaultFileLockManager] Lock acquired on daemon addresses registry.
2026-05-17T01:36:17.249+0530 [DEBUG] [org.gradle.cache.internal.DefaultFileLockManager] Releasing lock on daemon addresses registry.
2026-05-17T01:36:17.250+0530 [DEBUG] [org.gradle.cache.internal.DefaultFileLockManager] Waiting to acquire shared lock on daemon addresses registry.
2026-05-17T01:36:17.251+0530 [DEBUG] [org.gradle.cache.internal.DefaultFileLockManager] Lock acquired on daemon addresses registry.
2026-05-17T01:36:17.268+0530 [DEBUG] [org.gradle.cache.internal.DefaultFileLockManager] Releasing lock on daemon addresses registry.
2026-05-17T01:36:17.268+0530 [DEBUG] [org.gradle.launcher.daemon.server.Daemon] Finished periodic daemon health check.
2026-05-17T01:36:19.647+0530 [DEBUG] [sun.rmi.transport.tcp] RMI TCP Connection(13)-127.0.0.1: accepted socket from [127.0.0.1:50527]
2026-05-17T01:36:19.648+0530 [DEBUG] [sun.rmi.transport.tcp] RMI TCP Connection(13)-127.0.0.1: (port 51336) op = 80
2026-05-17T01:36:19.648+0530 [DEBUG] [sun.rmi.loader] RMI TCP Connection(13)-127.0.0.1: name = "[Ljava.rmi.server.ObjID;", codebase = "", defaultLoader = jdk.internal.loader.ClassLoaders$PlatformClassLoader@53242ab5
2026-05-17T01:36:19.648+0530 [DEBUG] [sun.rmi.loader] RMI TCP Connection(13)-127.0.0.1: name = "java.rmi.dgc.Lease", codebase = "", defaultLoader = jdk.internal.loader.ClassLoaders$PlatformClassLoader@53242ab5
2026-05-17T01:36:19.648+0530 [DEBUG] [sun.rmi.loader] RMI TCP Connection(13)-127.0.0.1: name = "java.rmi.dgc.VMID", codebase = "", defaultLoader = jdk.internal.loader.ClassLoaders$PlatformClassLoader@53242ab5
2026-05-17T01:36:19.648+0530 [DEBUG] [sun.rmi.loader] RMI TCP Connection(13)-127.0.0.1: name = "[B", codebase = "", defaultLoader = jdk.internal.loader.ClassLoaders$PlatformClassLoader@53242ab5
2026-05-17T01:36:19.648+0530 [DEBUG] [sun.rmi.loader] RMI TCP Connection(13)-127.0.0.1: name = "java.rmi.server.UID", codebase = "", defaultLoader = jdk.internal.loader.ClassLoaders$PlatformClassLoader@53242ab5
2026-05-17T01:36:27.249+0530 [DEBUG] [org.gradle.launcher.daemon.server.Daemon] Starting periodic daemon health check.
2026-05-17T01:36:27.251+0530 [DEBUG] [org.gradle.cache.internal.DefaultFileLockManager] Waiting to acquire shared lock on daemon addresses registry.
2026-05-17T01:36:27.252+0530 [DEBUG] [org.gradle.cache.internal.DefaultFileLockManager] Lock acquired on daemon addresses registry.
2026-05-17T01:36:27.252+0530 [DEBUG] [org.gradle.cache.internal.DefaultFileLockManager] Releasing lock on daemon addresses registry.
2026-05-17T01:36:27.254+0530 [DEBUG] [org.gradle.cache.internal.DefaultFileLockManager] Waiting to acquire shared lock on daemon addresses registry.
2026-05-17T01:36:27.254+0530 [DEBUG] [org.gradle.cache.internal.DefaultFileLockManager] Lock acquired on daemon addresses registry.
2026-05-17T01:36:27.254+0530 [DEBUG] [org.gradle.cache.internal.DefaultFileLockManager] Releasing lock on daemon addresses registry.
2026-05-17T01:36:27.255+0530 [DEBUG] [org.gradle.launcher.daemon.server.Daemon] Finished periodic daemon health check.
2026-05-17T01:36:34.663+0530 [DEBUG] [sun.rmi.transport.tcp] RMI TCP Connection(13)-127.0.0.1: (port 51336) connection closed
2026-05-17T01:36:34.663+0530 [DEBUG] [sun.rmi.transport.tcp] RMI TCP Connection(13)-127.0.0.1: close connection, socket: Socket[addr=/127.0.0.1,port=50527,localport=51336]
2026-05-17T01:36:34.663+0530 [DEBUG] [sun.rmi.transport.tcp] RMI TCP Connection(13)-127.0.0.1: socket close: Socket[addr=/127.0.0.1,port=50527,localport=51336]
2026-05-17T01:36:37.245+0530 [DEBUG] [org.gradle.launcher.daemon.server.Daemon] Starting periodic daemon health check.
2026-05-17T01:36:37.248+0530 [DEBUG] [org.gradle.cache.internal.DefaultFileLockManager] Waiting to acquire shared lock on daemon addresses registry.
2026-05-17T01:36:37.248+0530 [DEBUG] [org.gradle.cache.internal.DefaultFileLockManager] Lock acquired on daemon addresses registry.
2026-05-17T01:36:37.248+0530 [DEBUG] [org.gradle.cache.internal.DefaultFileLockManager] Releasing lock on daemon addresses registry.
2026-05-17T01:36:37.249+0530 [DEBUG] [org.gradle.cache.internal.DefaultFileLockManager] Waiting to acquire shared lock on daemon addresses registry.
2026-05-17T01:36:37.250+0530 [DEBUG] [org.gradle.cache.internal.DefaultFileLockManager] Lock acquired on daemon addresses registry.
2026-05-17T01:36:37.250+0530 [DEBUG] [org.gradle.cache.internal.DefaultFileLockManager] Releasing lock on daemon addresses registry.
2026-05-17T01:36:37.250+0530 [DEBUG] [org.gradle.launcher.daemon.server.Daemon] Finished periodic daemon health check.
2026-05-17T01:36:38.827+0530 [DEBUG] [sun.rmi.transport.tcp] RMI TCP Connection(14)-127.0.0.1: accepted socket from [127.0.0.1:53336]
2026-05-17T01:36:38.828+0530 [DEBUG] [sun.rmi.transport.tcp] RMI TCP Connection(14)-127.0.0.1: (port 51336) op = 80
2026-05-17T01:36:38.828+0530 [DEBUG] [sun.rmi.loader] RMI TCP Connection(14)-127.0.0.1: name = "[Ljava.rmi.server.ObjID;", codebase = "", defaultLoader = jdk.internal.loader.ClassLoaders$PlatformClassLoader@53242ab5
2026-05-17T01:36:38.828+0530 [DEBUG] [sun.rmi.loader] RMI TCP Connection(14)-127.0.0.1: name = "java.rmi.dgc.Lease", codebase = "", defaultLoader = jdk.internal.loader.ClassLoaders$PlatformClassLoader@53242ab5
2026-05-17T01:36:38.828+0530 [DEBUG] [sun.rmi.loader] RMI TCP Connection(14)-127.0.0.1: name = "java.rmi.dgc.VMID", codebase = "", defaultLoader = jdk.internal.loader.ClassLoaders$PlatformClassLoader@53242ab5
2026-05-17T01:36:38.828+0530 [DEBUG] [sun.rmi.loader] RMI TCP Connection(14)-127.0.0.1: name = "[B", codebase = "", defaultLoader = jdk.internal.loader.ClassLoaders$PlatformClassLoader@53242ab5
2026-05-17T01:36:38.828+0530 [DEBUG] [sun.rmi.loader] RMI TCP Connection(14)-127.0.0.1: name = "java.rmi.server.UID", codebase = "", defaultLoader = jdk.internal.loader.ClassLoaders$PlatformClassLoader@53242ab5
2026-05-17T01:36:47.245+0530 [DEBUG] [org.gradle.launcher.daemon.server.Daemon] Starting periodic daemon health check.
2026-05-17T01:36:47.247+0530 [DEBUG] [org.gradle.cache.internal.DefaultFileLockManager] Waiting to acquire shared lock on daemon addresses registry.
2026-05-17T01:36:47.247+0530 [DEBUG] [org.gradle.cache.internal.DefaultFileLockManager] Lock acquired on daemon addresses registry.
2026-05-17T01:36:47.248+0530 [DEBUG] [org.gradle.cache.internal.DefaultFileLockManager] Releasing lock on daemon addresses registry.
2026-05-17T01:36:47.249+0530 [DEBUG] [org.gradle.cache.internal.DefaultFileLockManager] Waiting to acquire shared lock on daemon addresses registry.
2026-05-17T01:36:47.249+0530 [DEBUG] [org.gradle.cache.internal.DefaultFileLockManager] Lock acquired on daemon addresses registry.
2026-05-17T01:36:47.249+0530 [DEBUG] [org.gradle.cache.internal.DefaultFileLockManager] Releasing lock on daemon addresses registry.
2026-05-17T01:36:47.249+0530 [DEBUG] [org.gradle.launcher.daemon.server.Daemon] Finished periodic daemon health check.
2026-05-17T01:36:53.830+0530 [DEBUG] [sun.rmi.transport.tcp] RMI TCP Connection(14)-127.0.0.1: (port 51336) connection closed
2026-05-17T01:36:53.831+0530 [DEBUG] [sun.rmi.transport.tcp] RMI TCP Connection(14)-127.0.0.1: close connection, socket: Socket[addr=/127.0.0.1,port=53336,localport=51336]
2026-05-17T01:36:53.831+0530 [DEBUG] [sun.rmi.transport.tcp] RMI TCP Connection(14)-127.0.0.1: socket close: Socket[addr=/127.0.0.1,port=53336,localport=51336]
2026-05-17T01:36:57.241+0530 [DEBUG] [org.gradle.launcher.daemon.server.Daemon] Starting periodic daemon health check.
2026-05-17T01:36:57.243+0530 [DEBUG] [org.gradle.cache.internal.DefaultFileLockManager] Waiting to acquire shared lock on daemon addresses registry.
2026-05-17T01:36:57.243+0530 [DEBUG] [org.gradle.cache.internal.DefaultFileLockManager] Lock acquired on daemon addresses registry.
2026-05-17T01:36:57.243+0530 [DEBUG] [org.gradle.cache.internal.DefaultFileLockManager] Releasing lock on daemon addresses registry.
2026-05-17T01:36:57.245+0530 [DEBUG] [org.gradle.cache.internal.DefaultFileLockManager] Waiting to acquire shared lock on daemon addresses registry.
2026-05-17T01:36:57.245+0530 [DEBUG] [org.gradle.cache.internal.DefaultFileLockManager] Lock acquired on daemon addresses registry.
2026-05-17T01:36:57.245+0530 [DEBUG] [org.gradle.cache.internal.DefaultFileLockManager] Releasing lock on daemon addresses registry.
2026-05-17T01:36:57.245+0530 [DEBUG] [org.gradle.launcher.daemon.server.Daemon] Finished periodic daemon health check.
2026-05-17T01:37:07.251+0530 [DEBUG] [org.gradle.launcher.daemon.server.Daemon] Starting periodic daemon health check.
2026-05-17T01:37:07.253+0530 [DEBUG] [org.gradle.cache.internal.DefaultFileLockManager] Waiting to acquire shared lock on daemon addresses registry.
2026-05-17T01:37:07.253+0530 [DEBUG] [org.gradle.cache.internal.DefaultFileLockManager] Lock acquired on daemon addresses registry.
2026-05-17T01:37:07.253+0530 [DEBUG] [org.gradle.cache.internal.DefaultFileLockManager] Releasing lock on daemon addresses registry.
2026-05-17T01:37:07.255+0530 [DEBUG] [org.gradle.cache.internal.DefaultFileLockManager] Waiting to acquire shared lock on daemon addresses registry.
2026-05-17T01:37:07.255+0530 [DEBUG] [org.gradle.cache.internal.DefaultFileLockManager] Lock acquired on daemon addresses registry.
2026-05-17T01:37:07.255+0530 [DEBUG] [org.gradle.cache.internal.DefaultFileLockManager] Releasing lock on daemon addresses registry.
2026-05-17T01:37:07.255+0530 [DEBUG] [org.gradle.launcher.daemon.server.Daemon] Finished periodic daemon health check.
2026-05-17T01:37:17.243+0530 [DEBUG] [org.gradle.launcher.daemon.server.Daemon] Starting periodic daemon health check.
2026-05-17T01:37:17.245+0530 [DEBUG] [org.gradle.cache.internal.DefaultFileLockManager] Waiting to acquire shared lock on daemon addresses registry.
2026-05-17T01:37:17.245+0530 [DEBUG] [org.gradle.cache.internal.DefaultFileLockManager] Lock acquired on daemon addresses registry.
2026-05-17T01:37:17.245+0530 [DEBUG] [org.gradle.cache.internal.DefaultFileLockManager] Releasing lock on daemon addresses registry.
2026-05-17T01:37:17.247+0530 [DEBUG] [org.gradle.cache.internal.DefaultFileLockManager] Waiting to acquire shared lock on daemon addresses registry.
2026-05-17T01:37:17.247+0530 [DEBUG] [org.gradle.cache.internal.DefaultFileLockManager] Lock acquired on daemon addresses registry.
2026-05-17T01:37:17.247+0530 [DEBUG] [org.gradle.cache.internal.DefaultFileLockManager] Releasing lock on daemon addresses registry.
2026-05-17T01:37:17.248+0530 [DEBUG] [org.gradle.launcher.daemon.server.Daemon] Finished periodic daemon health check.
2026-05-17T01:37:27.242+0530 [DEBUG] [org.gradle.launcher.daemon.server.Daemon] Starting periodic daemon health check.
2026-05-17T01:37:27.243+0530 [DEBUG] [org.gradle.cache.internal.DefaultFileLockManager] Waiting to acquire shared lock on daemon addresses registry.
2026-05-17T01:37:27.244+0530 [DEBUG] [org.gradle.cache.internal.DefaultFileLockManager] Lock acquired on daemon addresses registry.
2026-05-17T01:37:27.244+0530 [DEBUG] [org.gradle.cache.internal.DefaultFileLockManager] Releasing lock on daemon addresses registry.
2026-05-17T01:37:27.245+0530 [DEBUG] [org.gradle.cache.internal.DefaultFileLockManager] Waiting to acquire shared lock on daemon addresses registry.
2026-05-17T01:37:27.245+0530 [DEBUG] [org.gradle.cache.internal.DefaultFileLockManager] Lock acquired on daemon addresses registry.
2026-05-17T01:37:27.246+0530 [DEBUG] [org.gradle.cache.internal.DefaultFileLockManager] Releasing lock on daemon addresses registry.
2026-05-17T01:37:27.246+0530 [DEBUG] [org.gradle.launcher.daemon.server.Daemon] Finished periodic daemon health check.
2026-05-17T01:37:37.244+0530 [DEBUG] [org.gradle.launcher.daemon.server.Daemon] Starting periodic daemon health check.
2026-05-17T01:37:37.246+0530 [DEBUG] [org.gradle.cache.internal.DefaultFileLockManager] Waiting to acquire shared lock on daemon addresses registry.
2026-05-17T01:37:37.246+0530 [DEBUG] [org.gradle.cache.internal.DefaultFileLockManager] Lock acquired on daemon addresses registry.
2026-05-17T01:37:37.247+0530 [DEBUG] [org.gradle.cache.internal.DefaultFileLockManager] Releasing lock on daemon addresses registry.
2026-05-17T01:37:37.248+0530 [DEBUG] [org.gradle.cache.internal.DefaultFileLockManager] Waiting to acquire shared lock on daemon addresses registry.
2026-05-17T01:37:37.248+0530 [DEBUG] [org.gradle.cache.internal.DefaultFileLockManager] Lock acquired on daemon addresses registry.
2026-05-17T01:37:37.249+0530 [DEBUG] [org.gradle.cache.internal.DefaultFileLockManager] Releasing lock on daemon addresses registry.
2026-05-17T01:37:37.249+0530 [DEBUG] [org.gradle.launcher.daemon.server.Daemon] Finished periodic daemon health check.
2026-05-17T01:37:47.253+0530 [DEBUG] [org.gradle.launcher.daemon.server.Daemon] Starting periodic daemon health check.
2026-05-17T01:37:47.254+0530 [DEBUG] [org.gradle.cache.internal.DefaultFileLockManager] Waiting to acquire shared lock on daemon addresses registry.
2026-05-17T01:37:47.254+0530 [DEBUG] [org.gradle.cache.internal.DefaultFileLockManager] Lock acquired on daemon addresses registry.
2026-05-17T01:37:47.255+0530 [DEBUG] [org.gradle.cache.internal.DefaultFileLockManager] Releasing lock on daemon addresses registry.
2026-05-17T01:37:47.256+0530 [DEBUG] [org.gradle.cache.internal.DefaultFileLockManager] Waiting to acquire shared lock on daemon addresses registry.
2026-05-17T01:37:47.256+0530 [DEBUG] [org.gradle.cache.internal.DefaultFileLockManager] Lock acquired on daemon addresses registry.
2026-05-17T01:37:47.256+0530 [DEBUG] [org.gradle.cache.internal.DefaultFileLockManager] Releasing lock on daemon addresses registry.
2026-05-17T01:37:47.256+0530 [DEBUG] [org.gradle.launcher.daemon.server.Daemon] Finished periodic daemon health check.
2026-05-17T01:37:56.878+0530 [DEBUG] [org.gradle.internal.remote.internal.inet.TcpIncomingConnector] Accepted connection from /127.0.0.1:49771 to /127.0.0.1:58339.
2026-05-17T01:37:56.888+0530 [DEBUG] [org.gradle.launcher.daemon.server.SynchronizedDispatchConnection] thread 626: received class org.gradle.launcher.daemon.protocol.StopWhenIdle
2026-05-17T01:37:56.888+0530 [DEBUG] [org.gradle.launcher.daemon.server.DefaultDaemonConnection] thread 626: Received non-IO message from client: StopWhenIdle[id=cc56629e-fa93-4bd2-a174-fa904412ad8f]
2026-05-17T01:37:56.888+0530 [INFO] [org.gradle.launcher.daemon.server.DefaultIncomingConnectionHandler] Received command: StopWhenIdle[id=cc56629e-fa93-4bd2-a174-fa904412ad8f].
2026-05-17T01:37:56.888+0530 [DEBUG] [org.gradle.launcher.daemon.server.DefaultIncomingConnectionHandler] Starting executing command: StopWhenIdle[id=cc56629e-fa93-4bd2-a174-fa904412ad8f] with connection: socket connection from /127.0.0.1:58339 to /127.0.0.1:49771.
2026-05-17T01:37:56.889+0530 [DEBUG] [org.gradle.launcher.daemon.server.DaemonRegistryUpdater] Storing daemon stop event: stop command received
2026-05-17T01:37:56.890+0530 [DEBUG] [org.gradle.launcher.daemon.registry.PersistentDaemonRegistry] Storing daemon stop event with timestamp 1778962076890
2026-05-17T01:37:56.897+0530 [DEBUG] [org.gradle.cache.internal.DefaultFileLockManager] Waiting to acquire exclusive lock on daemon addresses registry.
2026-05-17T01:37:56.897+0530 [DEBUG] [org.gradle.cache.internal.DefaultFileLockManager] Lock acquired on daemon addresses registry.
2026-05-17T01:37:56.899+0530 [DEBUG] [org.gradle.cache.internal.DefaultFileLockManager] Releasing lock on daemon addresses registry.
2026-05-17T01:37:56.899+0530 [LIFECYCLE] [org.gradle.launcher.daemon.server.DaemonStateCoordinator] Daemon will be stopped at the end of the build stop command received
2026-05-17T01:37:56.899+0530 [DEBUG] [org.gradle.launcher.daemon.server.DaemonStateCoordinator] Marking daemon stopped due to stop command received. The daemon is not running a build
2026-05-17T01:37:56.899+0530 [DEBUG] [org.gradle.launcher.daemon.server.SynchronizedDispatchConnection] thread 625: dispatching Success[value=null]
2026-05-17T01:37:56.899+0530 [DEBUG] [org.gradle.launcher.daemon.server.DaemonStateCoordinator] daemon has stopped.
2026-05-17T01:37:56.900+0530 [DEBUG] [org.gradle.launcher.daemon.server.DefaultIncomingConnectionHandler] Finishing executing command: StopWhenIdle[id=cc56629e-fa93-4bd2-a174-fa904412ad8f]
2026-05-17T01:37:56.900+0530 [DEBUG] [org.gradle.launcher.daemon.server.SynchronizedDispatchConnection] thread 626: received class org.gradle.launcher.daemon.protocol.Finished
2026-05-17T01:37:56.900+0530 [DEBUG] [org.gradle.launcher.daemon.server.DefaultDaemonConnection] thread 626: Received non-IO message from client: org.gradle.launcher.daemon.protocol.Finished@4563cd6c
2026-05-17T01:37:56.900+0530 [DEBUG] [org.gradle.launcher.daemon.server.DefaultIncomingConnectionHandler] Received finished message: org.gradle.launcher.daemon.protocol.Finished@4563cd6c
2026-05-17T01:37:56.900+0530 [DEBUG] [org.gradle.launcher.daemon.server.SynchronizedDispatchConnection] thread 625: stopping connection
2026-05-17T01:37:56.900+0530 [DEBUG] [org.gradle.internal.remote.internal.inet.SocketConnection] Discarding EOFException: java.io.EOFException
2026-05-17T01:37:56.900+0530 [DEBUG] [org.gradle.launcher.daemon.server.SynchronizedDispatchConnection] thread 626: received null
2026-05-17T01:37:56.900+0530 [DEBUG] [org.gradle.launcher.daemon.server.DefaultDaemonConnection] thread 626: Received end-of-input from client.
2026-05-17T01:37:56.900+0530 [DEBUG] [org.gradle.launcher.daemon.server.SynchronizedDispatchConnection] thread 625: stopping connection
2026-05-17T01:37:56.911+0530 [DEBUG] [org.gradle.launcher.daemon.server.Daemon] stop() called on daemon
2026-05-17T01:37:56.927+0530 [INFO] [org.gradle.launcher.daemon.server.Daemon] Stop requested. Daemon is removing its presence from the registry...
2026-05-17T01:37:56.928+0530 [DEBUG] [org.gradle.launcher.daemon.server.DaemonRegistryUpdater] Removing our presence to clients, eg. removing this address from the registry: [bf9560a8-3386-41da-9b73-86f9d79e54da port:58339, addresses:[localhost/127.0.0.1]]
2026-05-17T01:37:56.929+0530 [DEBUG] [org.gradle.launcher.daemon.registry.PersistentDaemonRegistry] Removing daemon address: [bf9560a8-3386-41da-9b73-86f9d79e54da port:58339, addresses:[localhost/127.0.0.1]]
2026-05-17T01:37:56.934+0530 [DEBUG] [org.gradle.cache.internal.DefaultFileLockManager] Waiting to acquire exclusive lock on daemon addresses registry.
2026-05-17T01:37:56.935+0530 [DEBUG] [org.gradle.cache.internal.DefaultFileLockManager] Lock acquired on daemon addresses registry.
2026-05-17T01:37:56.937+0530 [DEBUG] [org.gradle.cache.internal.DefaultFileLockManager] Releasing lock on daemon addresses registry.
2026-05-17T01:37:56.937+0530 [DEBUG] [org.gradle.launcher.daemon.server.DaemonRegistryUpdater] Address removed from registry.
2026-05-17T01:37:57.026+0530 [DEBUG] [org.gradle.cache.internal.LockOnDemandCrossProcessCacheAccess] Releasing file lock for jars (C:\Users\HP\OneDrive\Desktop\Rajesh folder\caches\jars-9)
2026-05-17T01:37:57.026+0530 [DEBUG] [org.gradle.cache.internal.DefaultFileLockManager] Releasing lock on jars (C:\Users\HP\OneDrive\Desktop\Rajesh folder\caches\jars-9).
2026-05-17T01:37:57.027+0530 [DEBUG] [org.gradle.cache.internal.DefaultCacheCleanupExecutor] jars (C:\Users\HP\OneDrive\Desktop\Rajesh folder\caches\jars-9) has last been fully cleaned up 8 hours ago
2026-05-17T01:37:57.027+0530 [DEBUG] [org.gradle.cache.internal.DefaultCacheCleanupExecutor] Skipping cleanup for jars (C:\Users\HP\OneDrive\Desktop\Rajesh folder\caches\jars-9) as it is not yet due
2026-05-17T01:37:57.028+0530 [DEBUG] [org.gradle.cache.internal.LockOnDemandCrossProcessCacheAccess] Releasing file lock for file content cache (C:\Users\HP\OneDrive\Desktop\Rajesh folder\caches\9.4.1\fileContent)
2026-05-17T01:37:57.028+0530 [DEBUG] [org.gradle.cache.internal.btree.BTreePersistentIndexedCache] Closing cache annotation-processors.bin (C:\Users\HP\OneDrive\Desktop\Rajesh folder\caches\9.4.1\fileContent\annotation-processors.bin)
2026-05-17T01:37:57.029+0530 [DEBUG] [org.gradle.cache.internal.DefaultFileLockManager] Releasing lock on file content cache (C:\Users\HP\OneDrive\Desktop\Rajesh folder\caches\9.4.1\fileContent).
2026-05-17T01:37:57.030+0530 [DEBUG] [org.gradle.internal.watch.vfs.impl.WatchingVirtualFileSystem] Closing VFS, dropping state
2026-05-17T01:37:57.038+0530 [DEBUG] [org.gradle.internal.watch.registry.impl.DefaultFileWatcherRegistry] Finished listening to file system change events
2026-05-17T01:37:57.038+0530 [DEBUG] [org.gradle.cache.internal.LockOnDemandCrossProcessCacheAccess] Releasing file lock for Generated Gradle JARs cache (C:\Users\HP\OneDrive\Desktop\Rajesh folder\caches\9.4.1\generated-gradle-jars)
2026-05-17T01:37:57.038+0530 [DEBUG] [org.gradle.cache.internal.DefaultFileLockManager] Releasing lock on Generated Gradle JARs cache (C:\Users\HP\OneDrive\Desktop\Rajesh folder\caches\9.4.1\generated-gradle-jars).
2026-05-17T01:37:57.039+0530 [DEBUG] [org.gradle.cache.internal.LockOnDemandCrossProcessCacheAccess] Releasing file lock for artifact cache (C:\Users\HP\OneDrive\Desktop\Rajesh folder\caches\modules-2)
2026-05-17T01:37:57.039+0530 [DEBUG] [org.gradle.cache.internal.btree.BTreePersistentIndexedCache] Closing cache module-artifact.bin (C:\Users\HP\OneDrive\Desktop\Rajesh folder\caches\modules-2\metadata-2.107\module-artifact.bin)
2026-05-17T01:37:57.039+0530 [DEBUG] [org.gradle.cache.internal.btree.BTreePersistentIndexedCache] Closing cache module-metadata.bin (C:\Users\HP\OneDrive\Desktop\Rajesh folder\caches\modules-2\metadata-2.107\module-metadata.bin)
2026-05-17T01:37:57.039+0530 [DEBUG] [org.gradle.cache.internal.btree.BTreePersistentIndexedCache] Closing cache resource-at-url.bin (C:\Users\HP\OneDrive\Desktop\Rajesh folder\caches\modules-2\metadata-2.107\resource-at-url.bin)
2026-05-17T01:37:57.039+0530 [DEBUG] [org.gradle.cache.internal.btree.BTreePersistentIndexedCache] Closing cache module-artifacts.bin (C:\Users\HP\OneDrive\Desktop\Rajesh folder\caches\modules-2\metadata-2.107\module-artifacts.bin)
2026-05-17T01:37:57.040+0530 [DEBUG] [org.gradle.cache.internal.DefaultFileLockManager] Releasing lock on artifact cache (C:\Users\HP\OneDrive\Desktop\Rajesh folder\caches\modules-2).
2026-05-17T01:37:57.040+0530 [DEBUG] [org.gradle.cache.internal.DefaultCacheCleanupExecutor] artifact cache (C:\Users\HP\OneDrive\Desktop\Rajesh folder\caches\modules-2) has last been fully cleaned up 8 hours ago
2026-05-17T01:37:57.040+0530 [DEBUG] [org.gradle.cache.internal.DefaultCacheCleanupExecutor] Skipping cleanup for artifact cache (C:\Users\HP\OneDrive\Desktop\Rajesh folder\caches\modules-2) as it is not yet due
2026-05-17T01:37:57.041+0530 [DEBUG] [org.gradle.cache.internal.DefaultCacheCleanupExecutor] groovy-dsl has last been fully cleaned up 7 hours ago
2026-05-17T01:37:57.041+0530 [DEBUG] [org.gradle.cache.internal.DefaultCacheCleanupExecutor] Skipping cleanup for groovy-dsl as it is not yet due
2026-05-17T01:37:57.042+0530 [DEBUG] [org.gradle.cache.internal.DefaultCacheCleanupExecutor] Artifact transforms cache has last been fully cleaned up 7 hours ago
2026-05-17T01:37:57.042+0530 [DEBUG] [org.gradle.cache.internal.DefaultCacheCleanupExecutor] Skipping cleanup for Artifact transforms cache as it is not yet due
2026-05-17T01:37:57.043+0530 [DEBUG] [org.gradle.cache.internal.DefaultCacheCleanupExecutor] kotlin-dsl/accessors has last been fully cleaned up 7 hours ago
2026-05-17T01:37:57.043+0530 [DEBUG] [org.gradle.cache.internal.DefaultCacheCleanupExecutor] Skipping cleanup for kotlin-dsl/accessors as it is not yet due
2026-05-17T01:37:57.051+0530 [DEBUG] [org.gradle.cache.internal.DefaultCacheCleanupExecutor] kotlin-dsl/scripts has last been fully cleaned up 7 hours ago
2026-05-17T01:37:57.051+0530 [DEBUG] [org.gradle.cache.internal.DefaultCacheCleanupExecutor] Skipping cleanup for kotlin-dsl/scripts as it is not yet due
2026-05-17T01:37:57.051+0530 [DEBUG] [org.gradle.cache.internal.LockOnDemandCrossProcessCacheAccess] Releasing file lock for journal cache (C:\Users\HP\OneDrive\Desktop\Rajesh folder\caches\journal-1)
2026-05-17T01:37:57.051+0530 [DEBUG] [org.gradle.cache.internal.btree.BTreePersistentIndexedCache] Closing cache file-access.bin (C:\Users\HP\OneDrive\Desktop\Rajesh folder\caches\journal-1\file-access.bin)
2026-05-17T01:37:57.052+0530 [DEBUG] [org.gradle.cache.internal.DefaultFileLockManager] Releasing lock on journal cache (C:\Users\HP\OneDrive\Desktop\Rajesh folder\caches\journal-1).
2026-05-17T01:37:57.053+0530 [DEBUG] [org.gradle.cache.internal.LockOnDemandCrossProcessCacheAccess] Releasing file lock for file hash cache (C:\Users\HP\OneDrive\Desktop\Rajesh folder\caches\9.4.1\fileHashes)
2026-05-17T01:37:57.053+0530 [DEBUG] [org.gradle.cache.internal.btree.BTreePersistentIndexedCache] Closing cache kotlinDslCompileAvoidanceClasspathHashCache.bin (C:\Users\HP\OneDrive\Desktop\Rajesh folder\caches\9.4.1\fileHashes\kotlinDslCompileAvoidanceClasspathHashCache.bin)
2026-05-17T01:37:57.053+0530 [DEBUG] [org.gradle.cache.internal.btree.BTreePersistentIndexedCache] Closing cache fileHashes.bin (C:\Users\HP\OneDrive\Desktop\Rajesh folder\caches\9.4.1\fileHashes\fileHashes.bin)
2026-05-17T01:37:57.066+0530 [DEBUG] [org.gradle.cache.internal.btree.BTreePersistentIndexedCache] Closing cache KotlinMetadataCompatibilityCache.bin (C:\Users\HP\OneDrive\Desktop\Rajesh folder\caches\9.4.1\fileHashes\KotlinMetadataCompatibilityCache.bin)
2026-05-17T01:37:57.067+0530 [DEBUG] [org.gradle.cache.internal.btree.BTreePersistentIndexedCache] Closing cache resourceHashesCache.bin (C:\Users\HP\OneDrive\Desktop\Rajesh folder\caches\9.4.1\fileHashes\resourceHashesCache.bin)
2026-05-17T01:37:57.067+0530 [DEBUG] [org.gradle.cache.internal.DefaultFileLockManager] Releasing lock on file hash cache (C:\Users\HP\OneDrive\Desktop\Rajesh folder\caches\9.4.1\fileHashes).
2026-05-17T01:37:57.073+0530 [DEBUG] [org.gradle.cache.internal.LockOnDemandCrossProcessCacheAccess] Releasing file lock for Java compile cache (C:\Users\HP\OneDrive\Desktop\Rajesh folder\caches\9.4.1\javaCompile)
2026-05-17T01:37:57.073+0530 [DEBUG] [org.gradle.cache.internal.btree.BTreePersistentIndexedCache] Closing cache jarAnalysis.bin (C:\Users\HP\OneDrive\Desktop\Rajesh folder\caches\9.4.1\javaCompile\jarAnalysis.bin)
2026-05-17T01:37:57.073+0530 [DEBUG] [org.gradle.cache.internal.btree.BTreePersistentIndexedCache] Closing cache classAnalysis.bin (C:\Users\HP\OneDrive\Desktop\Rajesh folder\caches\9.4.1\javaCompile\classAnalysis.bin)
2026-05-17T01:37:57.074+0530 [DEBUG] [org.gradle.cache.internal.DefaultFileLockManager] Releasing lock on Java compile cache (C:\Users\HP\OneDrive\Desktop\Rajesh folder\caches\9.4.1\javaCompile).
2026-05-17T01:37:57.078+0530 [DEBUG] [org.gradle.internal.operations.DefaultBuildOperationRunner] Build operation 'Deleting unused version-specific caches in C:\Users\HP\OneDrive\Desktop\Rajesh folder\caches' started
2026-05-17T01:37:57.079+0530 [DEBUG] [org.gradle.internal.operations.DefaultBuildOperationRunner] Completing Build operation 'Deleting unused version-specific caches in C:\Users\HP\OneDrive\Desktop\Rajesh folder\caches'
2026-05-17T01:37:57.079+0530 [DEBUG] [org.gradle.internal.operations.DefaultBuildOperationRunner] Build operation 'Deleting unused version-specific caches in C:\Users\HP\OneDrive\Desktop\Rajesh folder\caches' completed
2026-05-17T01:37:57.079+0530 [DEBUG] [org.gradle.launcher.daemon.server.Daemon] stop() called on daemon
2026-05-17T01:37:57.079+0530 [INFO] [org.gradle.launcher.daemon.server.Daemon] Stop requested. Daemon is removing its presence from the registry...
2026-05-17T01:37:57.079+0530 [DEBUG] [org.gradle.launcher.daemon.server.DaemonRegistryUpdater] Removing our presence to clients, eg. removing this address from the registry: [bf9560a8-3386-41da-9b73-86f9d79e54da port:58339, addresses:[localhost/127.0.0.1]]
2026-05-17T01:37:57.079+0530 [DEBUG] [org.gradle.launcher.daemon.registry.PersistentDaemonRegistry] Removing daemon address: [bf9560a8-3386-41da-9b73-86f9d79e54da port:58339, addresses:[localhost/127.0.0.1]]
2026-05-17T01:37:57.080+0530 [DEBUG] [org.gradle.cache.internal.DefaultFileLockManager] Waiting to acquire exclusive lock on daemon addresses registry.
2026-05-17T01:37:57.081+0530 [DEBUG] [org.gradle.cache.internal.DefaultFileLockManager] Lock acquired on daemon addresses registry.
2026-05-17T01:37:57.082+0530 [DEBUG] [org.gradle.cache.internal.DefaultFileLockManager] Releasing lock on daemon addresses registry.
2026-05-17T01:37:57.082+0530 [DEBUG] [org.gradle.launcher.daemon.server.DaemonRegistryUpdater] Address removed from registry.
2026-05-17T01:37:57.085+0530 [DEBUG] [org.gradle.cache.internal.locklistener.DefaultFileLockContentionHandler] File lock listener thread completed.
2026-05-17T01:37:57.090+0530 [DEBUG] [java.lang.Runtime] Runtime.exit() called with status: 0
java.lang.Throwable: Runtime.exit(0)
	at java.base/java.lang.Shutdown.logRuntimeExit(Unknown Source)
	at java.base/java.lang.Shutdown.exit(Unknown Source)
	at java.base/java.lang.Runtime.exit(Unknown Source)
	at java.base/java.lang.System.exit(Unknown Source)
	at org.gradle.launcher.bootstrap.ProcessCompleter.complete(ProcessCompleter.java:21)
	at org.gradle.launcher.bootstrap.EntryPoint.run(EntryPoint.java:62)
	at java.base/jdk.internal.reflect.DirectMethodHandleAccessor.invoke(Unknown Source)
	at java.base/java.lang.reflect.Method.invoke(Unknown Source)
	at org.gradle.launcher.bootstrap.ProcessBootstrap.runNoExit(ProcessBootstrap.java:72)
	at org.gradle.launcher.bootstrap.ProcessBootstrap.run(ProcessBootstrap.java:39)
	at org.gradle.launcher.daemon.bootstrap.GradleDaemon.main(GradleDaemon.java:22)
Daemon vm is shutting down... The daemon has exited normally or was terminated in response to a user interrupt.
2026-05-17T01:37:57.094+0530 [DEBUG] [org.gradle.launcher.daemon.registry.PersistentDaemonRegistry] Removing daemon address: [bf9560a8-3386-41da-9b73-86f9d79e54da port:58339, addresses:[localhost/127.0.0.1]]
2026-05-17T01:37:57.096+0530 [DEBUG] [org.gradle.launcher.daemon.server.Daemon] VM shutdown hook was unable to remove the daemon address from the registry. It will be cleaned up later.
java.lang.IllegalStateException: Cannot start managing file contention because this handler has been closed.
	at org.gradle.cache.internal.locklistener.DefaultFileLockContentionHandler.assertNotStopped(DefaultFileLockContentionHandler.java:267)
	at org.gradle.cache.internal.locklistener.DefaultFileLockContentionHandler.reservePort(DefaultFileLockContentionHandler.java:312)
	at org.gradle.cache.internal.DefaultFileLockManager.lock(DefaultFileLockManager.java:127)
	at org.gradle.cache.internal.DefaultFileLockManager.lock(DefaultFileLockManager.java:109)
	at org.gradle.cache.internal.DefaultFileLockManager.lock(DefaultFileLockManager.java:104)
	at org.gradle.cache.internal.OnDemandFileAccess.updateFile(OnDemandFileAccess.java:51)
	at org.gradle.cache.internal.FileBackedObjectHolder.update(FileBackedObjectHolder.java:77)
	at org.gradle.cache.internal.FileIntegrityViolationSuppressingObjectHolderDecorator.lambda$update$0(FileIntegrityViolationSuppressingObjectHolderDecorator.java:48)
	at org.gradle.cache.internal.FileIntegrityViolationSuppressingObjectHolderDecorator.doUpdate(FileIntegrityViolationSuppressingObjectHolderDecorator.java:58)
	at org.gradle.cache.internal.FileIntegrityViolationSuppressingObjectHolderDecorator.update(FileIntegrityViolationSuppressingObjectHolderDecorator.java:48)
	at org.gradle.launcher.daemon.registry.PersistentDaemonRegistry.remove(PersistentDaemonRegistry.java:133)
	at org.gradle.launcher.daemon.server.Daemon$1.run(Daemon.java:133)
	at java.base/java.lang.Thread.run(Unknown Source)
